customer_id,cluster_id,segment_label,rfm_score,umap_x,umap_y,is_high_value
12347.0,0,Champions,0.3932,-5.4859,7.4921,True
12348.0,4,Lost,0.3072,-1.083,5.5753,False
12349.0,0,Champions,0.3601,-4.1185,6.1879,True
12350.0,1,Loyal Customers,0.1789,17.4298,9.4899,True
12351.0,1,Loyal Customers,0.152,14.5358,-2.0866,True
12352.0,0,Champions,0.3466,-6.9906,4.2853,True
12353.0,4,Lost,0.2254,11.9547,6.548,False
12354.0,4,Lost,0.2207,16.8781,10.4573,False
12355.0,4,Lost,0.2287,10.8502,6.5792,False
12356.0,0,Champions,0.3898,-5.3706,7.6287,True
12357.0,3,New Customers,0.5396,-7.9759,13.1739,False
12358.0,0,Champions,0.3621,-3.811,5.7684,True
12359.0,3,New Customers,0.4201,-7.0294,10.9058,False
12360.0,0,Champions,0.3542,-5.1598,6.2118,True
12361.0,1,Loyal Customers,0.1981,3.1753,5.1243,True
12362.0,0,Champions,0.3965,-6.3637,7.6298,True
12363.0,4,Lost,0.2656,11.7744,7.9605,False
12364.0,4,Lost,0.3223,0.3826,8.9069,False
12365.0,1,Loyal Customers,0.1932,11.0166,5.7746,True
12366.0,1,Loyal Customers,0.0494,8.1033,-6.2047,True
12367.0,4,Lost,0.301,16.3519,16.7788,False
12368.0,1,Loyal Customers,0.0575,8.0045,-5.9142,True
12369.0,1,Loyal Customers,0.1617,5.3482,2.0918,True
12370.0,0,Champions,0.353,-4.7376,6.2679,True
12371.0,0,Champions,0.3471,-3.9098,5.9155,True
12372.0,4,Lost,0.2936,6.8095,8.6948,False
12373.0,1,Loyal Customers,0.1942,5.7995,6.3646,True
12374.0,4,Lost,0.3381,-2.5581,5.4538,False
12375.0,4,Lost,0.3046,12.503,10.2611,False
12376.0,1,Loyal Customers,0.1511,7.5735,0.4206,True
12377.0,0,Champions,0.2262,-1.8648,4.2071,True
12378.0,0,Champions,0.3234,-4.4167,6.5564,True
12379.0,4,Lost,0.2964,0.1396,8.0961,False
12380.0,3,New Customers,0.4473,-7.2433,11.1237,False
12381.0,4,Lost,0.3332,-0.7484,5.9838,False
12383.0,4,Lost,0.2601,-0.9072,4.9327,False
12384.0,4,Lost,0.299,11.8513,9.8467,False
12385.0,1,Loyal Customers,0.1726,5.5514,1.7493,True
12386.0,1,Loyal Customers,0.1744,10.882,5.6211,True
12387.0,1,Loyal Customers,0.1336,14.9831,-3.7246,True
12388.0,0,Champions,0.3641,-4.9784,5.5756,True
12389.0,1,Loyal Customers,0.1609,5.2937,2.3946,True
12390.0,4,Lost,0.2753,16.3735,13.8392,False
12391.0,0,Champions,0.3414,-3.1496,4.1613,True
12392.0,1,Loyal Customers,0.0633,9.3261,-6.7199,True
12393.0,4,Lost,0.316,-2.5076,2.9596,False
12394.0,4,Lost,0.2941,9.8816,8.7725,False
12395.0,0,Champions,0.396,-7.7537,7.9194,True
12396.0,1,Loyal Customers,0.039,7.7834,-5.8594,True
12397.0,4,Lost,0.3209,8.4142,8.6846,False
12398.0,4,Lost,0.3038,8.8402,8.6989,False
12399.0,4,Lost,0.2934,-4.9163,2.5518,False
12400.0,1,Loyal Customers,0.1349,14.9089,-3.5107,True
12401.0,1,Loyal Customers,0.1783,18.002,8.8839,True
12402.0,4,Lost,0.1985,0.0385,2.9075,False
12403.0,4,Lost,0.2963,10.4664,8.8401,False
12404.0,1,Loyal Customers,0.024,6.7465,-7.721,True
12405.0,4,Lost,0.263,8.7186,8.6412,False
12406.0,0,Champions,0.3879,-5.3438,7.5972,True
12407.0,4,Lost,0.3131,-0.4874,5.7258,False
12408.0,0,Champions,0.3631,-5.1607,6.3,True
12409.0,2,At Risk,0.6004,-8.2294,13.5343,False
12410.0,1,Loyal Customers,0.1934,5.712,6.3353,True
12411.0,1,Loyal Customers,0.1384,13.8293,-2.8373,True
12412.0,4,Lost,0.3175,-2.6445,3.2893,False
12413.0,4,Lost,0.2941,1.2732,8.3873,False
12414.0,4,Lost,0.2375,-0.7186,2.1698,False
12416.0,1,Loyal Customers,0.036,7.549,-7.3516,True
12417.0,3,New Customers,0.4386,-8.314,9.5782,False
12418.0,4,Lost,0.2892,-1.0865,5.0264,False
12419.0,1,Loyal Customers,0.1527,7.5298,0.4234,True
12420.0,4,Lost,0.2825,16.003,14.0348,False
12421.0,4,Lost,0.3211,-2.7806,0.3467,False
12422.0,0,Champions,0.3719,-8.0785,8.2539,True
12423.0,0,Champions,0.3578,-7.0982,4.0995,True
12424.0,0,Champions,0.2868,-2.7715,5.248,True
12425.0,4,Lost,0.2947,8.8984,8.7483,False
12426.0,4,Lost,0.2418,6.6432,7.3698,False
12427.0,4,Lost,0.3117,6.864,9.9077,False
12428.0,0,Champions,0.4174,-6.7626,10.8432,True
12429.0,0,Champions,0.4155,-6.6968,10.7955,True
12430.0,4,Lost,0.2864,16.66,15.3772,False
12431.0,3,New Customers,0.4973,-8.5947,11.6946,False
12432.0,0,Champions,0.3613,-4.5566,6.5956,True
12433.0,2,At Risk,0.6011,-8.1435,13.4093,False
12434.0,4,Lost,0.2857,6.3583,8.9969,False
12435.0,3,New Customers,0.4689,-7.3676,12.083,False
12436.0,4,Lost,0.2666,16.6237,13.6575,False
12437.0,3,New Customers,0.5656,-9.0067,12.6843,False
12438.0,4,Lost,0.3365,-2.4965,5.5443,False
12439.0,1,Loyal Customers,0.0409,5.1005,0.7493,True
12440.0,1,Loyal Customers,0.1267,6.3631,0.4393,True
12441.0,1,Loyal Customers,0.1559,14.4297,-2.0304,True
12442.0,4,Lost,0.3015,16.3284,16.7577,False
12443.0,1,Loyal Customers,0.0094,4.1777,-6.0714,True
12444.0,0,Champions,0.3696,-4.5452,6.5749,True
12445.0,4,Lost,0.2998,12.584,10.1764,False
12446.0,4,Lost,0.2904,15.5943,13.3968,False
12447.0,1,Loyal Customers,0.208,17.4844,10.5417,True
12448.0,4,Lost,0.2886,15.8729,14.8105,False
12449.0,0,Champions,0.3693,-4.6558,6.5879,True
12450.0,4,Lost,0.2562,1.4296,4.7368,False
12451.0,3,New Customers,0.4849,-7.3928,11.971,False
12452.0,4,Lost,0.3018,12.6249,10.2217,False
12453.0,4,Lost,0.2555,16.7095,13.2162,False
12454.0,3,New Customers,0.5135,-7.9089,13.0445,False
12455.0,0,Champions,0.3727,-5.9154,7.8105,True
12456.0,4,Lost,0.3305,-2.664,5.572,False
12457.0,0,Champions,0.3315,-5.0551,4.2761,True
12458.0,4,Lost,0.303,-0.0895,8.0928,False
12459.0,1,Loyal Customers,0.0606,8.6407,-6.1184,True
12460.0,1,Loyal Customers,0.1194,13.0244,-3.9226,True
12461.0,4,Lost,0.2758,10.9982,8.4315,False
12462.0,4,Lost,0.3112,9.6805,8.9203,False
12463.0,4,Lost,0.3045,0.541,8.4844,False
12464.0,4,Lost,0.3301,-6.3048,2.0543,False
12465.0,4,Lost,0.306,11.1717,9.8019,False
12466.0,1,Loyal Customers,0.0239,6.7003,-7.7055,True
12467.0,1,Loyal Customers,0.1302,14.6605,-4.0509,True
12468.0,0,Champions,0.2836,-3.2594,5.2511,True
12469.0,1,Loyal Customers,0.1318,-1.4376,3.9469,True
12470.0,1,Loyal Customers,0.0227,6.8804,-7.1146,True
12472.0,2,At Risk,0.5742,-8.1049,13.0992,False
12473.0,0,Champions,0.3518,-3.8566,5.831,True
12474.0,3,New Customers,0.5361,-8.6639,12.3542,False
12475.0,4,Lost,0.2965,10.0827,8.8304,False
12476.0,3,New Customers,0.5396,-8.1323,12.584,False
12477.0,2,At Risk,0.5855,-8.1242,13.3753,False
12478.0,4,Lost,0.308,15.5971,14.2011,False
12479.0,4,Lost,0.303,15.533,14.9502,False
12480.0,0,Champions,0.3779,-5.2387,7.2465,True
12481.0,3,New Customers,0.4932,-7.6059,11.9564,False
12482.0,2,At Risk,0.4566,-8.7026,13.6452,False
12483.0,0,Champions,0.4074,-8.2557,8.4081,True
12484.0,0,Champions,0.4005,-6.5556,8.7871,True
12485.0,1,Loyal Customers,0.0949,12.1093,-3.7838,True
12486.0,1,Loyal Customers,0.1388,12.5119,-2.3027,True
12487.0,1,Loyal Customers,0.0071,3.7171,-6.0379,True
12488.0,4,Lost,0.3189,7.2644,9.2509,False
12489.0,1,Loyal Customers,0.1683,17.3706,9.3337,True
12490.0,3,New Customers,0.481,-8.1243,11.25,False
12491.0,4,Lost,0.2907,15.8095,14.8195,False
12492.0,4,Lost,0.2894,5.5843,9.7603,False
12493.0,4,Lost,0.2412,11.9924,7.0729,False
12494.0,4,Lost,0.3391,-6.6451,2.9404,False
12495.0,1,Loyal Customers,0.0446,7.9547,-6.4537,True
12496.0,1,Loyal Customers,0.0515,4.6667,-0.5011,True
12497.0,0,Champions,0.3566,-5.2623,7.526,True
12498.0,4,Lost,0.3023,4.4527,10.4602,False
12499.0,1,Loyal Customers,0.0781,9.7593,-6.0041,True
12500.0,0,Champions,0.4163,-8.3048,9.023,True
12501.0,1,Loyal Customers,0.1928,5.5227,1.782,True
12502.0,0,Champions,0.3217,-3.5639,5.5453,True
12503.0,1,Loyal Customers,0.0782,5.2501,0.6581,True
12504.0,4,Lost,0.311,2.241,8.1793,False
12505.0,1,Loyal Customers,0.147,12.5182,-2.2691,True
12506.0,1,Loyal Customers,0.2066,18.4587,10.6022,True
12507.0,4,Lost,0.2783,-1.0179,5.0232,False
12508.0,4,Lost,0.2977,12.9342,9.7439,False
12509.0,1,Loyal Customers,0.1873,18.1535,9.3037,True
12510.0,0,Champions,0.3322,-5.7248,7.0381,True
12511.0,1,Loyal Customers,0.1678,-1.406,3.9749,True
12512.0,4,Lost,0.2779,13.1885,8.8964,False
12513.0,4,Lost,0.2627,16.7186,13.337,False
12514.0,4,Lost,0.216,6.5214,6.8951,False
12515.0,1,Loyal Customers,0.1621,14.4248,-1.9996,True
12516.0,4,Lost,0.312,-2.0322,5.3636,False
12517.0,4,Lost,0.3328,-1.9476,5.4879,False
12518.0,4,Lost,0.3377,-1.1695,5.8561,False
12519.0,4,Lost,0.2867,11.3587,8.7435,False
12520.0,4,Lost,0.3139,-2.0096,5.2981,False
12521.0,4,Lost,0.2504,17.003,13.0179,False
12522.0,4,Lost,0.2896,13.4211,9.3085,False
12523.0,0,Champions,0.4064,-8.8075,8.1938,True
12524.0,3,New Customers,0.4871,-7.7059,11.7393,False
12525.0,1,Loyal Customers,0.1161,4.3724,1.7913,True
12526.0,4,Lost,0.3228,7.295,9.2157,False
12527.0,4,Lost,0.2869,1.3085,5.6671,False
12528.0,4,Lost,0.3353,-2.372,1.8828,False
12529.0,1,Loyal Customers,0.09,10.4918,-5.7828,True
12530.0,0,Champions,0.3467,-5.5063,5.4803,True
12531.0,4,Lost,0.3229,8.283,8.7625,False
12532.0,4,Lost,0.2929,15.8902,15.3522,False
12533.0,1,Loyal Customers,0.0661,5.08,0.9033,True
12534.0,4,Lost,0.2619,15.8496,13.0917,False
12535.0,4,Lost,0.2752,11.4508,8.3895,False
12536.0,3,New Customers,0.4585,-7.2731,11.8108,False
12537.0,1,Loyal Customers,0.144,12.8728,-2.4415,True
12538.0,4,Lost,0.2997,11.5845,9.7837,False
12539.0,3,New Customers,0.4582,-7.2501,11.5921,False
12540.0,2,At Risk,0.673,-8.746,13.5594,False
12541.0,4,Lost,0.3064,6.5236,10.0534,False
12542.0,1,Loyal Customers,0.1126,6.6656,-0.7107,True
12543.0,1,Loyal Customers,0.1315,12.5152,-2.34,True
12544.0,4,Lost,0.2908,15.8996,15.1039,False
12545.0,4,Lost,0.2859,10.6252,8.6235,False
12546.0,4,Lost,0.2995,10.0249,8.8561,False
12547.0,4,Lost,0.23,5.0094,8.1929,False
12548.0,4,Lost,0.2342,18.0961,12.2783,False
12549.0,1,Loyal Customers,0.1,-0.1025,3.2596,True
12550.0,4,Lost,0.2813,15.6337,13.3873,False
12551.0,1,Loyal Customers,0.1571,15.5144,-2.258,True
12552.0,4,Lost,0.2929,12.8209,9.5213,False
12553.0,0,Champions,0.3868,-7.0754,7.0853,True
12554.0,1,Loyal Customers,0.1242,12.7555,-3.3358,True
12555.0,1,Loyal Customers,0.0249,6.8289,-7.5428,True
12556.0,4,Lost,0.2907,11.7689,9.3239,False
12557.0,2,At Risk,0.5647,-7.9987,13.217,False
12558.0,4,Lost,0.3008,15.9617,16.3178,False
12559.0,1,Loyal Customers,0.184,10.9587,5.5782,True
12560.0,4,Lost,0.3322,8.1877,8.7503,False
12561.0,1,Loyal Customers,0.1804,17.6819,9.128,True
12562.0,0,Champions,0.3842,-5.5847,6.9669,True
12563.0,1,Loyal Customers,0.1375,14.8064,-3.2261,True
12564.0,1,Loyal Customers,0.2005,17.5425,10.3464,True
12565.0,1,Loyal Customers,0.1849,18.1576,9.1394,True
12566.0,4,Lost,0.2702,16.9478,13.9742,False
12567.0,3,New Customers,0.5114,-7.6396,12.381,False
12568.0,1,Loyal Customers,0.0391,7.83,-7.5993,True
12569.0,0,Champions,0.4323,-8.9483,8.228,True
12570.0,1,Loyal Customers,0.0242,6.747,-7.6963,True
12571.0,4,Lost,0.2936,12.0362,9.5835,False
12572.0,4,Lost,0.313,10.306,9.2979,False
12573.0,4,Lost,0.2277,1.5802,4.3511,False
12574.0,1,Loyal Customers,0.1749,17.701,8.8365,True
12575.0,1,Loyal Customers,0.1255,6.6511,-0.0905,True
12576.0,4,Lost,0.3321,-5.5764,2.6241,False
12577.0,4,Lost,0.3259,-5.8333,2.1131,False
12578.0,0,Champions,0.3622,-4.2634,6.3479,True
12579.0,4,Lost,0.2746,16.4698,14.0259,False
12580.0,4,Lost,0.2167,10.7396,6.3672,False
12581.0,4,Lost,0.2868,16.8398,15.7281,False
12582.0,4,Lost,0.2375,-0.8121,4.5498,False
12583.0,3,New Customers,0.5593,-8.3687,12.6094,False
12584.0,0,Champions,0.3502,-6.3632,3.5002,True
12585.0,4,Lost,0.2354,6.4799,7.0035,False
12586.0,4,Lost,0.3288,-0.3261,7.9534,False
12587.0,4,Lost,0.2991,16.4433,16.7635,False
12588.0,4,Lost,0.3049,1.5495,8.542,False
12589.0,0,Champions,0.3695,-5.2945,6.5797,True
12590.0,3,New Customers,0.3507,-6.9569,11.3669,False
12591.0,1,Loyal Customers,0.1948,5.9816,6.5063,True
12592.0,4,Lost,0.3079,-1.9566,5.2374,False
12593.0,4,Lost,0.2667,4.8277,9.1296,False
12594.0,0,Champions,0.3886,-7.7361,7.968,True
12595.0,1,Loyal Customers,0.0991,11.6861,-5.0702,True
12596.0,4,Lost,0.2905,11.7494,9.2657,False
12597.0,0,Champions,0.3517,-3.5681,5.7589,True
12598.0,0,Champions,0.3825,-6.5792,6.8839,True
12599.0,0,Champions,0.3494,-8.0358,4.7391,True
12600.0,0,Champions,0.4065,-8.5894,8.4859,True
12601.0,4,Lost,0.2448,-0.7088,2.1324,False
12602.0,4,Lost,0.2785,17.538,15.1237,False
12603.0,4,Lost,0.3014,15.6175,14.1531,False
12604.0,4,Lost,0.2742,13.0512,8.6423,False
12605.0,1,Loyal Customers,0.1717,1.4632,3.1472,True
12606.0,1,Loyal Customers,0.0234,6.7393,-7.7342,True
12607.0,4,Lost,0.2974,8.851,8.6952,False
12608.0,1,Loyal Customers,0.1414,13.6707,-2.5904,True
12609.0,0,Champions,0.335,-5.6028,5.0437,True
12610.0,4,Lost,0.3294,-1.2146,5.8399,False
12611.0,4,Lost,0.2954,15.5797,13.3786,False
12612.0,4,Lost,0.2798,15.8796,13.6283,False
12613.0,0,Champions,0.3921,-6.2717,8.6917,True
12614.0,1,Loyal Customers,0.1916,17.7364,9.8005,True
12615.0,0,Champions,0.3947,-5.479,7.5278,True
12616.0,4,Lost,0.282,6.3641,8.9504,False
12617.0,4,Lost,0.2934,15.8682,15.3392,False
12618.0,4,Lost,0.2938,16.3993,16.4135,False
12619.0,0,Champions,0.3674,-5.9891,5.626,True
12620.0,4,Lost,0.3174,7.2964,9.1851,False
12621.0,2,At Risk,0.7195,-8.78,13.6076,False
12622.0,1,Loyal Customers,0.2085,18.3055,10.6435,True
12623.0,0,Champions,0.2538,-3.3774,5.1048,True
12624.0,4,Lost,0.2684,11.6505,8.0825,False
12625.0,0,Champions,0.2916,-4.812,6.8569,True
12626.0,0,Champions,0.4005,-6.0084,8.3622,True
12627.0,0,Champions,0.3714,-4.8156,6.3222,True
12628.0,4,Lost,0.3144,6.134,11.0036,False
12629.0,1,Loyal Customers,0.167,5.8716,1.6041,True
12630.0,4,Lost,0.316,9.6145,8.904,False
12631.0,0,Champions,0.3368,-3.7839,5.12,True
12632.0,1,Loyal Customers,0.102,5.6616,0.1844,True
12633.0,0,Champions,0.3682,-5.285,7.3432,True
12634.0,1,Loyal Customers,0.0916,5.434,-0.1661,True
12635.0,4,Lost,0.3109,-2.4183,5.3323,False
12636.0,1,Loyal Customers,0.0019,2.7993,-6.1494,True
12637.0,3,New Customers,0.4134,-7.093,10.6671,False
12638.0,4,Lost,0.3019,10.6088,9.2912,False
12639.0,4,Lost,0.2259,6.1349,6.8741,False
12640.0,4,Lost,0.3115,7.1065,9.52,False
12641.0,4,Lost,0.2561,17.8186,13.5655,False
12642.0,4,Lost,0.3089,6.6097,10.0032,False
12643.0,3,New Customers,0.3887,-7.0922,10.6932,False
12644.0,4,Lost,0.2809,-1.0442,4.9803,False
12645.0,0,Champions,0.3518,-4.9972,5.1788,True
12646.0,4,Lost,0.3191,9.5562,8.8818,False
12647.0,2,At Risk,0.621,-8.737,13.1739,False
12648.0,4,Lost,0.2599,2.5559,5.2801,False
12649.0,4,Lost,0.3053,-5.4729,3.1135,False
12650.0,4,Lost,0.3034,15.5435,15.7314,False
12651.0,1,Loyal Customers,0.1767,2.5221,3.2035,True
12652.0,1,Loyal Customers,0.1821,10.6197,5.7934,True
12653.0,0,Champions,0.3011,-3.8411,5.9148,True
12654.0,4,Lost,0.314,1.5219,6.0397,False
12655.0,1,Loyal Customers,0.1315,13.5625,-3.741,True
12656.0,0,Champions,0.3976,-5.6357,7.8212,True
12657.0,4,Lost,0.3256,-0.1459,8.3549,False
12658.0,4,Lost,0.3019,15.6234,14.1848,False
12659.0,4,Lost,0.2894,16.9768,16.4586,False
12660.0,4,Lost,0.2992,15.9956,16.3507,False
12661.0,1,Loyal Customers,0.1253,13.7618,-4.3298,True
12662.0,3,New Customers,0.4417,-8.3327,9.6769,False
12663.0,1,Loyal Customers,0.052,4.6362,-0.4761,True
12664.0,0,Champions,0.4041,-6.3603,8.3157,True
12665.0,1,Loyal Customers,0.1775,4.9691,5.6294,True
12666.0,1,Loyal Customers,0.1571,12.3692,-1.8818,True
12667.0,4,Lost,0.2852,15.9056,14.0984,False
12668.0,3,New Customers,0.4728,-7.392,11.7583,False
12669.0,4,Lost,0.2811,-2.0498,5.0359,False
12670.0,0,Champions,0.3621,-4.4344,5.3268,True
12671.0,1,Loyal Customers,0.0895,5.2577,1.5047,True
12672.0,1,Loyal Customers,0.1746,11.0807,5.4279,True
12673.0,4,Lost,0.32,7.1649,9.4429,False
12674.0,4,Lost,0.3186,-0.2689,8.0102,False
12675.0,1,Loyal Customers,0.0906,5.3205,0.4784,True
12676.0,0,Champions,0.3535,-7.4161,4.9473,True
12677.0,1,Loyal Customers,0.0826,5.1402,-0.2811,True
12679.0,4,Lost,0.2989,1.1672,8.4827,False
12680.0,4,Lost,0.3193,1.8676,8.4967,False
12682.0,2,At Risk,0.7507,-8.9959,13.508,False
12683.0,3,New Customers,0.5203,-8.0088,12.0448,False
12684.0,4,Lost,0.3429,-4.3038,2.8261,False
12685.0,0,Champions,0.3402,-3.2089,4.2265,True
12686.0,1,Loyal Customers,0.1516,15.436,-2.2872,True
12687.0,1,Loyal Customers,0.1363,5.3491,1.6669,True
12688.0,0,Champions,0.32,-4.2907,6.4499,True
12689.0,4,Lost,0.3092,9.6624,8.9028,False
12690.0,4,Lost,0.2219,17.5812,11.2174,False
12691.0,4,Lost,0.3197,-4.643,1.0703,False
12692.0,1,Loyal Customers,0.0429,8.044,-7.5711,True
12693.0,4,Lost,0.2867,-5.0012,2.3118,False
12694.0,4,Lost,0.3018,8.2201,8.7124,False
12695.0,4,Lost,0.3315,-4.6934,1.4341,False
12696.0,1,Loyal Customers,0.1376,6.5396,0.6183,True
12697.0,4,Lost,0.3065,6.5036,10.1133,False
12698.0,1,Loyal Customers,0.0651,9.1412,-6.2814,True
12699.0,1,Loyal Customers,0.1391,12.9647,-2.584,True
12700.0,0,Champions,0.3715,-4.3872,6.48,True
12701.0,4,Lost,0.3134,-2.52,3.0308,False
12702.0,4,Lost,0.2952,16.2017,16.2947,False
12703.0,4,Lost,0.2926,1.2368,8.3272,False
12704.0,0,Champions,0.3466,-5.3435,3.3585,True
12705.0,3,New Customers,0.4858,-7.5814,11.8641,False
12707.0,1,Loyal Customers,0.1898,17.2229,10.0803,True
12708.0,0,Champions,0.4023,-8.1639,8.3862,True
12710.0,4,Lost,0.2815,6.3672,8.9167,False
12711.0,1,Loyal Customers,0.0722,5.0855,0.8926,True
12712.0,3,New Customers,0.4356,-8.4197,9.8629,False
12713.0,4,Lost,0.3115,15.6004,14.0941,False
12714.0,3,New Customers,0.5149,-7.5871,12.3708,False
12715.0,4,Lost,0.2621,17.2173,13.5868,False
12716.0,4,Lost,0.3155,10.2753,9.2672,False
12717.0,4,Lost,0.2617,6.3861,7.7266,False
12718.0,4,Lost,0.2747,17.3537,14.5829,False
12719.0,4,Lost,0.3095,11.5596,10.1069,False
12720.0,3,New Customers,0.4829,-9.0375,11.1932,False
12721.0,0,Champions,0.3591,-5.0068,5.7095,True
12722.0,4,Lost,0.2868,1.2581,8.3507,False
12723.0,4,Lost,0.3185,1.3876,6.0682,False
12724.0,4,Lost,0.3446,-4.3194,2.8329,False
12725.0,4,Lost,0.1935,-1.0635,4.1253,False
12726.0,0,Champions,0.3682,-6.8985,6.1156,True
12727.0,0,Champions,0.3951,-6.0382,7.7011,True
12728.0,4,Lost,0.2959,0.7339,5.6028,False
12729.0,4,Lost,0.2602,17.0248,13.3604,False
12730.0,1,Loyal Customers,0.0994,12.1251,-3.6905,True
12731.0,2,At Risk,0.6794,-8.5273,13.699,False
12732.0,4,Lost,0.2304,17.9201,11.9494,False
12733.0,4,Lost,0.2455,-1.2119,4.4613,False
12734.0,1,Loyal Customers,0.1705,5.2017,4.0143,True
12735.0,1,Loyal Customers,0.1854,10.8066,5.763,True
12736.0,1,Loyal Customers,0.1682,17.6132,8.8762,True
12737.0,1,Loyal Customers,0.1503,-1.596,3.9904,True
12738.0,1,Loyal Customers,0.1534,14.5012,-2.051,True
12739.0,4,Lost,0.313,-2.1267,5.4059,False
12740.0,4,Lost,0.2801,16.3415,14.2807,False
12741.0,1,Loyal Customers,0.0933,5.4748,-0.3311,True
12742.0,1,Loyal Customers,0.0622,5.2065,0.7221,True
12743.0,4,Lost,0.2558,11.8236,7.67,False
12744.0,2,At Risk,0.647,-8.4,13.6435,False
12745.0,1,Loyal Customers,0.1199,4.3887,1.8108,True
12746.0,1,Loyal Customers,0.0839,10.4867,-5.9592,True
12747.0,3,New Customers,0.4872,-8.6621,11.2507,False
12749.0,0,Champions,0.412,-6.1804,8.6391,True
12750.0,4,Lost,0.2517,17.6747,13.2165,False
12751.0,1,Loyal Customers,0.1231,13.2542,-4.0058,True
12752.0,0,Champions,0.3266,-3.9933,6.1929,True
12753.0,2,At Risk,0.5937,-8.149,13.4393,False
12754.0,4,Lost,0.2502,-1.8571,4.8118,False
12755.0,3,New Customers,0.3333,-7.1439,10.9007,False
12756.0,4,Lost,0.2665,17.904,14.4835,False
12757.0,3,New Customers,0.43,-7.1401,10.3917,False
12758.0,3,New Customers,0.4018,-7.07,11.3564,False
12759.0,0,Champions,0.3646,-5.4384,6.928,True
12760.0,1,Loyal Customers,0.1197,12.973,-3.8686,True
12761.0,1,Loyal Customers,0.1273,6.362,0.3862,True
12762.0,4,Lost,0.3253,8.2647,8.7824,False
12763.0,4,Lost,0.2578,11.1317,7.505,False
12764.0,1,Loyal Customers,0.1944,6.5807,6.7922,True
12765.0,1,Loyal Customers,0.1399,0.2989,3.0313,True
12766.0,3,New Customers,0.455,-7.1785,11.3201,False
12767.0,1,Loyal Customers,0.1604,12.5101,-2.0051,True
12768.0,1,Loyal Customers,0.1193,13.4523,-4.5188,True
12769.0,4,Lost,0.2187,16.8635,10.4625,False
12770.0,4,Lost,0.261,-2.0234,4.9228,False
12771.0,1,Loyal Customers,0.1066,12.3883,-4.3841,True
12772.0,4,Lost,0.2881,15.6262,13.4477,False
12773.0,1,Loyal Customers,0.0728,10.4067,-6.7496,True
12774.0,1,Loyal Customers,0.0838,11.1702,-6.1252,True
12775.0,4,Lost,0.3312,-4.6044,1.9333,False
12776.0,1,Loyal Customers,0.0296,6.9591,-7.7697,True
12777.0,1,Loyal Customers,0.1212,12.6321,-3.3445,True
12778.0,4,Lost,0.3361,-6.6829,2.8912,False
12779.0,0,Champions,0.4082,-6.9168,9.1574,True
12780.0,1,Loyal Customers,0.0614,9.0048,-6.3508,True
12781.0,4,Lost,0.288,11.0027,8.6981,False
12782.0,0,Champions,0.3857,-6.5922,6.9158,True
12783.0,4,Lost,0.3421,-2.4983,2.4901,False
12784.0,4,Lost,0.3261,8.1297,8.7735,False
12785.0,1,Loyal Customers,0.1723,5.2141,3.0341,True
12786.0,1,Loyal Customers,0.0623,8.1696,-5.9738,True
12787.0,4,Lost,0.3154,1.888,8.4805,False
12788.0,1,Loyal Customers,0.1256,2.8678,2.5344,True
12789.0,4,Lost,0.2826,4.456,9.6738,False
12790.0,4,Lost,0.2328,11.418,6.7644,False
12791.0,1,Loyal Customers,0.175,0.2942,2.9033,True
12792.0,4,Lost,0.2096,10.8445,6.1937,False
12793.0,1,Loyal Customers,0.1829,5.7113,6.1973,True
12794.0,4,Lost,0.293,10.9357,8.8505,False
12795.0,4,Lost,0.2985,15.5898,15.1887,False
12796.0,1,Loyal Customers,0.0502,8.1903,-6.3601,True
12797.0,1,Loyal Customers,0.165,6.9739,0.8932,True
12798.0,0,Champions,0.419,-6.7651,10.9938,True
12799.0,1,Loyal Customers,0.0883,10.8,-5.8138,True
12800.0,1,Loyal Customers,0.1222,4.2648,2.2093,True
12801.0,1,Loyal Customers,0.1112,12.4131,-2.4166,True
12802.0,4,Lost,0.272,-5.3499,3.0118,False
12803.0,1,Loyal Customers,0.1554,12.4142,-1.9472,True
12804.0,1,Loyal Customers,0.1178,6.8678,-0.8539,True
12805.0,1,Loyal Customers,0.172,1.202,3.3084,True
12806.0,1,Loyal Customers,0.17,-1.2962,3.9675,True
12807.0,1,Loyal Customers,0.1492,14.3996,-2.166,True
12808.0,4,Lost,0.3075,1.1306,5.9309,False
12809.0,4,Lost,0.2568,6.5938,7.4611,False
12810.0,1,Loyal Customers,0.0926,5.437,-0.1293,True
12811.0,4,Lost,0.2182,1.4259,4.1113,False
12812.0,4,Lost,0.2852,16.7506,15.4376,False
12813.0,1,Loyal Customers,0.1241,4.7494,1.6492,True
12814.0,4,Lost,0.2606,17.8815,13.8243,False
12815.0,4,Lost,0.2571,10.9473,7.2442,False
12816.0,4,Lost,0.2716,11.7626,8.169,False
12817.0,1,Loyal Customers,0.2005,5.2347,6.02,True
12818.0,4,Lost,0.2148,6.5418,6.8671,False
12819.0,1,Loyal Customers,0.1215,12.6243,-3.2905,True
12820.0,0,Champions,0.3604,-7.4935,4.8117,True
12821.0,4,Lost,0.2188,12.0144,6.26,False
12822.0,4,Lost,0.2868,10.7247,8.6058,False
12823.0,0,Champions,0.4001,-8.1403,9.3344,True
12824.0,4,Lost,0.2814,16.3757,14.4428,False
12825.0,1,Loyal Customers,0.0981,5.4957,-0.1431,True
12826.0,0,Champions,0.3665,-7.7838,5.4967,True
12827.0,4,Lost,0.3087,4.4969,10.5829,False
12828.0,4,Lost,0.3253,-2.9271,0.2449,False
12829.0,1,Loyal Customers,0.1736,4.9824,5.5806,True
12830.0,0,Champions,0.3896,-5.3911,7.6773,True
12831.0,4,Lost,0.2049,4.9567,5.8247,False
12832.0,4,Lost,0.295,12.9537,9.637,False
12833.0,4,Lost,0.2471,17.2506,12.8984,False
12834.0,1,Loyal Customers,0.1896,17.6827,9.7017,True
12835.0,3,New Customers,0.3074,-9.2867,11.752,False
12836.0,0,Champions,0.4003,-7.1389,9.1943,True
12837.0,4,Lost,0.2418,11.156,7.031,False
12838.0,0,Champions,0.3549,-6.3543,5.1558,True
12839.0,3,New Customers,0.4976,-8.5855,11.5603,False
12840.0,0,Champions,0.3115,-3.9694,5.5924,True
12841.0,3,New Customers,0.4972,-9.3063,11.8269,False
12842.0,4,Lost,0.3053,-0.2212,8.007,False
12843.0,3,New Customers,0.4347,-9.1173,10.5978,False
12844.0,4,Lost,0.3048,2.4096,7.8033,False
12845.0,4,Lost,0.2041,3.3191,5.2223,False
12846.0,1,Loyal Customers,0.0233,6.7418,-7.7476,True
12847.0,4,Lost,0.3161,9.2277,8.7934,False
12848.0,1,Loyal Customers,0.0284,6.993,-7.1055,True
12849.0,0,Champions,0.342,-3.414,4.5263,True
12850.0,1,Loyal Customers,0.1235,13.1562,-3.7365,True
12851.0,4,Lost,0.2673,13.0089,8.5431,False
12852.0,1,Loyal Customers,0.1847,17.5382,9.5564,True
12853.0,0,Champions,0.3232,-6.6424,6.0649,True
12854.0,0,Champions,0.3237,-3.9594,4.0412,True
12855.0,1,Loyal Customers,0.165,2.4267,2.9786,True
12856.0,4,Lost,0.339,-2.475,2.4499,False
12857.0,0,Champions,0.2769,-3.3142,5.1586,True
12858.0,1,Loyal Customers,0.1471,15.3948,-2.3784,True
12859.0,1,Loyal Customers,0.1216,12.6113,-3.284,True
12860.0,1,Loyal Customers,0.0194,6.7122,-7.6796,True
12861.0,1,Loyal Customers,0.0493,8.7231,-7.4914,True
12862.0,1,Loyal Customers,0.1433,6.4705,0.9873,True
12863.0,0,Champions,0.3295,-3.2221,4.2158,True
12864.0,4,Lost,0.2508,12.1784,7.322,False
12865.0,0,Champions,0.3423,-2.7471,5.5122,True
12866.0,4,Lost,0.2069,6.023,6.6744,False
12867.0,3,New Customers,0.4267,-7.1545,10.4334,False
12868.0,4,Lost,0.2726,-5.5303,2.9875,False
12869.0,1,Loyal Customers,0.0277,7.2329,-6.6446,True
12870.0,1,Loyal Customers,0.1756,5.3763,2.1955,True
12871.0,4,Lost,0.2813,5.6193,9.5415,False
12872.0,0,Champions,0.2446,-6.4921,6.1613,True
12873.0,4,Lost,0.2182,-0.7272,4.4046,False
12874.0,1,Loyal Customers,0.1592,6.6695,1.1439,True
12875.0,4,Lost,0.2705,0.5189,5.2359,False
12876.0,0,Champions,0.3395,-3.841,5.918,True
12877.0,0,Champions,0.3859,-8.696,6.9471,True
12878.0,4,Lost,0.2185,10.8319,6.329,False
12879.0,4,Lost,0.2948,5.0736,10.3992,False
12880.0,1,Loyal Customers,0.1562,7.2782,0.6294,True
12881.0,1,Loyal Customers,0.1922,17.775,9.8178,True
12882.0,4,Lost,0.319,9.4578,8.849,False
12883.0,4,Lost,0.3072,2.3897,7.8639,False
12884.0,4,Lost,0.2688,17.0337,13.9832,False
12885.0,4,Lost,0.2956,6.5869,9.1206,False
12886.0,4,Lost,0.2939,9.7459,8.7695,False
12887.0,1,Loyal Customers,0.1473,15.0596,-2.2741,True
12888.0,4,Lost,0.2207,11.995,6.4572,False
12889.0,1,Loyal Customers,0.1581,2.5128,3.0134,True
12890.0,4,Lost,0.3028,11.1821,9.7416,False
12891.0,4,Lost,0.2609,-6.4446,2.4575,False
12892.0,1,Loyal Customers,0.1426,14.7698,-2.6598,True
12893.0,4,Lost,0.2903,16.6118,16.1003,False
12894.0,1,Loyal Customers,0.0688,9.8169,-6.967,True
12895.0,4,Lost,0.2908,12.9651,9.5077,False
12897.0,4,Lost,0.2314,2.8313,5.3711,False
12898.0,1,Loyal Customers,0.1184,6.8878,-0.8798,True
12899.0,1,Loyal Customers,0.137,13.7268,-2.8782,True
12900.0,1,Loyal Customers,0.1334,13.5059,-3.441,True
12901.0,2,At Risk,0.6028,-8.4027,13.1152,False
12902.0,1,Loyal Customers,0.1945,18.4325,9.7566,True
12903.0,1,Loyal Customers,0.1373,12.5763,-2.3794,True
12904.0,4,Lost,0.3024,12.2127,10.2134,False
12905.0,1,Loyal Customers,0.0821,5.2084,0.6365,True
12906.0,4,Lost,0.345,-2.4491,5.3294,False
12907.0,1,Loyal Customers,0.1488,7.5254,0.3441,True
12908.0,4,Lost,0.2628,-0.8702,4.987,False
12909.0,0,Champions,0.3435,-5.0357,4.4226,True
12910.0,0,Champions,0.3993,-6.8438,8.1765,True
12911.0,1,Loyal Customers,0.0987,5.3172,1.118,True
12912.0,4,Lost,0.3316,-0.4846,6.0201,False
12913.0,0,Champions,0.4189,-6.7273,9.0059,True
12914.0,1,Loyal Customers,0.1404,14.8943,-2.863,True
12915.0,4,Lost,0.2631,2.5298,5.2863,False
12916.0,0,Champions,0.3218,-5.3557,6.5891,True
12917.0,0,Champions,0.3198,-4.1774,6.0126,True
12918.0,3,New Customers,0.1943,-7.0345,11.5574,False
12919.0,4,Lost,0.3276,-2.5567,0.7356,False
12920.0,4,Lost,0.3075,2.6746,7.4686,False
12922.0,4,Lost,0.2404,17.3733,12.4768,False
12923.0,4,Lost,0.29,5.7239,9.6726,False
12924.0,0,Champions,0.3253,-7.7832,4.6452,True
12925.0,4,Lost,0.3132,5.8366,11.0356,False
12926.0,1,Loyal Customers,0.1617,0.8723,3.3186,True
12927.0,1,Loyal Customers,0.1425,15.164,-2.6887,True
12928.0,0,Champions,0.3717,-7.1845,6.9042,True
12929.0,1,Loyal Customers,0.1751,17.8256,8.7638,True
12930.0,4,Lost,0.2768,12.623,8.8728,False
12932.0,1,Loyal Customers,0.1216,-0.3368,3.304,True
12933.0,4,Lost,0.3308,-5.8434,2.0925,False
12934.0,1,Loyal Customers,0.0032,3.0138,-6.1312,True
12935.0,0,Champions,0.3918,-7.9851,7.2843,True
12936.0,4,Lost,0.3153,1.3256,8.7237,False
12937.0,0,Champions,0.3561,-5.9574,4.318,True
12938.0,4,Lost,0.2913,16.9245,16.4905,False
12939.0,2,At Risk,0.6637,-8.5504,13.7037,False
12940.0,4,Lost,0.2929,10.784,8.7903,False
12941.0,1,Loyal Customers,0.0112,3.9896,-6.0545,True
12942.0,4,Lost,0.2648,5.9615,8.1281,False
12943.0,1,Loyal Customers,0.0827,5.2168,-0.2196,True
12944.0,4,Lost,0.2964,11.786,9.6459,False
12945.0,1,Loyal Customers,0.198,10.7244,6.0019,True
12946.0,1,Loyal Customers,0.1271,13.253,-3.6813,True
12947.0,4,Lost,0.2801,-1.5906,2.6636,False
12948.0,0,Champions,0.3451,-6.3631,3.4944,True
12949.0,3,New Customers,0.5502,-8.1398,12.8697,False
12950.0,4,Lost,0.3295,8.1336,8.7732,False
12951.0,0,Champions,0.375,-8.395,6.3435,True
12952.0,4,Lost,0.3242,0.2299,8.7918,False
12953.0,4,Lost,0.31,11.0131,9.7104,False
12954.0,1,Loyal Customers,0.0428,8.0089,-7.4868,True
12955.0,0,Champions,0.3892,-6.6323,6.9796,True
12956.0,1,Loyal Customers,0.1905,3.1595,5.057,True
12957.0,3,New Customers,0.444,-7.2708,10.8062,False
12958.0,1,Loyal Customers,0.1476,7.437,0.3496,True
12959.0,1,Loyal Customers,0.1057,12.4417,-5.0431,True
12960.0,1,Loyal Customers,0.1574,1.4085,3.0505,True
12961.0,1,Loyal Customers,0.1492,15.1324,-2.2429,True
12962.0,4,Lost,0.3036,13.468,10.0371,False
12963.0,0,Champions,0.3732,-7.545,5.9931,True
12964.0,1,Loyal Customers,0.1245,13.8532,-4.3853,True
12965.0,4,Lost,0.2746,15.8778,13.5501,False
12966.0,4,Lost,0.2985,16.402,16.7576,False
12967.0,0,Champions,0.2181,-1.7524,4.0761,True
12968.0,4,Lost,0.2567,17.8745,13.6854,False
12969.0,1,Loyal Customers,0.0569,9.1904,-7.247,True
12970.0,4,Lost,0.3405,-7.3287,3.4038,False
12971.0,2,At Risk,0.8002,-9.1687,13.116,False
12972.0,1,Loyal Customers,0.1552,1.5488,2.9733,True
12973.0,1,Loyal Customers,0.1373,13.7037,-2.8527,True
12974.0,4,Lost,0.2279,11.9452,6.6161,False
12975.0,1,Loyal Customers,0.1636,-0.3891,3.5079,True
12976.0,0,Champions,0.2743,-3.4192,4.9211,True
12977.0,4,Lost,0.2514,2.6327,5.8817,False
12978.0,1,Loyal Customers,0.1877,-0.8752,3.9952,True
12979.0,1,Loyal Customers,0.011,4.1741,-6.0709,True
12980.0,3,New Customers,0.5058,-8.0977,12.975,False
12981.0,4,Lost,0.2957,12.9813,9.6906,False
12982.0,0,Champions,0.2561,-5.4455,3.176,True
12983.0,1,Loyal Customers,0.0639,8.7088,-6.1218,True
12984.0,4,Lost,0.294,16.7719,16.6587,False
12985.0,4,Lost,0.3192,9.6253,8.9089,False
12986.0,0,Champions,0.1853,-0.7421,3.5065,True
12987.0,4,Lost,0.298,0.341,5.5208,False
12988.0,1,Loyal Customers,0.1889,17.2555,10.0079,True
12989.0,3,New Customers,0.5621,-8.7904,12.5609,False
12990.0,4,Lost,0.3156,-4.6152,1.0032,False
12991.0,4,Lost,0.3063,6.3183,10.9177,False
12992.0,1,Loyal Customers,0.0069,2.6384,-6.2789,True
12993.0,4,Lost,0.3254,-6.3066,2.0724,False
12994.0,4,Lost,0.3169,6.6668,10.3512,False
12995.0,4,Lost,0.2687,17.4866,14.3216,False
12996.0,1,Loyal Customers,0.1523,14.3767,-2.0673,True
12997.0,4,Lost,0.3374,-5.5838,2.5738,False
12998.0,1,Loyal Customers,0.1174,4.3706,1.797,True
12999.0,4,Lost,0.2318,5.0454,8.1478,False
13000.0,4,Lost,0.2783,1.2453,8.3029,False
13001.0,2,At Risk,0.7055,-8.7691,13.602,False
13002.0,1,Loyal Customers,0.1817,4.9673,5.6406,True
13003.0,4,Lost,0.2643,4.6753,9.2626,False
13004.0,3,New Customers,0.5401,-8.9771,12.5628,False
13005.0,4,Lost,0.2506,2.601,5.27,False
13006.0,4,Lost,0.2787,17.8086,15.3448,False
13007.0,1,Loyal Customers,0.067,9.7406,-6.9342,True
13008.0,1,Loyal Customers,0.1823,5.1739,5.7474,True
13009.0,1,Loyal Customers,0.03,7.0676,-7.0248,True
13010.0,1,Loyal Customers,0.1553,8.3428,-0.7435,True
13011.0,1,Loyal Customers,0.1505,15.7122,-2.3767,True
13012.0,0,Champions,0.3618,-7.3804,5.0367,True
13013.0,3,New Customers,0.5404,-8.5394,12.2651,False
13014.0,0,Champions,0.3936,-6.3454,7.6493,True
13015.0,0,Champions,0.3928,-6.3645,8.7039,True
13016.0,4,Lost,0.2864,5.704,9.64,False
13017.0,4,Lost,0.3003,16.1763,16.5908,False
13018.0,3,New Customers,0.5104,-9.2186,11.7731,False
13019.0,1,Loyal Customers,0.1754,0.2239,2.906,True
13020.0,1,Loyal Customers,0.0824,5.2165,-0.1113,True
13021.0,0,Champions,0.4046,-8.0914,8.0954,True
13022.0,1,Loyal Customers,0.1265,14.26,-4.4206,True
13023.0,4,Lost,0.2989,7.0645,8.594,False
13024.0,1,Loyal Customers,0.1189,6.5678,-0.2008,True
13025.0,1,Loyal Customers,0.0072,3.8278,-6.0203,True
13026.0,4,Lost,0.3433,-6.7071,2.87,False
13027.0,2,At Risk,0.5335,-8.0879,13.0968,False
13028.0,4,Lost,0.3025,11.4674,9.9088,False
13029.0,4,Lost,0.3238,-0.9376,5.8138,False
13030.0,4,Lost,0.315,9.6303,8.9136,False
13031.0,0,Champions,0.1912,-1.5777,4.0108,True
13032.0,0,Champions,0.3376,-5.9831,4.0388,True
13033.0,1,Loyal Customers,0.1607,8.2948,-0.8404,True
13034.0,4,Lost,0.2955,6.0418,9.6558,False
13035.0,4,Lost,0.2937,6.9106,8.5506,False
13036.0,1,Loyal Customers,0.0261,7.1784,-6.6854,True
13037.0,0,Champions,0.3246,-6.7033,6.1314,True
13038.0,4,Lost,0.2851,6.0787,9.2881,False
13039.0,1,Loyal Customers,0.0841,4.3534,1.2345,True
13040.0,4,Lost,0.3084,11.4565,10.0414,False
13041.0,1,Loyal Customers,0.1353,2.697,2.6487,True
13042.0,1,Loyal Customers,0.0833,4.9032,1.045,True
13043.0,1,Loyal Customers,0.1964,17.3997,10.2591,True
13044.0,0,Champions,0.2726,-6.2569,6.5519,True
13045.0,4,Lost,0.276,5.737,9.1037,False
13046.0,4,Lost,0.3056,6.4827,10.1194,False
13047.0,3,New Customers,0.4635,-8.5636,11.1336,False
13048.0,0,Champions,0.3698,-5.4808,5.942,True
13049.0,4,Lost,0.3009,0.421,8.4026,False
13050.0,3,New Customers,0.5458,-8.9302,12.5701,False
13051.0,1,Loyal Customers,0.0696,5.0762,-0.5169,True
13052.0,0,Champions,0.272,-3.377,4.9231,True
13053.0,1,Loyal Customers,0.0493,8.4971,-7.4625,True
13055.0,4,Lost,0.3075,-1.8399,5.3083,False
13056.0,1,Loyal Customers,0.0792,10.4977,-6.1378,True
13057.0,1,Loyal Customers,0.0997,4.2535,1.6285,True
13058.0,4,Lost,0.2988,4.2139,10.0537,False
13059.0,0,Champions,0.2523,-5.8064,3.0243,True
13060.0,1,Loyal Customers,0.2013,17.8605,10.2244,True
13061.0,4,Lost,0.2745,17.3343,14.5334,False
13062.0,4,Lost,0.2274,17.6259,11.725,False
13063.0,1,Loyal Customers,0.1074,12.4956,-4.9394,True
13064.0,4,Lost,0.3302,-2.3855,1.487,False
13065.0,1,Loyal Customers,0.1757,0.716,3.2498,True
13066.0,4,Lost,0.2995,12.3437,10.2028,False
13067.0,4,Lost,0.2789,4.7051,9.4371,False
13068.0,4,Lost,0.3034,13.0255,10.1716,False
13069.0,3,New Customers,0.5229,-9.2698,11.8719,False
13070.0,4,Lost,0.2399,2.7756,5.3034,False
13071.0,1,Loyal Customers,0.0533,8.72,-7.4128,True
13072.0,1,Loyal Customers,0.1942,18.4079,9.7251,True
13073.0,1,Loyal Customers,0.1414,7.6284,-0.3835,True
13074.0,1,Loyal Customers,0.1188,4.5517,1.5999,True
13075.0,4,Lost,0.26,15.9482,13.278,False
13076.0,1,Loyal Customers,0.116,13.2674,-4.6886,True
13077.0,0,Champions,0.3663,-7.3299,5.1676,True
13078.0,2,At Risk,0.838,-8.9611,13.5419,False
13079.0,4,Lost,0.3168,-3.2425,0.3282,False
13080.0,4,Lost,0.2388,2.663,5.901,False
13082.0,3,New Customers,0.3981,-8.4167,9.8717,False
13083.0,4,Lost,0.3091,4.4535,10.5697,False
13084.0,1,Loyal Customers,0.102,12.2846,-5.1931,True
13085.0,0,Champions,0.2865,-5.4891,3.1116,True
13086.0,1,Loyal Customers,0.1506,13.8801,-2.1357,True
13087.0,1,Loyal Customers,0.0095,3.8082,-6.0328,True
13088.0,1,Loyal Customers,0.1341,14.8026,-3.3471,True
13090.0,3,New Customers,0.5448,-8.2197,12.5963,False
13091.0,4,Lost,0.3254,8.2603,8.6827,False
13092.0,0,Champions,0.3278,-7.8593,4.464,True
13094.0,0,Champions,0.3545,-8.0571,4.845,True
13095.0,4,Lost,0.2725,17.9067,14.974,False
13096.0,1,Loyal Customers,0.1459,13.7571,-2.3058,True
13097.0,3,New Customers,0.5353,-8.4686,12.4337,False
13098.0,2,At Risk,0.7581,-8.6567,13.6914,False
13099.0,4,Lost,0.2629,17.6358,13.8363,False
13101.0,4,Lost,0.2221,2.8802,5.2266,False
13102.0,3,New Customers,0.5477,-9.0336,12.5459,False
13103.0,4,Lost,0.2987,5.4835,10.1695,False
13104.0,4,Lost,0.3421,-6.6973,2.8592,False
13105.0,1,Loyal Customers,0.1241,14.1762,-4.4288,True
13106.0,4,Lost,0.257,11.7614,7.7247,False
13107.0,0,Champions,0.3735,-5.8037,7.2358,True
13108.0,1,Loyal Customers,0.1661,6.5571,1.2535,True
13109.0,4,Lost,0.2963,6.5284,9.1894,False
13110.0,0,Champions,0.3551,-7.7654,5.4534,True
13111.0,1,Loyal Customers,0.0125,3.8029,-6.0556,True
13112.0,1,Loyal Customers,0.0807,11.09,-6.267,True
13113.0,2,At Risk,0.6415,-8.769,13.2484,False
13114.0,1,Loyal Customers,0.0064,3.2729,-6.0828,True
13115.0,0,Champions,0.3922,-6.0389,7.6504,True
13116.0,4,Lost,0.2511,17.1302,12.9975,False
13117.0,0,Champions,0.3694,-8.669,6.6757,True
13118.0,0,Champions,0.3448,-6.3138,3.5863,True
13119.0,1,Loyal Customers,0.0302,7.0296,-7.6391,True
13120.0,1,Loyal Customers,0.2036,18.5596,10.2762,True
13121.0,1,Loyal Customers,0.1949,17.9099,9.9031,True
13122.0,4,Lost,0.2771,10.8431,8.4542,False
13123.0,1,Loyal Customers,0.1174,6.675,-0.5817,True
13124.0,0,Champions,0.336,-4.2875,6.389,True
13125.0,1,Loyal Customers,0.0895,11.4583,-5.7334,True
13126.0,0,Champions,0.3822,-7.706,6.8226,True
13127.0,4,Lost,0.2722,17.2749,14.4066,False
13128.0,1,Loyal Customers,0.0474,8.2354,-7.1226,True
13129.0,1,Loyal Customers,0.1223,7.1017,-0.977,True
13130.0,4,Lost,0.263,17.9269,14.2131,False
13131.0,0,Champions,0.3508,-4.1934,4.7671,True
13132.0,1,Loyal Customers,0.1949,18.5701,10.0182,True
13133.0,1,Loyal Customers,0.1967,4.8988,5.7683,True
13134.0,4,Lost,0.3113,-2.5349,3.0675,False
13135.0,4,Lost,0.2684,-2.1289,4.9549,False
13136.0,0,Champions,0.3923,-6.7516,8.8368,True
13137.0,3,New Customers,0.4376,-7.5621,10.114,False
13138.0,4,Lost,0.3262,-4.7038,1.597,False
13139.0,0,Champions,0.4223,-6.7642,10.8869,True
13140.0,4,Lost,0.2828,0.6117,5.3099,False
13141.0,3,New Customers,0.4094,-7.5867,10.1058,False
13142.0,4,Lost,0.2968,15.7844,15.8611,False
13143.0,1,Loyal Customers,0.068,9.1053,-6.1619,True
13144.0,1,Loyal Customers,0.1693,11.2708,5.3296,True
13145.0,4,Lost,0.3183,-4.7119,1.5993,False
13146.0,4,Lost,0.2929,16.2186,16.2232,False
13147.0,4,Lost,0.3134,2.4664,7.9414,False
13148.0,3,New Customers,0.4674,-8.749,11.1058,False
13149.0,4,Lost,0.3248,-0.1609,8.3201,False
13150.0,1,Loyal Customers,0.1147,4.0629,1.962,True
13151.0,4,Lost,0.22,-1.2377,4.3906,False
13152.0,1,Loyal Customers,0.1748,-0.4823,3.4442,True
13153.0,4,Lost,0.3045,15.5148,15.0373,False
13154.0,1,Loyal Customers,0.1651,5.3635,2.1984,True
13155.0,4,Lost,0.3231,-2.3638,1.611,False
13156.0,1,Loyal Customers,0.1703,5.4029,2.2092,True
13157.0,0,Champions,0.3773,-5.7581,7.6633,True
13158.0,4,Lost,0.2921,0.0922,5.4779,False
13159.0,4,Lost,0.3236,0.1712,8.7257,False
13160.0,4,Lost,0.2927,16.8317,16.6303,False
13161.0,1,Loyal Customers,0.1821,11.0198,5.4882,True
13162.0,3,New Customers,0.4136,-7.5593,11.0088,False
13163.0,1,Loyal Customers,0.0526,8.9032,-7.4322,True
13164.0,1,Loyal Customers,0.0766,5.0683,-0.3142,True
13165.0,4,Lost,0.3063,7.2069,8.7444,False
13166.0,1,Loyal Customers,0.1998,10.7398,6.0129,True
13167.0,4,Lost,0.3178,0.6012,6.2052,False
13168.0,4,Lost,0.3211,-0.8008,5.8166,False
13169.0,4,Lost,0.2907,5.84,9.6685,False
13170.0,4,Lost,0.291,16.9139,16.4905,False
13171.0,4,Lost,0.3027,4.6851,10.5195,False
13172.0,1,Loyal Customers,0.1387,15.8068,-3.1362,True
13173.0,0,Champions,0.3593,-7.5125,4.7679,True
13174.0,3,New Customers,0.4498,-7.2754,11.046,False
13175.0,1,Loyal Customers,0.0775,5.0954,0.1918,True
13176.0,4,Lost,0.2883,15.8374,14.6164,False
13177.0,4,Lost,0.2834,12.1693,9.0591,False
13178.0,3,New Customers,0.5298,-8.0222,12.5678,False
13179.0,1,Loyal Customers,0.0565,8.248,-6.0858,True
13180.0,1,Loyal Customers,0.0548,8.9903,-7.3801,True
13181.0,1,Loyal Customers,0.1504,14.307,-2.1075,True
13182.0,4,Lost,0.2837,17.4697,15.7473,False
13183.0,0,Champions,0.4271,-7.1508,9.4146,True
13184.0,4,Lost,0.3396,-7.3605,3.4689,False
13185.0,1,Loyal Customers,0.1924,18.5498,9.9346,True
13186.0,4,Lost,0.3104,7.3555,8.7745,False
13187.0,1,Loyal Customers,0.1758,2.5205,3.1897,True
13188.0,4,Lost,0.2974,16.5735,16.7617,False
13189.0,4,Lost,0.2987,13.4669,9.7861,False
13190.0,1,Loyal Customers,0.0919,4.1043,1.574,True
13191.0,1,Loyal Customers,0.0351,7.5682,-7.4175,True
13192.0,4,Lost,0.3088,-2.5606,3.1897,False
13193.0,4,Lost,0.2772,17.8546,15.1837,False
13194.0,4,Lost,0.254,11.9105,7.5932,False
13195.0,1,Loyal Customers,0.1344,14.9779,-3.6348,True
13196.0,0,Champions,0.3523,-4.1801,4.2146,True
13197.0,1,Loyal Customers,0.0575,8.6438,-6.2665,True
13198.0,0,Champions,0.381,-5.4126,6.9134,True
13199.0,2,At Risk,0.685,-9.1347,13.1186,False
13200.0,4,Lost,0.3119,1.9513,8.415,False
13201.0,1,Loyal Customers,0.1205,4.5118,1.6021,True
13202.0,1,Loyal Customers,0.1765,-0.1393,3.0247,True
13203.0,0,Champions,0.3545,-7.0841,4.1115,True
13204.0,1,Loyal Customers,0.0163,7.6948,-5.8193,True
13205.0,1,Loyal Customers,0.1583,5.2875,1.7069,True
13206.0,3,New Customers,0.281,-7.1683,10.8699,False
13207.0,4,Lost,0.309,2.6414,7.5598,False
13208.0,4,Lost,0.3232,-6.3418,3.0793,False
13209.0,3,New Customers,0.4332,-7.2015,10.6699,False
13210.0,4,Lost,0.2669,17.034,13.893,False
13211.0,0,Champions,0.3556,-7.063,4.1374,True
13212.0,4,Lost,0.3079,6.3224,10.9104,False
13213.0,0,Champions,0.3542,-6.8773,5.9621,True
13214.0,0,Champions,0.1895,-1.1168,3.758,True
13215.0,1,Loyal Customers,0.1381,15.6951,-3.2434,True
13216.0,1,Loyal Customers,0.1959,17.7756,9.9892,True
13217.0,4,Lost,0.2672,2.5775,6.1299,False
13218.0,4,Lost,0.2496,17.9145,13.337,False
13219.0,1,Loyal Customers,0.0502,8.7428,-7.4707,True
13220.0,4,Lost,0.2967,0.3384,5.5057,False
13221.0,4,Lost,0.2168,10.8419,6.2968,False
13222.0,1,Loyal Customers,0.067,9.9695,-6.945,True
13223.0,4,Lost,0.2446,-0.7373,2.1459,False
13224.0,4,Lost,0.3077,8.4439,8.6983,False
13225.0,3,New Customers,0.5566,-7.9612,12.9829,False
13226.0,1,Loyal Customers,0.1961,11.4551,5.5286,True
13227.0,4,Lost,0.2217,17.8442,11.4947,False
13228.0,4,Lost,0.2723,16.9396,14.0401,False
13229.0,4,Lost,0.2107,18.3199,10.7507,False
13230.0,3,New Customers,0.4568,-9.1245,10.5899,False
13232.0,4,Lost,0.3283,-4.6905,1.37,False
13233.0,4,Lost,0.2937,1.0562,8.4353,False
13234.0,1,Loyal Customers,0.0341,4.4688,-0.4388,True
13235.0,4,Lost,0.2282,16.8612,10.4797,False
13236.0,4,Lost,0.3028,11.1462,9.686,False
13237.0,1,Loyal Customers,0.1514,13.1683,-2.1729,True
13238.0,4,Lost,0.3195,-2.9286,0.2469,False
13239.0,4,Lost,0.2254,0.8736,3.9162,False
13240.0,4,Lost,0.3022,-5.7367,2.4015,False
13241.0,1,Loyal Customers,0.1345,15.4881,-3.384,True
13242.0,4,Lost,0.2792,-0.9914,1.9742,False
13243.0,4,Lost,0.2451,1.1239,4.3159,False
13244.0,4,Lost,0.2642,17.9116,14.1641,False
13245.0,4,Lost,0.2955,10.5434,8.8116,False
13246.0,0,Champions,0.3637,-7.0965,5.6186,True
13247.0,4,Lost,0.3073,2.6668,7.4864,False
13248.0,4,Lost,0.2583,11.9129,7.634,False
13249.0,4,Lost,0.3046,-6.397,2.6159,False
13250.0,1,Loyal Customers,0.1189,6.9523,-0.9295,True
13251.0,1,Loyal Customers,0.1404,14.802,-2.9,True
13252.0,1,Loyal Customers,0.1481,8.01,-0.3806,True
13253.0,4,Lost,0.284,-2.1999,5.0757,False
13254.0,1,Loyal Customers,0.1482,15.7889,-2.4465,True
13255.0,4,Lost,0.3139,6.5165,10.5737,False
13257.0,1,Loyal Customers,0.1252,13.8174,-4.3544,True
13258.0,4,Lost,0.3194,0.8498,6.1681,False
13259.0,4,Lost,0.3144,-6.5927,2.5625,False
13260.0,4,Lost,0.2831,15.9983,14.1393,False
13261.0,4,Lost,0.2063,10.7656,6.137,False
13262.0,4,Lost,0.2062,5.0871,5.9305,False
13263.0,3,New Customers,0.5121,-9.285,11.8464,False
13264.0,1,Loyal Customers,0.1301,12.7143,-2.5914,True
13265.0,4,Lost,0.3173,-1.2206,5.6832,False
13266.0,0,Champions,0.4236,-8.2952,9.1011,True
13267.0,3,New Customers,0.5181,-9.2416,11.8137,False
13268.0,0,Champions,0.3614,-7.1746,5.4219,True
13269.0,3,New Customers,0.4873,-8.9154,11.2165,False
13270.0,1,Loyal Customers,0.1676,12.3761,-1.8735,True
13271.0,4,Lost,0.2883,16.7486,15.7227,False
13272.0,4,Lost,0.294,13.4054,9.5584,False
13273.0,4,Lost,0.2563,17.8874,13.6688,False
13274.0,1,Loyal Customers,0.139,13.7634,-2.8285,True
13275.0,1,Loyal Customers,0.15,8.187,-0.897,True
13276.0,4,Lost,0.3105,-0.898,5.6279,False
13277.0,4,Lost,0.3158,-4.4499,0.8969,False
13278.0,4,Lost,0.3106,0.3726,8.5702,False
13279.0,4,Lost,0.2705,17.8484,14.6546,False
13280.0,4,Lost,0.2971,-4.8874,2.726,False
13281.0,1,Loyal Customers,0.1267,13.1796,-3.6219,True
13282.0,4,Lost,0.3183,0.3743,8.8962,False
13283.0,4,Lost,0.2885,2.5919,6.607,False
13284.0,1,Loyal Customers,0.1685,17.6634,8.8202,True
13285.0,0,Champions,0.349,-3.737,4.8749,True
13286.0,1,Loyal Customers,0.0664,8.2511,-5.9727,True
13287.0,1,Loyal Customers,0.0708,4.4264,1.019,True
13288.0,1,Loyal Customers,0.1428,0.9743,3.0503,True
13289.0,1,Loyal Customers,0.0102,3.7941,-6.0418,True
13290.0,1,Loyal Customers,0.1251,13.5109,-4.1544,True
13291.0,0,Champions,0.3067,-6.7602,5.5608,True
13292.0,4,Lost,0.3079,0.9383,5.9236,False
13293.0,1,Loyal Customers,0.1696,0.2577,2.9107,True
13294.0,4,Lost,0.251,6.5765,7.395,False
13295.0,1,Loyal Customers,0.1764,1.6816,3.1165,True
13296.0,4,Lost,0.2678,-0.8349,2.0544,False
13297.0,0,Champions,0.3712,-4.8206,6.3081,True
13298.0,4,Lost,0.3048,15.5007,15.6495,False
13299.0,4,Lost,0.2129,6.033,6.7235,False
13300.0,4,Lost,0.254,6.3488,7.6212,False
13301.0,4,Lost,0.2739,2.5399,6.2819,False
13302.0,4,Lost,0.242,12.3793,7.0003,False
13303.0,1,Loyal Customers,0.1386,15.7721,-3.1733,True
13304.0,1,Loyal Customers,0.1816,1.511,3.2118,True
13305.0,0,Champions,0.3868,-8.3814,6.8824,True
13306.0,1,Loyal Customers,0.1263,14.2587,-4.439,True
13307.0,4,Lost,0.2602,4.7772,9.0864,False
13308.0,4,Lost,0.3211,-0.156,8.3008,False
13309.0,4,Lost,0.333,-2.3813,1.5099,False
13310.0,4,Lost,0.3198,-0.2554,5.9866,False
13311.0,4,Lost,0.3093,11.6875,10.1535,False
13312.0,1,Loyal Customers,0.1187,13.4385,-4.5989,True
13313.0,0,Champions,0.3654,-7.6078,5.9377,True
13314.0,4,Lost,0.315,6.1098,11.0091,False
13315.0,1,Loyal Customers,0.0245,7.1687,-6.6904,True
13316.0,3,New Customers,0.4863,-7.4579,12.1323,False
13317.0,0,Champions,0.406,-8.185,9.36,True
13318.0,4,Lost,0.3136,5.5284,10.9953,False
13319.0,2,At Risk,0.7388,-9.0339,13.4341,False
13320.0,4,Lost,0.3112,-2.4162,2.7488,False
13321.0,4,Lost,0.2813,11.897,8.9684,False
13322.0,4,Lost,0.2962,16.2444,16.4245,False
13323.0,4,Lost,0.3197,1.2825,6.0976,False
13324.0,3,New Customers,0.4703,-7.8305,11.3873,False
13325.0,4,Lost,0.2762,15.9219,13.6153,False
13326.0,1,Loyal Customers,0.1286,13.4801,-3.7769,True
13327.0,3,New Customers,0.4654,-7.9822,11.2699,False
13328.0,1,Loyal Customers,0.1896,12.3498,-1.8252,True
13329.0,0,Champions,0.374,-5.4043,7.0,True
13330.0,0,Champions,0.313,-3.3318,4.3164,True
13331.0,1,Loyal Customers,0.1405,14.7607,-2.8982,True
13332.0,4,Lost,0.2994,15.5726,15.6607,False
13333.0,1,Loyal Customers,0.152,5.0703,2.8654,True
13334.0,0,Champions,0.3618,-5.3322,7.5688,True
13336.0,4,Lost,0.2798,15.8464,13.5562,False
13337.0,1,Loyal Customers,0.0998,5.3631,1.1204,True
13338.0,4,Lost,0.2767,-1.6823,5.0237,False
13339.0,4,Lost,0.2303,16.9033,10.5138,False
13340.0,2,At Risk,0.6087,-8.2019,13.4811,False
13341.0,1,Loyal Customers,0.2048,17.0936,10.3291,True
13343.0,4,Lost,0.2328,17.5925,11.822,False
13344.0,4,Lost,0.3121,-2.1107,5.45,False
13345.0,1,Loyal Customers,0.1886,17.5201,9.612,True
13346.0,1,Loyal Customers,0.1286,2.3033,2.9519,True
13347.0,4,Lost,0.2765,16.8326,14.3512,False
13348.0,4,Lost,0.2775,17.2651,14.8342,False
13349.0,4,Lost,0.2992,15.9999,16.3473,False
13350.0,4,Lost,0.3096,10.3366,9.3175,False
13351.0,4,Lost,0.2786,16.5352,14.3595,False
13352.0,4,Lost,0.2814,16.3819,14.4811,False
13354.0,4,Lost,0.2816,15.8617,13.5945,False
13355.0,4,Lost,0.2599,16.7076,13.2952,False
13356.0,4,Lost,0.2783,15.8526,13.5433,False
13357.0,0,Champions,0.2578,-3.2206,5.1303,True
13358.0,1,Loyal Customers,0.197,17.5422,10.2999,True
13359.0,4,Lost,0.291,10.4907,8.7231,False
13360.0,1,Loyal Customers,0.1532,0.6341,3.3652,True
13361.0,1,Loyal Customers,0.1306,5.9129,1.3543,True
13362.0,0,Champions,0.3847,-5.2076,7.2204,True
13363.0,4,Lost,0.3214,8.0442,8.7914,False
13364.0,4,Lost,0.2733,17.8147,14.781,False
13365.0,4,Lost,0.3192,8.4375,8.6829,False
13366.0,4,Lost,0.2808,17.7745,15.4131,False
13367.0,1,Loyal Customers,0.1317,12.9628,-2.9482,True
13368.0,4,Lost,0.2185,2.248,4.6053,False
13369.0,1,Loyal Customers,0.1599,13.1808,-2.1558,True
13370.0,1,Loyal Customers,0.1696,12.292,-1.8015,True
13371.0,1,Loyal Customers,0.1287,5.3207,1.6373,True
13372.0,4,Lost,0.2689,16.9184,13.9439,False
13373.0,0,Champions,0.3907,-6.6924,10.8618,True
13374.0,1,Loyal Customers,0.1399,7.5349,-0.3476,True
13375.0,4,Lost,0.2909,8.7912,8.7069,False
13376.0,4,Lost,0.2789,6.2439,8.9992,False
13377.0,1,Loyal Customers,0.1625,5.8977,1.5974,True
13379.0,4,Lost,0.3025,4.9661,10.5273,False
13380.0,1,Loyal Customers,0.1252,14.2191,-4.4607,True
13381.0,3,New Customers,0.426,-7.0843,10.6648,False
13382.0,4,Lost,0.2149,0.8584,3.8616,False
13383.0,1,Loyal Customers,0.0834,10.3696,-5.8866,True
13384.0,0,Champions,0.4031,-6.3741,8.7279,True
13385.0,1,Loyal Customers,0.1735,17.2817,9.6974,True
13386.0,1,Loyal Customers,0.1459,6.6676,0.8581,True
13387.0,1,Loyal Customers,0.1334,14.9288,-3.6363,True
13388.0,4,Lost,0.2681,6.2604,7.9573,False
13389.0,4,Lost,0.3117,6.1805,10.991,False
13390.0,4,Lost,0.2772,16.2848,13.9128,False
13391.0,4,Lost,0.2182,18.3337,11.225,False
13392.0,1,Loyal Customers,0.0264,6.8457,-7.6741,True
13393.0,1,Loyal Customers,0.0857,4.4113,1.203,True
13394.0,3,New Customers,0.4339,-8.196,9.4093,False
13395.0,4,Lost,0.2461,6.199,7.5393,False
13396.0,4,Lost,0.3095,9.5981,8.8743,False
13397.0,0,Champions,0.3362,-6.4045,5.1101,True
13398.0,4,Lost,0.2339,11.308,6.8201,False
13399.0,1,Loyal Customers,0.1204,4.0277,1.9897,True
13400.0,1,Loyal Customers,0.0676,9.3498,-6.3213,True
13402.0,4,Lost,0.277,0.3678,8.0098,False
13403.0,4,Lost,0.3011,4.1832,10.0518,False
13404.0,4,Lost,0.3059,13.5186,9.9995,False
13405.0,4,Lost,0.2991,-2.9681,0.6971,False
13406.0,1,Loyal Customers,0.137,7.1068,-0.0632,True
13407.0,1,Loyal Customers,0.1004,5.223,1.5429,True
13410.0,0,Champions,0.3403,-6.405,3.394,True
13411.0,4,Lost,0.2598,17.6729,13.7304,False
13412.0,1,Loyal Customers,0.0549,8.3234,-6.1565,True
13413.0,1,Loyal Customers,0.0584,4.1066,1.3283,True
13414.0,4,Lost,0.2921,-2.4335,3.2516,False
13415.0,1,Loyal Customers,0.1264,2.8169,2.5637,True
13416.0,4,Lost,0.3002,6.3169,9.848,False
13417.0,4,Lost,0.3333,-2.3845,1.4927,False
13418.0,3,New Customers,0.5356,-8.6536,12.35,False
13419.0,4,Lost,0.2773,17.2997,14.8621,False
13420.0,4,Lost,0.244,12.3867,7.0253,False
13421.0,0,Champions,0.357,-5.0646,5.8381,True
13422.0,4,Lost,0.3099,8.4289,8.6613,False
13423.0,1,Loyal Customers,0.1289,13.5604,-3.9948,True
13424.0,1,Loyal Customers,0.1252,12.6498,-3.2006,True
13425.0,0,Champions,0.3125,-3.214,5.3639,True
13426.0,3,New Customers,0.4627,-8.4749,10.621,False
13427.0,4,Lost,0.3187,-2.9486,0.233,False
13428.0,4,Lost,0.308,4.6768,10.6269,False
13429.0,4,Lost,0.317,1.5294,8.6382,False
13430.0,4,Lost,0.3043,11.3889,9.9465,False
13431.0,0,Champions,0.3354,-5.0429,4.6106,True
13432.0,1,Loyal Customers,0.0767,5.0924,-0.2777,True
13433.0,1,Loyal Customers,0.1131,2.9181,2.4762,True
13434.0,4,Lost,0.3028,-0.4657,5.6582,False
13435.0,0,Champions,0.3788,-5.5011,6.2403,True
13436.0,4,Lost,0.3022,16.2788,16.7558,False
13437.0,0,Champions,0.3557,-4.1748,4.8606,True
13438.0,1,Loyal Customers,0.0786,10.9657,-6.3869,True
13439.0,4,Lost,0.215,5.6912,6.7641,False
13440.0,1,Loyal Customers,0.1608,0.1246,2.9475,True
13441.0,4,Lost,0.2752,11.4511,8.3754,False
13442.0,1,Loyal Customers,0.0399,4.3797,-0.2851,True
13443.0,1,Loyal Customers,0.1476,0.302,2.9869,True
13444.0,1,Loyal Customers,0.1594,7.28,0.657,True
13445.0,1,Loyal Customers,0.0492,8.2978,-7.1478,True
13446.0,0,Champions,0.2029,-6.3631,6.2564,True
13447.0,4,Lost,0.3113,6.8705,9.8874,False
13448.0,3,New Customers,0.4484,-7.3332,10.9634,False
13449.0,4,Lost,0.2946,15.8341,15.8735,False
13450.0,0,Champions,0.375,-7.6541,6.8948,True
13451.0,0,Champions,0.412,-6.3542,8.7841,True
13452.0,4,Lost,0.2099,5.4762,6.5833,False
13453.0,4,Lost,0.2484,5.7016,7.6944,False
13454.0,1,Loyal Customers,0.0428,7.9831,-7.3063,True
13455.0,0,Champions,0.342,-3.2276,4.2533,True
13456.0,4,Lost,0.3294,-2.375,1.6329,False
13457.0,1,Loyal Customers,0.0248,4.3808,-0.5407,True
13458.0,3,New Customers,0.4967,-7.6432,11.8914,False
13459.0,1,Loyal Customers,0.0645,5.0861,0.8205,True
13460.0,4,Lost,0.2935,13.521,9.437,False
13461.0,0,Champions,0.3533,-4.21,5.9983,True
13462.0,4,Lost,0.2231,1.2281,4.2031,False
13464.0,0,Champions,0.3311,-3.4028,4.5154,True
13465.0,1,Loyal Customers,0.1342,6.4285,0.5854,True
13466.0,4,Lost,0.2492,1.1837,4.5693,False
13467.0,4,Lost,0.3131,10.2268,9.2228,False
13468.0,2,At Risk,0.657,-9.1933,12.9592,False
13469.0,1,Loyal Customers,0.036,7.7469,-7.5991,True
13470.0,4,Lost,0.2648,13.0539,8.5829,False
13471.0,4,Lost,0.3417,-2.0874,5.509,False
13472.0,1,Loyal Customers,0.1223,6.6021,-0.1538,True
13473.0,0,Champions,0.3289,-5.2492,3.799,True
13474.0,4,Lost,0.2184,5.4879,6.8749,False
13475.0,4,Lost,0.2496,2.1208,4.7347,False
13476.0,4,Lost,0.2654,-0.9692,4.9267,False
13477.0,0,Champions,0.3481,-7.3914,4.9846,True
13478.0,1,Loyal Customers,0.1496,-0.2622,3.6389,True
13479.0,4,Lost,0.2376,2.7566,5.2718,False
13480.0,1,Loyal Customers,0.1418,7.1155,0.1882,True
13481.0,0,Champions,0.3584,-6.9377,5.976,True
13482.0,4,Lost,0.2131,11.8766,6.0574,False
13483.0,4,Lost,0.2754,17.7537,15.0372,False
13484.0,4,Lost,0.2181,5.5543,6.7723,False
13485.0,0,Champions,0.2713,-6.8125,5.5347,True
13486.0,4,Lost,0.2888,6.4198,9.0318,False
13487.0,4,Lost,0.2982,1.2137,5.8077,False
13488.0,3,New Customers,0.5592,-8.1594,12.8918,False
13489.0,4,Lost,0.2712,2.5745,6.3129,False
13490.0,1,Loyal Customers,0.0366,7.658,-7.4604,True
13491.0,0,Champions,0.4055,-8.9179,8.257,True
13492.0,4,Lost,0.2672,6.366,7.8772,False
13493.0,1,Loyal Customers,0.1994,11.1562,5.8721,True
13494.0,1,Loyal Customers,0.1778,17.412,9.4606,True
13495.0,0,Champions,0.3922,-6.1102,7.612,True
13496.0,4,Lost,0.3072,11.522,10.067,False
13497.0,4,Lost,0.2156,-0.2001,2.8511,False
13498.0,1,Loyal Customers,0.0081,3.8229,-6.0208,True
13499.0,4,Lost,0.3187,0.5005,6.2027,False
13500.0,4,Lost,0.3183,0.1106,8.6303,False
13501.0,4,Lost,0.2273,-1.5642,4.5412,False
13502.0,4,Lost,0.3139,1.2972,6.0661,False
13503.0,4,Lost,0.3097,-2.2967,2.0409,False
13504.0,4,Lost,0.2784,16.9331,14.4592,False
13505.0,0,Champions,0.3376,-4.07,6.1328,True
13506.0,4,Lost,0.204,0.6666,3.5958,False
13507.0,4,Lost,0.3402,-2.0733,5.5129,False
13508.0,4,Lost,0.2075,11.8371,5.9439,False
13509.0,4,Lost,0.3292,-6.2972,2.0238,False
13510.0,0,Champions,0.3865,-6.5855,6.888,True
13511.0,1,Loyal Customers,0.029,7.1758,-6.7708,True
13512.0,4,Lost,0.2114,2.9604,5.1824,False
13513.0,4,Lost,0.2649,5.6874,8.4158,False
13514.0,4,Lost,0.2888,2.2605,6.9949,False
13515.0,4,Lost,0.3002,-2.9502,0.7195,False
13516.0,4,Lost,0.3221,-0.1668,8.3058,False
13517.0,4,Lost,0.3098,8.2413,8.718,False
13518.0,4,Lost,0.2743,15.9485,13.6224,False
13519.0,4,Lost,0.2758,12.9279,8.6908,False
13520.0,0,Champions,0.3948,-6.3715,8.7693,True
13521.0,4,Lost,0.3197,6.8186,10.0767,False
13522.0,4,Lost,0.2899,16.9682,16.3684,False
13523.0,0,Champions,0.3685,-4.8881,6.8942,True
13524.0,4,Lost,0.3028,1.4384,5.9304,False
13525.0,4,Lost,0.3053,11.5876,10.0745,False
13526.0,1,Loyal Customers,0.0189,7.6404,-5.7457,True
13527.0,0,Champions,0.3773,-7.0128,7.1385,True
13529.0,4,Lost,0.2749,13.0132,8.6476,False
13530.0,1,Loyal Customers,0.0481,8.1022,-6.3506,True
13531.0,4,Lost,0.253,-1.1466,2.7722,False
13532.0,4,Lost,0.2894,16.6939,15.9139,False
13533.0,4,Lost,0.2346,4.9743,8.233,False
13534.0,3,New Customers,0.4884,-9.2201,11.5708,False
13535.0,1,Loyal Customers,0.1378,15.675,-3.2601,True
13536.0,0,Champions,0.3615,-4.2095,4.883,True
13537.0,1,Loyal Customers,0.1394,6.7897,0.5053,True
13538.0,0,Champions,0.3523,-7.7247,5.5579,True
13539.0,4,Lost,0.3015,-4.8148,1.8993,False
13540.0,1,Loyal Customers,0.1241,4.3051,2.2554,True
13541.0,1,Loyal Customers,0.1399,6.7089,0.6017,True
13542.0,0,Champions,0.2411,-6.7157,6.39,True
13543.0,1,Loyal Customers,0.0646,5.0725,0.9137,True
13544.0,4,Lost,0.3077,-3.0828,0.2698,False
13545.0,1,Loyal Customers,0.149,8.0725,-0.4368,True
13546.0,4,Lost,0.3202,0.6915,6.2008,False
13547.0,1,Loyal Customers,0.1369,15.1052,-3.5154,True
13548.0,4,Lost,0.2786,6.0842,9.0851,False
13549.0,4,Lost,0.3208,-6.2715,1.995,False
13550.0,1,Loyal Customers,0.1494,14.3502,-2.1224,True
13551.0,1,Loyal Customers,0.1765,11.2781,5.355,True
13552.0,3,New Customers,0.4201,-8.5445,9.8928,False
13553.0,1,Loyal Customers,0.033,7.6256,-6.2791,True
13554.0,1,Loyal Customers,0.183,-0.218,3.063,True
13555.0,3,New Customers,0.4219,-7.3458,10.918,False
13556.0,1,Loyal Customers,0.1312,7.5585,-0.9057,True
13557.0,0,Champions,0.3598,-8.209,5.5965,True
13558.0,4,Lost,0.3136,2.5851,7.7127,False
13559.0,1,Loyal Customers,0.1077,5.5238,0.3568,True
13560.0,4,Lost,0.2999,16.3183,16.7473,False
13561.0,0,Champions,0.262,-6.1531,2.9931,True
13562.0,0,Champions,0.3499,-5.4135,6.7038,True
13563.0,4,Lost,0.2792,11.1398,8.5017,False
13564.0,2,At Risk,0.5647,-8.7867,13.1568,False
13565.0,4,Lost,0.3032,4.4774,10.4895,False
13566.0,4,Lost,0.3168,-0.4859,5.776,False
13567.0,1,Loyal Customers,0.1485,1.5372,2.9709,True
13568.0,4,Lost,0.2327,18.0311,12.0825,False
13569.0,4,Lost,0.313,1.8782,8.472,False
13570.0,1,Loyal Customers,0.2048,18.1791,10.4363,True
13571.0,0,Champions,0.4187,-8.8943,8.2924,True
13572.0,4,Lost,0.2354,16.804,10.4982,False
13573.0,4,Lost,0.3049,-3.0341,0.3674,False
13574.0,1,Loyal Customers,0.139,13.6202,-2.7124,True
13575.0,4,Lost,0.3109,1.4196,6.0068,False
13576.0,3,New Customers,0.5197,-8.5572,12.0883,False
13577.0,0,Champions,0.3623,-7.0811,5.7089,True
13578.0,1,Loyal Customers,0.1361,15.3638,-3.4059,True
13579.0,4,Lost,0.325,-0.2782,6.0374,False
13580.0,1,Loyal Customers,0.1368,15.5941,-3.3082,True
13581.0,1,Loyal Customers,0.181,11.2862,5.3519,True
13582.0,1,Loyal Customers,0.1476,8.109,-0.9286,True
13583.0,4,Lost,0.259,6.7236,7.5637,False
13584.0,1,Loyal Customers,0.1858,4.9559,5.6653,True
13585.0,1,Loyal Customers,0.0987,4.2167,1.6148,True
13586.0,1,Loyal Customers,0.0822,11.0244,-6.1923,True
13587.0,4,Lost,0.3045,-0.045,8.109,False
13588.0,0,Champions,0.3473,-6.2905,3.6297,True
13589.0,4,Lost,0.3218,-2.7618,0.3614,False
13590.0,0,Champions,0.4241,-8.1294,9.2798,True
13591.0,4,Lost,0.3172,-4.6187,2.5102,False
13592.0,4,Lost,0.2965,2.6446,7.169,False
13593.0,0,Champions,0.3635,-7.1313,8.2647,True
13594.0,4,Lost,0.2885,12.128,9.2129,False
13595.0,1,Loyal Customers,0.1062,4.2992,1.6716,True
13596.0,4,Lost,0.3098,11.3642,9.9722,False
13597.0,1,Loyal Customers,0.1456,7.9604,-0.4215,True
13598.0,4,Lost,0.3019,1.2969,5.8606,False
13599.0,3,New Customers,0.517,-9.1176,11.6622,False
13600.0,1,Loyal Customers,0.183,10.9918,5.5042,True
13601.0,4,Lost,0.3056,0.9598,8.64,False
13602.0,4,Lost,0.2953,1.2606,8.4053,False
13603.0,4,Lost,0.292,16.5686,16.3166,False
13604.0,1,Loyal Customers,0.0422,7.9275,-5.9969,True
13605.0,1,Loyal Customers,0.1526,7.5176,0.4411,True
13606.0,4,Lost,0.2973,4.2401,10.0757,False
13607.0,4,Lost,0.3012,10.2087,8.9539,False
13608.0,1,Loyal Customers,0.0836,10.5207,-6.0084,True
13609.0,1,Loyal Customers,0.0616,9.4352,-7.0194,True
13610.0,0,Champions,0.3572,-8.0887,4.7741,True
13611.0,0,Champions,0.3315,-6.358,5.1916,True
13612.0,1,Loyal Customers,0.0541,7.9945,-5.9389,True
13613.0,1,Loyal Customers,0.1402,0.9123,3.0139,True
13614.0,4,Lost,0.335,-2.4992,2.6162,False
13615.0,0,Champions,0.273,-5.4545,7.4601,True
13616.0,1,Loyal Customers,0.0759,5.0958,-0.4214,True
13617.0,4,Lost,0.3188,-6.2728,2.0511,False
13618.0,4,Lost,0.232,18.0424,12.0844,False
13619.0,1,Loyal Customers,0.0844,5.3649,-0.5688,True
13620.0,1,Loyal Customers,0.0873,11.3344,-5.9505,True
13621.0,4,Lost,0.2557,17.7711,13.5076,False
13622.0,1,Loyal Customers,0.0264,7.6833,-6.0598,True
13623.0,0,Champions,0.3448,-7.0963,4.0848,True
13624.0,1,Loyal Customers,0.1489,13.7033,-2.2051,True
13625.0,1,Loyal Customers,0.0618,9.1023,-6.3823,True
13626.0,4,Lost,0.2096,11.0372,6.1184,False
13627.0,4,Lost,0.3217,-4.4881,2.7589,False
13628.0,1,Loyal Customers,0.0298,7.2546,-6.6756,True
13629.0,3,New Customers,0.5168,-7.8886,12.3563,False
13630.0,4,Lost,0.3407,-4.3727,2.4347,False
13631.0,0,Champions,0.3261,-7.0677,5.3121,True
13632.0,0,Champions,0.357,-4.9943,5.287,True
13634.0,0,Champions,0.3929,-7.9318,8.055,True
13635.0,4,Lost,0.3208,-2.5282,5.4137,False
13636.0,4,Lost,0.3081,1.0617,5.9463,False
13637.0,4,Lost,0.2952,5.8248,9.7572,False
13638.0,4,Lost,0.2955,16.6546,16.7035,False
13639.0,4,Lost,0.291,9.8325,8.757,False
13640.0,1,Loyal Customers,0.0575,8.5651,-6.231,True
13641.0,1,Loyal Customers,0.0635,4.275,1.2286,True
13642.0,4,Lost,0.227,2.8836,5.3395,False
13643.0,0,Champions,0.3393,-7.2852,3.7653,True
13644.0,4,Lost,0.3368,-2.1438,5.5062,False
13645.0,4,Lost,0.255,17.6634,13.3907,False
13646.0,1,Loyal Customers,0.1447,7.883,-0.6485,True
13647.0,0,Champions,0.3553,-5.027,4.3852,True
13648.0,1,Loyal Customers,0.179,-0.3721,3.2093,True
13649.0,4,Lost,0.231,-0.7807,2.8957,False
13650.0,0,Champions,0.3603,-6.3602,5.1257,True
13651.0,4,Lost,0.2942,4.2228,9.9964,False
13652.0,4,Lost,0.3264,-2.001,5.4354,False
13653.0,1,Loyal Customers,0.1041,12.3835,-5.0771,True
13654.0,0,Champions,0.3931,-6.3536,8.5095,True
13655.0,4,Lost,0.2973,-2.3349,2.8725,False
13656.0,4,Lost,0.2553,2.5648,5.2538,False
13657.0,4,Lost,0.3036,12.9112,10.1953,False
13658.0,0,Champions,0.3978,-5.7035,7.7711,True
13659.0,0,Champions,0.3102,-6.3725,6.6382,True
13660.0,1,Loyal Customers,0.142,14.2055,-2.6155,True
13661.0,1,Loyal Customers,0.0597,8.9899,-6.3549,True
13662.0,0,Champions,0.3207,-7.6639,4.4404,True
13663.0,4,Lost,0.2653,-0.9729,4.9201,False
13665.0,1,Loyal Customers,0.1716,5.3727,2.1701,True
13666.0,4,Lost,0.2876,1.8821,6.2305,False
13667.0,4,Lost,0.2439,17.439,12.8983,False
13668.0,3,New Customers,0.5608,-8.9077,12.5888,False
13669.0,4,Lost,0.2902,4.4857,9.6756,False
13670.0,4,Lost,0.2746,16.868,14.223,False
13671.0,1,Loyal Customers,0.1424,15.1837,-2.7125,True
13672.0,1,Loyal Customers,0.1887,4.9479,5.7098,True
13673.0,4,Lost,0.3005,12.8363,10.1079,False
13674.0,1,Loyal Customers,0.1276,13.5455,-3.9733,True
13675.0,4,Lost,0.2481,11.963,7.2408,False
13676.0,1,Loyal Customers,0.087,5.4404,-0.6043,True
13677.0,1,Loyal Customers,0.1457,7.371,0.3109,True
13678.0,4,Lost,0.2417,17.9445,12.5514,False
13679.0,1,Loyal Customers,0.1083,4.0221,1.9005,True
13680.0,3,New Customers,0.4821,-7.4731,11.8019,False
13681.0,4,Lost,0.3117,2.0987,8.3014,False
13682.0,4,Lost,0.2252,18.23,11.7193,False
13683.0,1,Loyal Customers,0.1177,13.1244,-4.1705,True
13684.0,4,Lost,0.1996,3.1422,5.139,False
13685.0,0,Champions,0.3563,-4.2003,4.4331,True
13686.0,4,Lost,0.2365,5.0045,8.2377,False
13687.0,3,New Customers,0.2833,-7.0535,11.6198,False
13688.0,1,Loyal Customers,0.0473,8.0981,-6.3755,True
13689.0,4,Lost,0.2943,9.9175,8.7883,False
13690.0,4,Lost,0.2787,17.4698,15.1247,False
13691.0,1,Loyal Customers,0.1423,15.047,-2.7031,True
13692.0,0,Champions,0.3423,-2.6968,5.2963,True
13693.0,4,Lost,0.1954,-0.518,3.3098,False
13695.0,0,Champions,0.3625,-8.4919,6.2262,True
13696.0,1,Loyal Customers,0.1611,5.3589,1.9334,True
13697.0,4,Lost,0.2866,17.0838,16.0064,False
13698.0,1,Loyal Customers,0.0665,4.8896,-0.2999,True
13699.0,4,Lost,0.2502,11.0576,7.148,False
13700.0,0,Champions,0.355,-8.0835,5.0906,True
13701.0,1,Loyal Customers,0.1208,13.5119,-4.4482,True
13702.0,1,Loyal Customers,0.1209,13.5942,-4.4911,True
13703.0,1,Loyal Customers,0.1793,11.0838,5.433,True
13704.0,0,Champions,0.3494,-6.3726,3.5022,True
13705.0,4,Lost,0.3396,-4.39,2.4277,False
13706.0,1,Loyal Customers,0.1882,10.9386,5.6835,True
13707.0,0,Champions,0.2473,-3.0142,5.0173,True
13708.0,1,Loyal Customers,0.1942,17.8336,9.9014,True
13709.0,3,New Customers,0.4437,-7.7504,10.0979,False
13710.0,4,Lost,0.2992,4.8821,10.5236,False
13711.0,4,Lost,0.2555,-5.8357,2.8401,False
13712.0,4,Lost,0.2128,10.9066,6.2099,False
13713.0,1,Loyal Customers,0.1495,4.6514,2.6304,True
13714.0,1,Loyal Customers,0.1135,13.0767,-4.7517,True
13715.0,3,New Customers,0.3407,-7.553,10.9331,False
13716.0,1,Loyal Customers,0.1929,18.4383,9.7247,True
13717.0,4,Lost,0.3286,-5.7647,2.1797,False
13718.0,4,Lost,0.207,11.826,5.9296,False
13719.0,0,Champions,0.3572,-7.4198,4.9293,True
13720.0,4,Lost,0.2711,2.5229,6.1974,False
13721.0,4,Lost,0.2983,11.1486,9.6302,False
13722.0,0,Champions,0.3454,-5.9061,7.6497,True
13723.0,4,Lost,0.2409,-0.7361,2.2902,False
13724.0,1,Loyal Customers,0.0443,8.0961,-7.2588,True
13725.0,4,Lost,0.3242,-5.6327,2.4085,False
13726.0,4,Lost,0.3016,10.2218,8.9658,False
13727.0,4,Lost,0.3206,-6.3017,2.0144,False
13728.0,0,Champions,0.3612,-8.5022,6.2953,True
13729.0,1,Loyal Customers,0.1379,4.5765,2.5483,True
13730.0,4,Lost,0.2578,11.1835,7.5431,False
13731.0,4,Lost,0.2221,11.3556,6.3471,False
13732.0,4,Lost,0.2956,15.653,14.8954,False
13733.0,1,Loyal Customers,0.1424,7.3766,-0.1357,True
13734.0,0,Champions,0.1917,-5.1975,7.4257,True
13735.0,3,New Customers,0.4529,-7.3348,11.1004,False
13736.0,0,Champions,0.3507,-4.173,3.6416,True
13737.0,4,Lost,0.2237,17.6162,11.4177,False
13738.0,1,Loyal Customers,0.1454,13.6247,-2.3409,True
13739.0,4,Lost,0.2995,13.358,9.8895,False
13740.0,4,Lost,0.234,0.9457,4.0048,False
13741.0,4,Lost,0.2851,5.5224,9.6778,False
13742.0,0,Champions,0.3631,-7.7666,5.5507,True
13743.0,4,Lost,0.3322,-4.7027,1.3478,False
13744.0,4,Lost,0.2799,10.2897,8.6522,False
13745.0,4,Lost,0.2475,11.05,7.0891,False
13746.0,1,Loyal Customers,0.1345,15.0001,-3.6511,True
13747.0,1,Loyal Customers,0.1542,8.2691,-0.8512,True
13748.0,0,Champions,0.3119,-6.0923,3.2281,True
13750.0,0,Champions,0.352,-6.9888,5.8268,True
13751.0,1,Loyal Customers,0.1873,17.6456,9.6326,True
13752.0,4,Lost,0.2864,-5.0158,2.1574,False
13753.0,4,Lost,0.2191,-0.7918,4.357,False
13754.0,4,Lost,0.2496,5.107,8.4863,False
13755.0,0,Champions,0.3479,-6.4129,3.3929,True
13756.0,3,New Customers,0.4788,-8.4181,11.1606,False
13757.0,1,Loyal Customers,0.0286,6.9656,-7.1316,True
13758.0,3,New Customers,0.4578,-7.4717,11.0278,False
13759.0,4,Lost,0.2984,11.5189,9.6885,False
13760.0,4,Lost,0.3068,0.1976,5.6665,False
13761.0,4,Lost,0.3189,-2.3306,2.0,False
13762.0,4,Lost,0.2548,-1.3751,4.5029,False
13763.0,0,Champions,0.3504,-4.3671,6.4869,True
13764.0,0,Champions,0.3239,-3.3773,4.3616,True
13765.0,1,Loyal Customers,0.0397,7.7385,-6.5222,True
13766.0,1,Loyal Customers,0.1017,12.024,-5.1742,True
13768.0,1,Loyal Customers,0.0192,7.6104,-5.7328,True
13769.0,0,Champions,0.4252,-8.4102,8.9474,True
13770.0,1,Loyal Customers,0.1469,2.5187,2.7895,True
13771.0,0,Champions,0.3718,-5.7671,7.681,True
13772.0,0,Champions,0.3461,-5.035,4.42,True
13773.0,1,Loyal Customers,0.1455,8.0185,-0.7921,True
13774.0,4,Lost,0.2717,16.9482,14.0284,False
13775.0,1,Loyal Customers,0.0743,5.2561,0.6473,True
13776.0,1,Loyal Customers,0.1373,7.036,0.0132,True
13778.0,4,Lost,0.2812,1.126,8.3555,False
13779.0,1,Loyal Customers,0.0928,11.6213,-5.5516,True
13780.0,4,Lost,0.3124,5.873,11.0392,False
13781.0,4,Lost,0.2138,5.515,6.6707,False
13782.0,0,Champions,0.3491,-7.9725,4.4195,True
13783.0,1,Loyal Customers,0.1303,4.5646,1.6071,True
13784.0,0,Champions,0.368,-8.3843,5.8014,True
13785.0,1,Loyal Customers,0.1408,2.6585,2.7363,True
13786.0,0,Champions,0.2091,-1.5777,4.022,True
13787.0,4,Lost,0.2984,-2.9631,0.703,False
13788.0,1,Loyal Customers,0.0951,11.9443,-5.5859,True
13789.0,1,Loyal Customers,0.1459,14.9006,-2.4023,True
13790.0,4,Lost,0.3035,15.5197,15.656,False
13791.0,4,Lost,0.2713,6.8022,7.6774,False
13792.0,4,Lost,0.2837,4.5479,9.5354,False
13793.0,1,Loyal Customers,0.0387,7.8049,-7.579,True
13794.0,1,Loyal Customers,0.0797,10.8289,-6.418,True
13795.0,1,Loyal Customers,0.1614,2.324,2.8975,True
13796.0,1,Loyal Customers,0.1014,11.8456,-4.9634,True
13797.0,1,Loyal Customers,0.1437,5.178,2.5896,True
13799.0,0,Champions,0.3106,-5.8786,3.8208,True
13800.0,4,Lost,0.2021,0.7401,3.7603,False
13801.0,4,Lost,0.2775,16.831,14.3894,False
13802.0,2,At Risk,0.6442,-8.5447,13.7087,False
13803.0,4,Lost,0.2198,6.0926,6.8231,False
13804.0,0,Champions,0.3511,-5.918,4.3935,True
13805.0,4,Lost,0.2942,10.759,8.8479,False
13806.0,4,Lost,0.2778,17.2106,14.718,False
13807.0,1,Loyal Customers,0.1634,5.2379,4.0405,True
13808.0,4,Lost,0.3315,-0.6064,5.9807,False
13809.0,1,Loyal Customers,0.1905,5.208,5.9192,True
13810.0,4,Lost,0.3138,7.3345,8.8899,False
13811.0,4,Lost,0.2416,5.6657,7.4965,False
13812.0,4,Lost,0.2956,4.9964,10.4578,False
13813.0,0,Champions,0.3389,-5.2288,3.8599,True
13814.0,4,Lost,0.2985,8.2926,8.6906,False
13815.0,0,Champions,0.41,-6.6789,10.7948,True
13816.0,4,Lost,0.3008,11.8578,9.9286,False
13817.0,4,Lost,0.2962,12.9636,9.6781,False
13818.0,1,Loyal Customers,0.1264,14.2443,-4.4424,True
13819.0,4,Lost,0.2258,-1.1643,4.1227,False
13820.0,1,Loyal Customers,0.1444,4.612,2.6111,True
13821.0,4,Lost,0.2729,-1.2012,2.5853,False
13822.0,4,Lost,0.309,11.6043,10.1372,False
13823.0,0,Champions,0.3536,-4.1811,4.8573,True
13824.0,0,Champions,0.3591,-7.6913,5.7918,True
13825.0,1,Loyal Customers,0.0535,4.6384,-0.4957,True
13826.0,4,Lost,0.2314,18.0418,12.05,False
13827.0,4,Lost,0.2873,4.5176,9.605,False
13828.0,4,Lost,0.2943,16.2603,16.2913,False
13829.0,1,Loyal Customers,0.1306,14.6045,-4.1121,True
13830.0,1,Loyal Customers,0.0659,9.745,-6.9768,True
13831.0,3,New Customers,0.4312,-8.0006,9.4775,False
13832.0,4,Lost,0.3034,11.6383,10.0283,False
13833.0,4,Lost,0.2477,11.105,7.0906,False
13834.0,1,Loyal Customers,0.0727,5.0427,-0.3368,True
13835.0,4,Lost,0.3199,-4.6421,1.0523,False
13836.0,1,Loyal Customers,0.1491,7.2362,0.373,True
13837.0,4,Lost,0.2203,12.0274,6.3496,False
13838.0,0,Champions,0.3469,-7.3658,3.6374,True
13839.0,1,Loyal Customers,0.1047,12.4008,-5.0783,True
13840.0,1,Loyal Customers,0.1401,12.9415,-2.5411,True
13841.0,1,Loyal Customers,0.1987,18.5924,10.125,True
13842.0,0,Champions,0.3948,-8.1257,8.5387,True
13843.0,1,Loyal Customers,0.1498,14.4256,-2.1263,True
13844.0,4,Lost,0.3008,15.5355,15.6547,False
13845.0,4,Lost,0.2782,16.8661,14.4054,False
13846.0,4,Lost,0.3154,0.3877,8.8699,False
13847.0,1,Loyal Customers,0.0119,3.7554,-6.0871,True
13848.0,0,Champions,0.3255,-5.0785,4.7845,True
13849.0,0,Champions,0.3361,-3.4,5.4695,True
13850.0,4,Lost,0.2695,8.7431,8.6544,False
13851.0,0,Champions,0.3411,-5.3636,6.591,True
13852.0,1,Loyal Customers,0.0545,8.5194,-7.2581,True
13853.0,4,Lost,0.292,15.5685,13.3775,False
13854.0,3,New Customers,0.5569,-9.0015,12.6558,False
13855.0,1,Loyal Customers,0.1219,4.5566,1.6021,True
13856.0,4,Lost,0.2719,-6.4327,2.621,False
13857.0,1,Loyal Customers,0.1666,0.3898,2.936,True
13858.0,4,Lost,0.2801,17.2093,15.039,False
13859.0,1,Loyal Customers,0.1773,10.9901,5.5108,True
13860.0,4,Lost,0.3268,0.2895,6.2793,False
13861.0,1,Loyal Customers,0.1322,7.5548,-0.8564,True
13862.0,0,Champions,0.3475,-6.2625,3.6929,True
13863.0,4,Lost,0.2238,2.2367,4.6146,False
13864.0,1,Loyal Customers,0.152,13.1882,-2.1827,True
13865.0,4,Lost,0.291,2.5584,6.5959,False
13866.0,4,Lost,0.2723,17.8364,14.6868,False
13867.0,4,Lost,0.3065,6.5992,9.9778,False
13868.0,4,Lost,0.3432,-2.6876,5.5728,False
13869.0,0,Champions,0.3826,-6.8893,10.8022,True
13870.0,0,Champions,0.4116,-7.5689,8.3989,True
13871.0,3,New Customers,0.4375,-7.5726,10.1695,False
13872.0,1,Loyal Customers,0.1036,4.3248,1.6815,True
13873.0,4,Lost,0.283,-6.2129,2.1244,False
13874.0,4,Lost,0.1975,-0.4054,3.3407,False
13875.0,0,Champions,0.3759,-7.6146,7.5054,True
13876.0,4,Lost,0.276,17.8176,15.1202,False
13877.0,4,Lost,0.2765,4.6863,9.3955,False
13878.0,4,Lost,0.3189,-1.9802,5.4147,False
13879.0,1,Loyal Customers,0.0431,7.957,-6.3978,True
13880.0,0,Champions,0.391,-8.2692,7.4822,True
13882.0,4,Lost,0.3252,0.3558,6.279,False
13883.0,0,Champions,0.4195,-7.1441,9.2159,True
13884.0,0,Champions,0.3454,-7.343,3.5857,True
13885.0,4,Lost,0.2329,11.7183,6.7375,False
13886.0,4,Lost,0.2748,17.3304,14.5965,False
13887.0,4,Lost,0.2222,17.6006,11.2817,False
13888.0,4,Lost,0.2958,-4.8717,2.6642,False
13889.0,4,Lost,0.3019,-2.2241,2.2184,False
13890.0,0,Champions,0.3718,-8.3843,5.8031,True
13891.0,1,Loyal Customers,0.1634,5.1403,3.1867,True
13892.0,4,Lost,0.319,-2.6044,0.6423,False
13893.0,1,Loyal Customers,0.1904,17.1129,10.2399,True
13894.0,4,Lost,0.3032,4.932,10.5489,False
13895.0,0,Champions,0.3557,-4.1075,5.7942,True
13896.0,1,Loyal Customers,0.0512,8.2399,-6.3251,True
13897.0,4,Lost,0.3007,6.611,9.2494,False
13898.0,1,Loyal Customers,0.1796,10.8542,5.674,True
13899.0,4,Lost,0.3016,12.8698,10.162,False
13900.0,4,Lost,0.2602,-1.2022,2.6597,False
13901.0,0,Champions,0.3827,-7.5019,8.3629,True
13903.0,1,Loyal Customers,0.14,15.2721,-2.8144,True
13904.0,4,Lost,0.2923,13.0614,9.562,False
13905.0,1,Loyal Customers,0.0066,3.8047,-6.0227,True
13906.0,1,Loyal Customers,0.1347,15.7059,-3.2473,True
13907.0,1,Loyal Customers,0.0209,6.8174,-7.2822,True
13908.0,4,Lost,0.3074,-1.8849,5.3185,False
13909.0,1,Loyal Customers,0.1348,7.6225,-0.7889,True
13911.0,0,Champions,0.3817,-8.5518,7.6655,True
13912.0,1,Loyal Customers,0.1297,14.6375,-4.0622,True
13913.0,1,Loyal Customers,0.0948,11.9373,-5.5933,True
13914.0,4,Lost,0.3065,11.5552,10.1077,False
13915.0,1,Loyal Customers,0.1412,15.8297,-3.042,True
13916.0,1,Loyal Customers,0.1365,4.5134,1.6364,True
13917.0,4,Lost,0.2862,13.1744,9.1812,False
13918.0,4,Lost,0.2989,9.966,8.8197,False
13919.0,4,Lost,0.3023,0.4875,8.438,False
13920.0,1,Loyal Customers,0.1562,0.2732,3.515,True
13921.0,1,Loyal Customers,0.1543,2.4567,2.8505,True
13922.0,1,Loyal Customers,0.174,5.1651,3.2885,True
13923.0,4,Lost,0.2832,16.3101,14.8979,False
13924.0,4,Lost,0.3369,-2.3769,1.7367,False
13925.0,4,Lost,0.2792,2.4948,6.393,False
13926.0,4,Lost,0.294,16.2224,16.2673,False
13927.0,4,Lost,0.282,11.4293,8.5953,False
13928.0,4,Lost,0.3096,2.6827,7.4442,False
13929.0,0,Champions,0.3038,-6.7067,5.7745,True
13930.0,4,Lost,0.2838,13.0069,9.1101,False
13931.0,0,Champions,0.3574,-6.4266,7.4633,True
13932.0,1,Loyal Customers,0.1846,17.5325,9.5353,True
13933.0,4,Lost,0.2668,11.709,8.061,False
13934.0,1,Loyal Customers,0.2055,17.0262,10.3329,True
13935.0,0,Champions,0.1455,-5.1787,7.3861,True
13936.0,4,Lost,0.2449,5.8476,7.6559,False
13937.0,4,Lost,0.2461,10.9971,7.0222,False
13938.0,4,Lost,0.2871,17.0099,16.4287,False
13939.0,4,Lost,0.327,-4.6783,1.7984,False
13940.0,4,Lost,0.3123,2.044,8.3473,False
13941.0,3,New Customers,0.4768,-7.618,11.8044,False
13942.0,1,Loyal Customers,0.0872,10.4121,-5.8212,True
13943.0,1,Loyal Customers,0.0687,9.7093,-6.471,True
13944.0,1,Loyal Customers,0.0376,7.6097,-7.386,True
13945.0,1,Loyal Customers,0.1538,6.7249,1.0031,True
13946.0,4,Lost,0.3061,-2.2784,2.0311,False
13947.0,4,Lost,0.2752,17.8671,15.1356,False
13948.0,1,Loyal Customers,0.1685,2.4636,3.0224,True
13949.0,4,Lost,0.3444,-2.5044,2.5729,False
13950.0,4,Lost,0.3134,2.3881,8.0882,False
13951.0,4,Lost,0.2429,5.5162,7.5872,False
13952.0,3,New Customers,0.4177,-7.5292,12.0635,False
13953.0,0,Champions,0.4147,-6.5647,8.872,True
13954.0,4,Lost,0.308,12.7102,10.2575,False
13955.0,4,Lost,0.2501,5.158,8.4978,False
13956.0,4,Lost,0.3222,0.8287,6.1973,False
13957.0,1,Loyal Customers,0.1416,5.2578,4.0273,True
13958.0,0,Champions,0.227,-5.7875,6.5544,True
13959.0,4,Lost,0.2952,-2.9771,0.6642,False
13960.0,4,Lost,0.2974,13.5581,9.6973,False
13961.0,1,Loyal Customers,0.1483,13.3644,-2.2373,True
13962.0,4,Lost,0.3013,4.4034,10.399,False
13963.0,0,Champions,0.2556,-8.4943,6.5498,True
13964.0,1,Loyal Customers,0.1515,7.9694,-0.2888,True
13965.0,1,Loyal Customers,0.1249,4.3829,1.8353,True
13966.0,1,Loyal Customers,0.1288,13.0583,-3.403,True
13967.0,4,Lost,0.2457,12.3887,7.0262,False
13968.0,1,Loyal Customers,0.1301,14.631,-4.0711,True
13969.0,3,New Customers,0.5629,-8.8869,12.5939,False
13970.0,1,Loyal Customers,0.1574,6.7841,1.0207,True
13971.0,0,Champions,0.3881,-7.6535,7.4434,True
13972.0,4,Lost,0.2766,13.1261,8.7558,False
13973.0,1,Loyal Customers,0.1873,17.7146,9.6027,True
13974.0,4,Lost,0.2921,11.6262,9.3431,False
13975.0,0,Champions,0.3876,-6.6335,7.6966,True
13976.0,4,Lost,0.2398,2.3098,4.7775,False
13977.0,1,Loyal Customers,0.1403,13.225,-2.5021,True
13978.0,4,Lost,0.2994,13.6396,9.7131,False
13979.0,0,Champions,0.3318,-4.2862,4.9581,True
13980.0,4,Lost,0.2967,1.2994,5.8128,False
13981.0,1,Loyal Customers,0.1357,13.6148,-3.2609,True
13982.0,0,Champions,0.3646,-5.521,6.2621,True
13983.0,3,New Customers,0.434,-8.4394,9.8585,False
13984.0,0,Champions,0.3444,-7.9005,4.3228,True
13985.0,3,New Customers,0.4865,-8.2114,11.2907,False
13986.0,4,Lost,0.2978,15.7529,15.8226,False
13987.0,1,Loyal Customers,0.1576,7.2427,0.658,True
13988.0,0,Champions,0.374,-5.3586,6.7055,True
13989.0,4,Lost,0.3109,-1.1017,5.6234,False
13990.0,4,Lost,0.218,17.6103,11.2395,False
13991.0,4,Lost,0.3195,-3.0915,0.2084,False
13992.0,4,Lost,0.2961,4.2155,10.0109,False
13993.0,3,New Customers,0.4193,-8.1913,9.4261,False
13994.0,4,Lost,0.3425,-2.4975,2.5412,False
13995.0,0,Champions,0.3794,-7.9516,6.7567,True
13996.0,1,Loyal Customers,0.1581,6.7476,1.0481,True
13997.0,1,Loyal Customers,0.0995,4.0467,1.7295,True
13998.0,1,Loyal Customers,0.1313,4.3643,2.3412,True
13999.0,3,New Customers,0.4944,-8.9563,11.436,False
14000.0,4,Lost,0.2522,-0.9781,4.8368,False
14001.0,0,Champions,0.3629,-5.506,6.3291,True
14002.0,4,Lost,0.2555,11.841,7.6543,False
14003.0,1,Loyal Customers,0.0052,3.1704,-6.1041,True
14004.0,0,Champions,0.3925,-6.3352,8.4855,True
14005.0,4,Lost,0.3452,-2.4252,5.3555,False
14006.0,4,Lost,0.2978,-4.8673,2.6739,False
14007.0,1,Loyal Customers,0.0929,11.8752,-5.5879,True
14008.0,1,Loyal Customers,0.1317,12.9713,-2.9558,True
14009.0,4,Lost,0.2397,6.0545,7.4641,False
14010.0,1,Loyal Customers,0.0792,5.103,-0.2858,True
14011.0,1,Loyal Customers,0.1139,6.6927,-0.7177,True
14012.0,1,Loyal Customers,0.1918,17.7299,9.8086,True
14013.0,4,Lost,0.2803,0.8449,5.2939,False
14014.0,4,Lost,0.3004,8.231,8.7203,False
14015.0,4,Lost,0.2912,15.5982,13.4246,False
14016.0,3,New Customers,0.4138,-7.4088,11.7261,False
14017.0,1,Loyal Customers,0.0714,9.8387,-6.4485,True
14018.0,1,Loyal Customers,0.0431,7.9033,-6.4551,True
14019.0,4,Lost,0.3055,7.1782,8.7166,False
14020.0,4,Lost,0.3178,0.4608,8.906,False
14021.0,4,Lost,0.2755,-5.0719,2.4205,False
14022.0,4,Lost,0.2221,10.8493,6.3753,False
14023.0,4,Lost,0.3079,11.7485,10.1779,False
14024.0,4,Lost,0.2645,5.2941,8.7105,False
14025.0,0,Champions,0.1837,-5.907,6.4619,True
14026.0,1,Loyal Customers,0.121,6.3283,0.1358,True
14027.0,4,Lost,0.277,17.8519,15.2463,False
14028.0,3,New Customers,0.2226,-6.9835,11.5272,False
14029.0,4,Lost,0.2836,12.3758,9.1014,False
14030.0,3,New Customers,0.4521,-8.3241,10.3821,False
14032.0,0,Champions,0.4024,-7.9433,7.8878,True
14033.0,1,Loyal Customers,0.0762,10.6989,-6.5295,True
14034.0,4,Lost,0.3052,5.5291,10.8731,False
14035.0,0,Champions,0.3471,-6.0174,4.1131,True
14036.0,1,Loyal Customers,0.193,17.2009,10.1618,True
14037.0,4,Lost,0.2526,-0.7525,2.1137,False
14038.0,0,Champions,0.3202,-2.7278,5.1967,True
14039.0,4,Lost,0.2931,13.4097,9.5015,False
14040.0,3,New Customers,0.5393,-8.9344,12.5882,False
14041.0,1,Loyal Customers,0.1942,18.4493,9.7263,True
14042.0,1,Loyal Customers,0.0115,4.1362,-6.0713,True
14043.0,1,Loyal Customers,0.1074,6.6316,-0.796,True
14044.0,0,Champions,0.354,-6.4061,5.0692,True
14045.0,3,New Customers,0.4465,-7.629,11.7765,False
14046.0,1,Loyal Customers,0.187,18.2134,9.2593,True
14047.0,0,Champions,0.3866,-7.8122,7.0305,True
14048.0,1,Loyal Customers,0.1915,5.2501,5.9715,True
14049.0,3,New Customers,0.5025,-7.5651,12.251,False
14050.0,4,Lost,0.2999,11.1423,9.633,False
14051.0,2,At Risk,0.6931,-8.7965,13.5601,False
14052.0,4,Lost,0.3012,12.2999,10.2266,False
14053.0,4,Lost,0.2652,2.5922,6.1473,False
14054.0,4,Lost,0.2752,17.8632,15.1427,False
14055.0,4,Lost,0.2828,6.7452,7.9981,False
14056.0,3,New Customers,0.4658,-8.5228,10.6734,False
14057.0,3,New Customers,0.4566,-8.4388,10.6933,False
14058.0,1,Loyal Customers,0.121,6.742,-0.673,True
14059.0,1,Loyal Customers,0.1943,18.3502,9.7748,True
14060.0,3,New Customers,0.4992,-9.0141,11.4664,False
14061.0,1,Loyal Customers,0.1117,4.3467,1.741,True
14062.0,2,At Risk,0.7002,-8.5914,13.7471,False
14063.0,2,At Risk,0.4498,-8.2379,13.5362,False
14064.0,0,Champions,0.3684,-8.3183,6.4545,True
14065.0,1,Loyal Customers,0.1593,5.0832,3.1072,True
14066.0,1,Loyal Customers,0.1939,18.4361,9.7194,True
14067.0,4,Lost,0.2819,12.848,9.0186,False
14068.0,4,Lost,0.1984,0.937,3.5906,False
14069.0,1,Loyal Customers,0.0966,5.6094,-0.6573,True
14070.0,1,Loyal Customers,0.0263,7.1898,-6.6642,True
14071.0,4,Lost,0.3356,-6.0505,2.0368,False
14072.0,1,Loyal Customers,0.0345,7.54,-6.4829,True
14073.0,4,Lost,0.2894,16.9318,16.1963,False
14074.0,1,Loyal Customers,0.0501,8.3352,-7.2069,True
14075.0,4,Lost,0.3342,-2.3749,1.5833,False
14076.0,4,Lost,0.2496,17.8977,13.2508,False
14077.0,4,Lost,0.3044,-3.1809,0.2688,False
14078.0,4,Lost,0.3017,-6.2102,2.7291,False
14079.0,4,Lost,0.2604,11.7248,7.8045,False
14080.0,4,Lost,0.312,0.6512,5.936,False
14081.0,0,Champions,0.2727,-6.108,6.696,True
14082.0,1,Loyal Customers,0.1601,8.3469,-0.6949,True
14083.0,4,Lost,0.3426,-7.5405,3.6737,False
14084.0,1,Loyal Customers,0.0943,11.6988,-5.5097,True
14085.0,3,New Customers,0.5158,-9.1087,11.6354,False
14086.0,1,Loyal Customers,0.1127,12.9292,-4.8948,True
14087.0,4,Lost,0.3156,6.2741,10.8892,False
14089.0,4,Lost,0.2794,17.4575,15.1488,False
14090.0,1,Loyal Customers,0.1693,17.7445,8.7769,True
14091.0,0,Champions,0.1661,-6.9753,11.5273,True
14092.0,3,New Customers,0.4521,-8.7195,10.1884,False
14093.0,4,Lost,0.3015,15.531,15.2596,False
14094.0,1,Loyal Customers,0.126,13.1834,-3.6408,True
14095.0,1,Loyal Customers,0.0065,2.6131,-6.2998,True
14097.0,1,Loyal Customers,0.113,6.7083,-0.7557,True
14098.0,4,Lost,0.2873,17.0742,16.0594,False
14099.0,0,Champions,0.4191,-8.41,8.9154,True
14100.0,4,Lost,0.2469,17.8233,13.1946,False
14101.0,3,New Customers,0.435,-7.2898,11.1303,False
14102.0,4,Lost,0.3267,0.1071,6.2112,False
14104.0,4,Lost,0.2577,1.3642,4.7154,False
14105.0,0,Champions,0.2943,-5.2279,7.3607,True
14106.0,1,Loyal Customers,0.0037,3.2115,-6.0937,True
14107.0,0,Champions,0.3701,-6.5649,7.1767,True
14108.0,4,Lost,0.3094,1.271,8.6955,False
14109.0,4,Lost,0.2726,17.8444,14.7018,False
14110.0,3,New Customers,0.554,-8.8148,12.5233,False
14111.0,4,Lost,0.3115,2.4745,7.9029,False
14112.0,0,Champions,0.3998,-6.8269,8.1789,True
14113.0,0,Champions,0.432,-7.3428,9.5907,True
14114.0,4,Lost,0.2223,-0.4185,2.6769,False
14115.0,1,Loyal Customers,0.1072,5.7713,0.0268,True
14116.0,4,Lost,0.3209,0.0499,6.1641,False
14117.0,4,Lost,0.243,17.9178,13.0838,False
14118.0,1,Loyal Customers,0.1322,13.018,-3.0079,True
14119.0,1,Loyal Customers,0.1525,8.2155,-0.9111,True
14121.0,4,Lost,0.3438,-2.2823,5.4915,False
14122.0,1,Loyal Customers,0.1452,5.2673,4.0369,True
14123.0,1,Loyal Customers,0.0083,4.1493,-6.088,True
14124.0,4,Lost,0.2719,16.6191,13.9111,False
14125.0,4,Lost,0.338,-2.2934,5.5601,False
14126.0,4,Lost,0.3204,0.9166,8.8523,False
14127.0,4,Lost,0.2885,-1.6459,2.6465,False
14128.0,4,Lost,0.293,6.0538,9.606,False
14129.0,0,Champions,0.3545,-6.2531,3.7234,True
14130.0,4,Lost,0.2036,0.3991,3.8203,False
14131.0,1,Loyal Customers,0.0391,7.6898,-7.4229,True
14132.0,0,Champions,0.3729,-7.0644,5.8159,True
14133.0,4,Lost,0.2673,2.5699,5.5867,False
14134.0,3,New Customers,0.3301,-7.5985,11.656,False
14135.0,3,New Customers,0.4872,-8.4888,11.3075,False
14136.0,1,Loyal Customers,0.1686,0.528,3.339,True
14137.0,1,Loyal Customers,0.0219,7.1981,-6.6484,True
14138.0,4,Lost,0.3153,10.3301,9.3285,False
14139.0,4,Lost,0.3038,1.1906,8.6047,False
14140.0,4,Lost,0.3139,10.379,9.3691,False
14141.0,4,Lost,0.319,1.858,8.5111,False
14142.0,1,Loyal Customers,0.1645,6.6447,1.1943,True
14143.0,4,Lost,0.2475,17.908,13.2316,False
14144.0,1,Loyal Customers,0.1032,12.1634,-5.4098,True
14145.0,0,Champions,0.3991,-6.7002,10.8479,True
14146.0,3,New Customers,0.452,-7.2856,11.0377,False
14147.0,0,Champions,0.3236,-6.0208,3.7724,True
14148.0,4,Lost,0.214,11.4917,5.9963,False
14149.0,4,Lost,0.2166,17.5079,10.8861,False
14150.0,4,Lost,0.2971,11.5326,9.5995,False
14151.0,1,Loyal Customers,0.0385,4.571,-0.2945,True
14152.0,4,Lost,0.3118,-4.6849,2.3992,False
14153.0,1,Loyal Customers,0.1072,12.4357,-4.8186,True
14154.0,0,Champions,0.3081,-5.4628,7.5613,True
14155.0,1,Loyal Customers,0.1938,18.4568,9.7505,True
14157.0,4,Lost,0.3157,0.8834,6.1221,False
14158.0,4,Lost,0.291,15.7881,14.651,False
14159.0,3,New Customers,0.4469,-8.2716,10.2859,False
14160.0,0,Champions,0.1814,-6.942,11.2486,True
14161.0,0,Champions,0.2724,-3.3605,4.9772,True
14162.0,4,Lost,0.236,12.2017,6.8665,False
14163.0,4,Lost,0.3101,-1.9819,5.2808,False
14164.0,4,Lost,0.2961,9.0146,8.7369,False
14165.0,1,Loyal Customers,0.1898,18.3693,9.5453,True
14166.0,1,Loyal Customers,0.101,5.6966,-0.6704,True
14167.0,4,Lost,0.3194,-6.2741,2.0551,False
14168.0,1,Loyal Customers,0.1367,7.6355,-0.6389,True
14169.0,1,Loyal Customers,0.1361,7.0136,0.0067,True
14170.0,1,Loyal Customers,0.161,5.2158,4.0186,True
14171.0,4,Lost,0.2698,11.8212,8.1549,False
14172.0,1,Loyal Customers,0.0648,4.6402,-0.068,True
14173.0,4,Lost,0.3162,-3.2364,0.291,False
14174.0,4,Lost,0.2888,17.0465,16.2463,False
14175.0,0,Champions,0.3973,-6.6879,10.8345,True
14176.0,4,Lost,0.202,1.4811,3.7806,False
14177.0,0,Champions,0.3254,-7.9889,4.7014,True
14178.0,4,Lost,0.3335,-4.6385,1.8749,False
14179.0,4,Lost,0.2959,11.2526,9.61,False
14180.0,3,New Customers,0.4608,-9.134,10.6147,False
14181.0,1,Loyal Customers,0.14,7.7936,-0.6899,True
14182.0,1,Loyal Customers,0.1365,2.7138,2.6538,True
14183.0,1,Loyal Customers,0.1397,7.8018,-0.7228,True
14184.0,4,Lost,0.2793,16.3196,14.2101,False
14185.0,1,Loyal Customers,0.1685,17.6673,8.8319,True
14186.0,1,Loyal Customers,0.1577,0.5022,3.3505,True
14187.0,1,Loyal Customers,0.1094,12.7701,-4.9542,True
14188.0,4,Lost,0.328,-2.3836,2.1366,False
14189.0,0,Champions,0.4155,-7.7189,8.6072,True
14190.0,1,Loyal Customers,0.0307,7.006,-7.7356,True
14191.0,0,Champions,0.3995,-7.8297,7.7493,True
14192.0,1,Loyal Customers,0.1466,14.5697,-2.3776,True
14193.0,4,Lost,0.2941,6.5618,9.0591,False
14194.0,2,At Risk,0.638,-8.7314,13.2576,False
14195.0,4,Lost,0.2661,-1.5008,4.4371,False
14196.0,4,Lost,0.2614,17.2692,13.6016,False
14197.0,1,Loyal Customers,0.1386,13.7154,-2.7978,True
14198.0,4,Lost,0.3341,-6.6926,2.801,False
14199.0,4,Lost,0.234,2.3457,4.7719,False
14200.0,1,Loyal Customers,0.0547,8.506,-6.3015,True
14201.0,4,Lost,0.3145,-6.7212,2.5953,False
14202.0,1,Loyal Customers,0.1619,5.1246,3.182,True
14203.0,1,Loyal Customers,0.1436,14.2161,-2.5663,True
14204.0,4,Lost,0.3214,1.3717,8.7075,False
14205.0,0,Champions,0.346,-6.2998,3.6044,True
14206.0,4,Lost,0.2242,5.9815,6.8586,False
14207.0,1,Loyal Customers,0.0228,6.8374,-7.2267,True
14208.0,4,Lost,0.2719,11.7642,8.1978,False
14209.0,0,Champions,0.3982,-7.7699,7.8855,True
14210.0,0,Champions,0.3739,-7.6623,8.5996,True
14211.0,0,Champions,0.3806,-8.3612,7.5355,True
14212.0,4,Lost,0.2959,8.4613,8.6944,False
14213.0,1,Loyal Customers,0.1519,12.3777,-1.9012,True
14214.0,4,Lost,0.3113,0.8618,6.0538,False
14215.0,0,Champions,0.3616,-5.8983,4.4954,True
14216.0,4,Lost,0.3382,-1.2115,5.831,False
14217.0,0,Champions,0.4004,-8.7754,7.3444,True
14218.0,4,Lost,0.2852,17.047,15.8427,False
14219.0,4,Lost,0.3123,5.5232,10.987,False
14220.0,4,Lost,0.2279,2.01,4.5906,False
14221.0,0,Champions,0.4112,-8.0404,9.3411,True
14222.0,4,Lost,0.2377,17.356,12.012,False
14223.0,4,Lost,0.2814,6.209,9.0785,False
14224.0,4,Lost,0.3012,-6.1164,2.9156,False
14225.0,1,Loyal Customers,0.1586,-0.0855,3.6721,True
14226.0,0,Champions,0.3416,-3.3169,4.3919,True
14227.0,0,Champions,0.4108,-7.1538,9.0866,True
14228.0,1,Loyal Customers,0.1374,4.5577,2.5115,True
14229.0,0,Champions,0.3292,-4.2026,3.3731,True
14230.0,1,Loyal Customers,0.1414,4.9322,2.7409,True
14231.0,4,Lost,0.2497,2.3715,4.9272,False
14232.0,4,Lost,0.3205,-1.1388,5.7497,False
14233.0,0,Champions,0.3347,-4.0363,3.8983,True
14234.0,4,Lost,0.3094,2.2384,8.1513,False
14235.0,0,Champions,0.3536,-5.6161,6.6927,True
14236.0,4,Lost,0.301,-0.5753,5.6407,False
14237.0,1,Loyal Customers,0.1598,7.3098,0.6315,True
14238.0,1,Loyal Customers,0.1787,5.0147,5.5677,True
14239.0,0,Champions,0.3902,-8.5924,7.8311,True
14240.0,4,Lost,0.31,7.1879,9.3336,False
14241.0,4,Lost,0.2326,12.0925,6.7552,False
14242.0,4,Lost,0.2111,11.8922,6.0161,False
14243.0,3,New Customers,0.437,-7.5867,9.9858,False
14244.0,1,Loyal Customers,0.0366,7.5576,-6.5206,True
14245.0,4,Lost,0.2364,6.5376,7.0926,False
14246.0,4,Lost,0.2802,6.7225,7.9986,False
14247.0,4,Lost,0.2077,1.6082,3.9714,False
14248.0,1,Loyal Customers,0.19,5.7106,6.3005,True
14249.0,0,Champions,0.2368,-6.1861,6.63,True
14250.0,4,Lost,0.3283,8.1505,8.7668,False
14251.0,4,Lost,0.3485,-2.4281,5.3483,False
14252.0,1,Loyal Customers,0.1502,14.3507,-2.087,True
14253.0,1,Loyal Customers,0.1074,6.67,-0.7771,True
14254.0,1,Loyal Customers,0.1325,12.8883,-2.7822,True
14255.0,1,Loyal Customers,0.092,5.3196,0.5948,True
14256.0,4,Lost,0.2381,-1.2145,4.3773,False
14257.0,0,Champions,0.3748,-5.7125,7.7424,True
14259.0,4,Lost,0.2443,17.9083,13.1325,False
14260.0,1,Loyal Customers,0.125,4.4002,1.9206,True
14261.0,4,Lost,0.2979,10.0372,8.8195,False
14262.0,0,Champions,0.3499,-5.2569,3.6598,True
14263.0,1,Loyal Customers,0.1328,13.4973,-3.5101,True
14264.0,4,Lost,0.2703,-1.2202,2.5988,False
14265.0,4,Lost,0.2821,0.3811,8.0783,False
14266.0,1,Loyal Customers,0.1269,14.264,-4.4302,True
14267.0,4,Lost,0.2596,6.5694,7.5595,False
14268.0,1,Loyal Customers,0.1137,12.5186,-4.1164,True
14269.0,1,Loyal Customers,0.1259,13.2669,-3.7447,True
14270.0,1,Loyal Customers,0.1721,17.2818,9.6522,True
14271.0,4,Lost,0.2139,11.9742,6.1205,False
14272.0,4,Lost,0.2902,1.3193,8.3305,False
14273.0,4,Lost,0.2947,2.5411,6.6717,False
14274.0,1,Loyal Customers,0.025,7.0274,-6.9149,True
14275.0,1,Loyal Customers,0.1679,0.2523,2.9116,True
14276.0,4,Lost,0.3035,-4.8022,2.5989,False
14277.0,3,New Customers,0.5474,-7.9431,13.0869,False
14278.0,1,Loyal Customers,0.1365,14.9211,-3.4637,True
14279.0,1,Loyal Customers,0.0937,5.5794,-0.6478,True
14280.0,4,Lost,0.2221,18.2259,11.5603,False
14281.0,1,Loyal Customers,0.1378,14.8048,-3.1895,True
14282.0,3,New Customers,0.465,-8.7825,10.6243,False
14283.0,1,Loyal Customers,0.1281,2.7959,2.5863,True
14284.0,4,Lost,0.3103,7.2338,9.2258,False
14285.0,0,Champions,0.3537,-5.033,4.5225,True
14286.0,0,Champions,0.4204,-6.7634,10.944,True
14287.0,4,Lost,0.3045,4.1492,10.0742,False
14288.0,4,Lost,0.2196,17.5387,11.004,False
14289.0,4,Lost,0.3214,-3.0432,0.198,False
14290.0,0,Champions,0.3744,-5.178,6.3882,True
14291.0,3,New Customers,0.4612,-8.5715,10.5683,False
14292.0,3,New Customers,0.4593,-7.5182,10.9872,False
14293.0,0,Champions,0.3632,-5.9154,4.3875,True
14294.0,1,Loyal Customers,0.14,13.7119,-2.7566,True
14295.0,4,Lost,0.326,-1.6868,5.5611,False
14296.0,1,Loyal Customers,0.1379,7.3689,-0.2467,True
14297.0,4,Lost,0.3182,0.3898,8.9057,False
14299.0,3,New Customers,0.558,-8.3651,12.6024,False
14300.0,4,Lost,0.2932,16.853,16.6119,False
14301.0,4,Lost,0.2872,-1.0681,5.0055,False
14302.0,1,Loyal Customers,0.1402,4.5843,2.5472,True
14303.0,1,Loyal Customers,0.1412,7.8487,-0.7392,True
14304.0,4,Lost,0.238,6.4495,7.2172,False
14305.0,4,Lost,0.3016,8.2083,8.7664,False
14306.0,0,Champions,0.3347,-3.4188,4.5147,True
14307.0,0,Champions,0.3552,-6.0866,7.1723,True
14308.0,1,Loyal Customers,0.0952,5.2448,0.6478,True
14309.0,0,Champions,0.3731,-6.9874,5.975,True
14310.0,1,Loyal Customers,0.131,12.9552,-2.9653,True
14311.0,4,Lost,0.2111,11.3803,6.024,False
14312.0,0,Champions,0.3479,-7.2732,5.2274,True
14314.0,4,Lost,0.2625,13.002,8.5013,False
14315.0,0,Champions,0.3427,-5.0215,4.4525,True
14316.0,1,Loyal Customers,0.1573,0.642,3.2383,True
14317.0,4,Lost,0.2808,16.1771,14.1498,False
14318.0,1,Loyal Customers,0.1155,13.1958,-4.6986,True
14319.0,1,Loyal Customers,0.1347,13.0274,-2.9199,True
14320.0,4,Lost,0.2444,1.0891,4.2292,False
14321.0,4,Lost,0.3408,-4.3263,2.7258,False
14322.0,1,Loyal Customers,0.1398,2.6665,2.737,True
14323.0,4,Lost,0.2643,11.7145,7.9591,False
14324.0,1,Loyal Customers,0.1457,6.9443,0.4805,True
14325.0,1,Loyal Customers,0.072,9.8786,-6.3947,True
14326.0,4,Lost,0.2197,5.6883,6.8065,False
14327.0,4,Lost,0.2722,-1.5257,2.6888,False
14328.0,1,Loyal Customers,0.1283,12.9426,-3.139,True
14329.0,3,New Customers,0.4626,-7.5009,11.0782,False
14330.0,1,Loyal Customers,0.0494,8.3799,-7.3052,True
14331.0,4,Lost,0.2587,11.9211,7.6423,False
14332.0,4,Lost,0.3273,-1.004,5.8396,False
14333.0,4,Lost,0.2783,16.3904,14.2554,False
14334.0,0,Champions,0.3792,-7.2203,6.8987,True
14335.0,4,Lost,0.3027,12.3843,10.2443,False
14336.0,4,Lost,0.3228,-0.141,8.3534,False
14338.0,4,Lost,0.2524,5.8685,7.7711,False
14339.0,4,Lost,0.2125,11.2319,6.1093,False
14340.0,4,Lost,0.2132,18.3432,10.9536,False
14341.0,0,Champions,0.3847,-8.3181,7.5174,True
14342.0,4,Lost,0.3167,-3.0354,0.2205,False
14343.0,1,Loyal Customers,0.1514,1.5379,2.9727,True
14344.0,0,Champions,0.341,-8.6726,6.9697,True
14345.0,4,Lost,0.286,17.2114,16.0805,False
14346.0,4,Lost,0.2925,-1.5301,5.0848,False
14347.0,1,Loyal Customers,0.0019,2.6675,-6.2477,True
14348.0,1,Loyal Customers,0.2002,17.5984,10.3317,True
14349.0,4,Lost,0.2981,16.4928,16.7684,False
14350.0,4,Lost,0.2071,5.6495,6.6306,False
14351.0,4,Lost,0.234,18.147,12.1891,False
14352.0,4,Lost,0.2586,2.5569,5.2867,False
14353.0,4,Lost,0.223,4.986,8.1669,False
14354.0,4,Lost,0.3026,13.6489,9.7342,False
14355.0,1,Loyal Customers,0.1703,5.1753,3.0982,True
14356.0,4,Lost,0.2798,11.4744,8.5374,False
14357.0,4,Lost,0.2859,16.7584,15.4818,False
14358.0,1,Loyal Customers,0.1501,8.0323,-0.3824,True
14359.0,4,Lost,0.31,6.483,10.5275,False
14360.0,4,Lost,0.3236,-0.3334,7.9331,False
14361.0,1,Loyal Customers,0.0679,9.7309,-6.6562,True
14362.0,4,Lost,0.2936,16.4788,16.486,False
14363.0,1,Loyal Customers,0.1425,7.9936,-0.932,True
14364.0,0,Champions,0.3238,-5.0023,5.1396,True
14365.0,1,Loyal Customers,0.1509,7.2508,0.4045,True
14366.0,1,Loyal Customers,0.0888,11.4152,-5.8005,True
14367.0,3,New Customers,0.4598,-7.5446,11.0118,False
14368.0,1,Loyal Customers,0.1724,17.7189,8.7951,True
14369.0,1,Loyal Customers,0.0482,4.5802,-0.4359,True
14370.0,1,Loyal Customers,0.1454,0.3228,2.9531,True
14371.0,1,Loyal Customers,0.1818,18.079,8.9711,True
14372.0,1,Loyal Customers,0.1344,6.4849,0.5823,True
14373.0,1,Loyal Customers,0.1559,15.6842,-2.3426,True
14374.0,1,Loyal Customers,0.0819,11.0597,-6.2044,True
14375.0,4,Lost,0.2455,6.1528,7.569,False
14376.0,1,Loyal Customers,0.0256,6.9224,-7.0979,True
14377.0,4,Lost,0.2336,11.3734,6.7945,False
14378.0,1,Loyal Customers,0.0493,8.4753,-7.4613,True
14379.0,4,Lost,0.3071,0.8314,8.6364,False
14380.0,1,Loyal Customers,0.0238,6.7495,-7.7328,True
14381.0,4,Lost,0.2903,11.7303,9.2456,False
14382.0,4,Lost,0.3092,9.6647,8.9085,False
14383.0,4,Lost,0.3068,7.1562,9.273,False
14384.0,1,Loyal Customers,0.0975,11.9669,-5.5556,True
14385.0,4,Lost,0.3044,4.159,10.0695,False
14386.0,1,Loyal Customers,0.1816,18.0506,8.9517,True
14387.0,4,Lost,0.3159,8.1112,8.7702,False
14388.0,0,Champions,0.4243,-7.2619,9.3203,True
14389.0,4,Lost,0.3096,-0.8254,5.6306,False
14390.0,0,Champions,0.4127,-6.7291,8.9487,True
14391.0,1,Loyal Customers,0.0677,9.832,-6.9732,True
14392.0,1,Loyal Customers,0.1284,13.5012,-3.8578,True
14393.0,4,Lost,0.2127,18.3653,11.058,False
14394.0,1,Loyal Customers,0.072,10.401,-6.7713,True
14395.0,3,New Customers,0.4578,-8.2933,10.3521,False
14396.0,4,Lost,0.3176,-4.6155,2.5785,False
14397.0,0,Champions,0.3792,-8.6958,6.8398,True
14398.0,1,Loyal Customers,0.1494,7.0334,0.5084,True
14399.0,4,Lost,0.1862,-0.5509,3.3202,False
14400.0,4,Lost,0.2682,6.6535,7.6372,False
14401.0,3,New Customers,0.4429,-8.5754,9.8666,False
14402.0,1,Loyal Customers,0.0392,7.6437,-6.7021,True
14403.0,4,Lost,0.2854,-1.6068,2.6651,False
14404.0,0,Champions,0.3556,-8.2507,5.5643,True
14405.0,1,Loyal Customers,0.1457,15.2953,-2.5127,True
14406.0,4,Lost,0.2541,17.8617,13.5017,False
14407.0,4,Lost,0.2985,-2.2107,2.7128,False
14408.0,0,Champions,0.3764,-6.8807,6.1479,True
14409.0,0,Champions,0.3422,-5.4988,5.4653,True
14410.0,0,Champions,0.3237,-7.4664,4.8345,True
14411.0,1,Loyal Customers,0.1883,12.3924,-1.8153,True
14412.0,4,Lost,0.3072,7.232,8.8097,False
14413.0,1,Loyal Customers,0.1711,2.3092,2.9522,True
14414.0,0,Champions,0.3128,-5.4182,3.1557,True
14415.0,3,New Customers,0.5183,-8.1592,11.9815,False
14416.0,4,Lost,0.3005,12.256,10.1965,False
14417.0,1,Loyal Customers,0.1508,13.2549,-2.1955,True
14418.0,4,Lost,0.3299,8.1426,8.7702,False
14419.0,4,Lost,0.3279,-4.6849,1.2837,False
14420.0,4,Lost,0.2898,0.2181,8.068,False
14421.0,4,Lost,0.323,-2.5502,3.023,False
14422.0,3,New Customers,0.4837,-7.9274,11.3299,False
14423.0,4,Lost,0.2291,5.6784,7.0378,False
14424.0,4,Lost,0.2974,15.7398,15.832,False
14425.0,1,Loyal Customers,0.1375,4.5506,2.526,True
14426.0,3,New Customers,0.4891,-7.7124,11.8883,False
14427.0,4,Lost,0.3046,0.8253,8.6331,False
14428.0,4,Lost,0.3243,0.3038,6.2905,False
14429.0,1,Loyal Customers,0.1431,13.3252,-2.4163,True
14430.0,1,Loyal Customers,0.1137,4.512,1.6853,True
14431.0,4,Lost,0.22,-1.11,4.2675,False
14432.0,4,Lost,0.3393,-2.489,2.5108,False
14433.0,1,Loyal Customers,0.1149,12.7965,-4.1446,True
14434.0,4,Lost,0.3224,-2.5519,0.8405,False
14435.0,1,Loyal Customers,0.0975,11.9746,-5.5165,True
14436.0,4,Lost,0.2663,13.0062,8.5223,False
14437.0,1,Loyal Customers,0.1745,0.9896,3.1852,True
14438.0,1,Loyal Customers,0.1778,17.916,8.8393,True
14439.0,3,New Customers,0.3081,-6.9605,11.3218,False
14440.0,0,Champions,0.4168,-6.7113,8.9767,True
14441.0,0,Champions,0.3872,-6.5917,6.9186,True
14442.0,0,Champions,0.3046,-5.3052,7.1484,True
14443.0,4,Lost,0.3207,-1.7429,5.4928,False
14444.0,1,Loyal Customers,0.1168,13.3032,-4.6795,True
14445.0,1,Loyal Customers,0.118,13.258,-4.2757,True
14446.0,4,Lost,0.3267,0.3025,6.2853,False
14447.0,4,Lost,0.3282,-2.3806,1.5142,False
14448.0,4,Lost,0.3043,12.9266,10.1981,False
14449.0,0,Champions,0.3436,-5.2876,3.5294,True
14450.0,4,Lost,0.257,-0.6873,2.2636,False
14451.0,0,Champions,0.3481,-7.6713,5.7237,True
14452.0,4,Lost,0.3123,2.4908,7.8824,False
14453.0,4,Lost,0.2248,18.2321,11.6766,False
14454.0,1,Loyal Customers,0.1707,0.9552,3.1447,True
14455.0,1,Loyal Customers,0.1407,2.6796,2.6997,True
14456.0,0,Champions,0.3597,-5.9642,4.2852,True
14457.0,1,Loyal Customers,0.1755,17.8683,8.7829,True
14458.0,1,Loyal Customers,0.1487,15.0459,-2.2328,True
14459.0,0,Champions,0.3127,-4.4283,6.566,True
14460.0,4,Lost,0.2903,-6.4489,2.3275,False
14461.0,0,Champions,0.3609,-6.728,8.9944,True
14462.0,0,Champions,0.3316,-7.85,4.5076,True
14463.0,4,Lost,0.2786,2.4731,6.3596,False
14464.0,1,Loyal Customers,0.0735,5.2171,-0.5903,True
14465.0,0,Champions,0.2782,-6.524,6.1598,True
14466.0,0,Champions,0.3813,-7.4115,7.2583,True
14467.0,0,Champions,0.3504,-7.9258,4.4847,True
14468.0,1,Loyal Customers,0.0048,3.1567,-6.1053,True
14469.0,1,Loyal Customers,0.1673,-0.185,3.7017,True
14470.0,4,Lost,0.3101,5.6557,10.9914,False
14471.0,1,Loyal Customers,0.068,4.9202,-0.3212,True
14472.0,0,Champions,0.3081,-6.0916,3.1496,True
14473.0,4,Lost,0.2759,13.0982,8.7007,False
14474.0,4,Lost,0.3015,9.842,8.8165,False
14475.0,4,Lost,0.2941,1.1317,8.4533,False
14476.0,1,Loyal Customers,0.1988,18.2328,9.9597,True
14477.0,4,Lost,0.3338,-4.4102,2.3505,False
14478.0,1,Loyal Customers,0.1698,1.4359,3.1469,True
14479.0,4,Lost,0.2221,2.2043,4.5806,False
14480.0,4,Lost,0.3209,0.3818,8.9028,False
14481.0,4,Lost,0.2745,-1.4504,4.8768,False
14482.0,0,Champions,0.3794,-7.2001,6.9355,True
14483.0,1,Loyal Customers,0.1917,11.4086,5.4249,True
14484.0,4,Lost,0.302,1.1722,8.5951,False
14485.0,4,Lost,0.2868,17.0198,15.9482,False
14486.0,1,Loyal Customers,0.0971,5.6513,-0.6923,True
14487.0,4,Lost,0.324,-4.7162,1.6323,False
14488.0,4,Lost,0.2871,15.5945,13.3802,False
14489.0,4,Lost,0.245,2.0577,4.6834,False
14490.0,1,Loyal Customers,0.1551,6.2371,1.3158,True
14491.0,4,Lost,0.238,11.952,6.9944,False
14492.0,1,Loyal Customers,0.1665,-0.4008,3.3717,True
14493.0,0,Champions,0.3893,-6.1821,7.4672,True
14494.0,4,Lost,0.3002,4.4591,10.4273,False
14495.0,4,Lost,0.287,4.3001,9.8597,False
14496.0,0,Champions,0.2246,-0.9513,3.757,True
14497.0,1,Loyal Customers,0.1867,10.8529,5.7445,True
14498.0,0,Champions,0.3582,-6.0037,5.6693,True
14499.0,4,Lost,0.3336,-4.377,2.599,False
14500.0,4,Lost,0.2744,4.6656,9.3625,False
14501.0,4,Lost,0.2315,12.1867,6.7675,False
14502.0,0,Champions,0.3505,-7.5592,4.6819,True
14503.0,0,Champions,0.3595,-3.8892,5.0052,True
14504.0,4,Lost,0.2978,2.3015,7.7156,False
14505.0,3,New Customers,0.5007,-7.9062,11.9278,False
14506.0,0,Champions,0.3529,-4.2105,4.7362,True
14507.0,0,Champions,0.3599,-7.1279,5.5025,True
14508.0,4,Lost,0.3132,1.1991,6.057,False
14509.0,1,Loyal Customers,0.0848,11.175,-6.1118,True
14510.0,1,Loyal Customers,0.1661,5.1457,3.0676,True
14511.0,4,Lost,0.3236,0.1854,6.2359,False
14512.0,4,Lost,0.2554,-0.6573,2.3085,False
14513.0,4,Lost,0.2824,-0.9873,1.9309,False
14514.0,0,Champions,0.3577,-5.5451,6.4745,True
14515.0,0,Champions,0.3711,-7.4591,6.0545,True
14516.0,1,Loyal Customers,0.0928,11.6071,-5.5607,True
14517.0,4,Lost,0.2939,13.0811,9.6347,False
14518.0,4,Lost,0.2767,17.5242,15.0514,False
14519.0,1,Loyal Customers,0.0276,4.383,-0.5284,True
14520.0,4,Lost,0.3057,13.4677,10.0247,False
14521.0,1,Loyal Customers,0.1035,12.2268,-5.0627,True
14522.0,4,Lost,0.3318,-5.7777,2.1617,False
14523.0,4,Lost,0.2597,17.5862,13.6937,False
14524.0,0,Champions,0.3568,-8.251,5.6011,True
14525.0,3,New Customers,0.4435,-7.5231,10.2729,False
14526.0,1,Loyal Customers,0.1458,14.7695,-2.4372,True
14527.0,2,At Risk,0.9756,-9.11,13.2906,False
14528.0,4,Lost,0.2903,15.9215,15.144,False
14529.0,4,Lost,0.2893,5.3342,9.9814,False
14530.0,0,Champions,0.4109,-7.6696,8.7466,True
14531.0,1,Loyal Customers,0.1103,12.4284,-4.1447,True
14532.0,0,Champions,0.2815,-6.5738,6.1099,True
14533.0,0,Champions,0.362,-7.0763,5.6928,True
14534.0,3,New Customers,0.4461,-8.9562,10.2729,False
14535.0,0,Champions,0.3775,-5.7269,7.7645,True
14536.0,1,Loyal Customers,0.197,18.4008,9.8477,True
14537.0,4,Lost,0.288,11.7,9.1184,False
14538.0,4,Lost,0.3024,0.2608,5.5785,False
14539.0,4,Lost,0.3036,12.0826,10.1826,False
14540.0,0,Champions,0.3725,-6.9986,5.973,True
14541.0,0,Champions,0.3425,-8.076,4.9855,True
14542.0,4,Lost,0.2262,18.2336,11.7055,False
14543.0,2,At Risk,0.5847,-8.9389,12.8184,False
14544.0,4,Lost,0.336,-2.5503,5.5333,False
14545.0,1,Loyal Customers,0.0311,7.3623,-6.5918,True
14546.0,0,Champions,0.3935,-6.4115,7.5405,True
14547.0,0,Champions,0.3704,-4.9936,5.6613,True
14548.0,0,Champions,0.2944,-5.6726,3.258,True
14549.0,1,Loyal Customers,0.1938,1.9279,3.33,True
14550.0,4,Lost,0.3217,0.3475,8.8828,False
14551.0,4,Lost,0.3198,-4.5841,0.9716,False
14552.0,4,Lost,0.2505,5.1442,8.5148,False
14553.0,4,Lost,0.3374,-6.6613,2.9175,False
14554.0,4,Lost,0.336,-2.0276,5.5375,False
14555.0,4,Lost,0.321,-2.4701,2.7703,False
14556.0,1,Loyal Customers,0.0744,4.4134,1.0798,True
14557.0,4,Lost,0.2765,15.8492,13.5494,False
14558.0,1,Loyal Customers,0.0484,4.4311,-0.1838,True
14559.0,1,Loyal Customers,0.1429,15.8502,-2.9,True
14560.0,3,New Customers,0.487,-9.2946,11.8197,False
14561.0,4,Lost,0.2891,6.369,9.0724,False
14562.0,3,New Customers,0.4519,-8.8925,10.3221,False
14563.0,1,Loyal Customers,0.1047,5.7331,0.0812,True
14564.0,1,Loyal Customers,0.1613,5.2858,1.7253,True
14565.0,0,Champions,0.3235,-3.6082,5.6031,True
14566.0,0,Champions,0.3181,-3.7909,5.8489,True
14567.0,4,Lost,0.3004,9.2518,8.7688,False
14568.0,1,Loyal Customers,0.136,12.5341,-2.3298,True
14569.0,4,Lost,0.3155,2.589,7.7199,False
14570.0,1,Loyal Customers,0.1994,5.1221,5.9033,True
14571.0,1,Loyal Customers,0.1298,14.6997,-3.9823,True
14572.0,0,Champions,0.4,-6.3191,7.7327,True
14573.0,0,Champions,0.2925,-7.7147,4.8145,True
14574.0,1,Loyal Customers,0.0043,2.8203,-6.1566,True
14575.0,1,Loyal Customers,0.1082,12.3212,-3.8604,True
14576.0,1,Loyal Customers,0.1501,15.7325,-2.3891,True
14577.0,4,Lost,0.3286,-4.7064,1.394,False
14578.0,4,Lost,0.3014,16.3409,16.7878,False
14579.0,1,Loyal Customers,0.1262,14.1578,-4.3932,True
14580.0,1,Loyal Customers,0.09,11.7783,-5.7449,True
14581.0,4,Lost,0.3018,12.6219,10.2214,False
14582.0,4,Lost,0.2852,17.2786,15.9828,False
14583.0,4,Lost,0.3394,-5.8119,2.104,False
14584.0,4,Lost,0.2727,-5.6143,2.6496,False
14585.0,4,Lost,0.3054,0.6335,5.6934,False
14586.0,1,Loyal Customers,0.191,18.0183,9.5764,True
14587.0,4,Lost,0.3342,-6.7073,2.8235,False
14588.0,1,Loyal Customers,0.0672,9.8334,-6.9873,True
14589.0,1,Loyal Customers,0.1502,15.7396,-2.3963,True
14590.0,0,Champions,0.2154,-8.5094,6.6628,True
14591.0,4,Lost,0.3213,0.1764,8.7079,False
14592.0,4,Lost,0.2988,5.008,10.4727,False
14593.0,0,Champions,0.369,-7.5184,6.0413,True
14594.0,4,Lost,0.3086,11.5776,10.1163,False
14595.0,4,Lost,0.3389,-5.5242,2.7125,False
14596.0,1,Loyal Customers,0.0486,8.2716,-7.1887,True
14597.0,4,Lost,0.3381,-2.4807,2.4881,False
14598.0,4,Lost,0.2902,12.9436,9.4935,False
14599.0,1,Loyal Customers,0.1507,7.5853,0.3224,True
14600.0,1,Loyal Customers,0.1902,10.7611,5.8459,True
14601.0,4,Lost,0.2988,16.1553,16.4942,False
14602.0,1,Loyal Customers,0.0365,7.5768,-7.3633,True
14603.0,1,Loyal Customers,0.1975,17.1798,10.2568,True
14604.0,1,Loyal Customers,0.045,8.2748,-7.5286,True
14605.0,1,Loyal Customers,0.1685,2.0214,2.98,True
14607.0,2,At Risk,0.6729,-8.5396,13.6912,False
14608.0,0,Champions,0.369,-7.1057,5.5751,True
14609.0,4,Lost,0.3135,-6.8682,2.8364,False
14610.0,1,Loyal Customers,0.1422,7.9371,-0.9773,True
14611.0,1,Loyal Customers,0.1305,6.874,-0.0763,True
14612.0,1,Loyal Customers,0.1436,12.5517,-2.3188,True
14613.0,1,Loyal Customers,0.025,6.7666,-7.7287,True
14614.0,1,Loyal Customers,0.1475,14.5878,-2.3541,True
14615.0,1,Loyal Customers,0.163,0.9591,3.1329,True
14616.0,4,Lost,0.2187,1.6956,4.2734,False
14617.0,1,Loyal Customers,0.1416,7.9658,-0.9586,True
14618.0,4,Lost,0.3298,-4.6911,1.3758,False
14619.0,4,Lost,0.2203,6.5652,6.8986,False
14620.0,4,Lost,0.2247,11.9585,6.544,False
14621.0,0,Champions,0.3604,-6.0029,4.2138,True
14622.0,4,Lost,0.2295,17.6243,11.7374,False
14623.0,0,Champions,0.3376,-7.3454,3.6781,True
14624.0,4,Lost,0.3006,-3.0574,0.3516,False
14625.0,0,Champions,0.3064,-6.4258,6.5315,True
14626.0,0,Champions,0.3887,-6.3663,7.6306,True
14627.0,1,Loyal Customers,0.1526,13.8991,-2.0976,True
14628.0,4,Lost,0.3004,-1.0613,5.4647,False
14629.0,4,Lost,0.3142,10.3575,9.3528,False
14630.0,1,Loyal Customers,0.1082,12.417,-4.2302,True
14631.0,4,Lost,0.3195,-2.333,2.0845,False
14632.0,1,Loyal Customers,0.195,18.5228,9.8528,True
14633.0,1,Loyal Customers,0.1969,17.7531,10.0774,True
14634.0,1,Loyal Customers,0.1585,-0.1226,3.6655,True
14635.0,1,Loyal Customers,0.1187,13.2747,-4.3056,True
14636.0,4,Lost,0.2965,11.7538,9.6252,False
14637.0,1,Loyal Customers,0.0266,6.8633,-7.6374,True
14638.0,4,Lost,0.2856,15.9388,14.7009,False
14639.0,0,Champions,0.3665,-5.5935,6.94,True
14640.0,0,Champions,0.3626,-5.9947,5.5925,True
14641.0,4,Lost,0.2929,16.8159,16.6226,False
14642.0,4,Lost,0.2777,17.8177,15.3075,False
14643.0,4,Lost,0.2639,-0.8289,4.9987,False
14644.0,4,Lost,0.318,-4.5618,2.7581,False
14645.0,4,Lost,0.2534,5.8359,7.8089,False
14647.0,4,Lost,0.2282,11.6194,6.6544,False
14648.0,0,Champions,0.2276,-6.4087,6.3795,True
14649.0,0,Champions,0.3693,-5.5301,5.5236,True
14650.0,1,Loyal Customers,0.0618,9.4145,-7.1798,True
14651.0,4,Lost,0.3205,-6.3522,3.0879,False
14652.0,4,Lost,0.2706,17.8906,14.684,False
14653.0,0,Champions,0.3762,-7.5498,5.993,True
14654.0,1,Loyal Customers,0.0037,3.222,-6.0901,True
14655.0,0,Champions,0.3645,-4.467,5.4252,True
14656.0,4,Lost,0.2526,1.3568,4.6601,False
14657.0,4,Lost,0.3252,-2.4731,1.029,False
14658.0,4,Lost,0.3042,13.5371,9.9801,False
14659.0,0,Champions,0.3508,-6.2751,3.6753,True
14660.0,4,Lost,0.2714,13.037,8.5984,False
14661.0,4,Lost,0.2909,16.9289,16.4988,False
14662.0,4,Lost,0.3226,-4.7091,1.5658,False
14663.0,1,Loyal Customers,0.1347,7.2828,-0.2043,True
14664.0,4,Lost,0.3034,11.5786,9.995,False
14665.0,0,Champions,0.3277,-4.1066,3.6481,True
14666.0,4,Lost,0.2933,16.321,16.2991,False
14667.0,2,At Risk,0.7243,-9.0105,13.4344,False
14668.0,1,Loyal Customers,0.121,13.6639,-4.4979,True
14669.0,0,Champions,0.2608,-3.3058,4.9674,True
14670.0,1,Loyal Customers,0.1997,5.1293,5.9216,True
14671.0,1,Loyal Customers,0.0949,5.2582,0.6257,True
14672.0,4,Lost,0.2274,2.2994,4.6832,False
14673.0,0,Champions,0.3602,-4.2045,4.8631,True
14674.0,1,Loyal Customers,0.0958,11.7105,-5.424,True
14675.0,4,Lost,0.3108,10.229,9.2093,False
14676.0,3,New Customers,0.4282,-7.1283,10.6491,False
14677.0,1,Loyal Customers,0.0618,9.4116,-6.9703,True
14678.0,1,Loyal Customers,0.0705,9.2188,-6.1604,True
14679.0,1,Loyal Customers,0.1675,5.2404,2.6761,True
14681.0,4,Lost,0.2958,-3.0205,0.4467,False
14682.0,4,Lost,0.2569,-1.1428,2.593,False
14683.0,1,Loyal Customers,0.0633,9.5774,-7.0444,True
14684.0,4,Lost,0.3221,-2.4599,1.0309,False
14685.0,0,Champions,0.1462,-5.864,6.5054,True
14686.0,1,Loyal Customers,0.154,0.9293,3.0683,True
14687.0,4,Lost,0.2808,6.6833,8.1169,False
14688.0,3,New Customers,0.4685,-8.9664,10.8281,False
14689.0,4,Lost,0.2169,18.3265,11.1959,False
14690.0,4,Lost,0.3007,2.1506,7.9234,False
14691.0,4,Lost,0.3263,-1.2242,5.7891,False
14692.0,0,Champions,0.2956,-7.6651,4.2024,True
14693.0,4,Lost,0.2233,-0.5224,2.4612,False
14694.0,1,Loyal Customers,0.0529,8.3625,-7.1432,True
14695.0,1,Loyal Customers,0.1163,4.7417,1.5804,True
14696.0,0,Champions,0.3536,-5.2167,3.8384,True
14697.0,4,Lost,0.2168,11.9903,6.1911,False
14698.0,4,Lost,0.3264,0.295,6.3043,False
14699.0,4,Lost,0.2303,2.872,5.2694,False
14700.0,0,Champions,0.3395,-2.7009,5.2916,True
14701.0,0,Champions,0.3924,-7.8881,7.5058,True
14702.0,3,New Customers,0.4609,-9.1,10.6148,False
14703.0,4,Lost,0.2986,15.7267,15.8405,False
14704.0,0,Champions,0.3453,-7.6596,3.9902,True
14705.0,4,Lost,0.2219,18.1747,11.5514,False
14706.0,1,Loyal Customers,0.054,8.4197,-6.2954,True
14707.0,1,Loyal Customers,0.1275,7.5124,-0.9325,True
14708.0,4,Lost,0.339,-1.2353,5.8362,False
14709.0,3,New Customers,0.4741,-8.6313,11.1695,False
14710.0,0,Champions,0.3505,-8.0068,4.5087,True
14711.0,0,Champions,0.36,-7.4327,4.9336,True
14712.0,4,Lost,0.314,0.3615,8.8282,False
14713.0,0,Champions,0.4197,-8.579,8.6411,True
14714.0,4,Lost,0.3103,1.8245,8.4597,False
14715.0,4,Lost,0.3325,-5.689,2.2878,False
14716.0,4,Lost,0.2955,5.0454,10.4289,False
14717.0,1,Loyal Customers,0.0035,2.6638,-6.2556,True
14718.0,1,Loyal Customers,0.1368,14.835,-3.2965,True
14719.0,4,Lost,0.3312,-0.3947,6.0425,False
14720.0,4,Lost,0.3119,5.5677,11.0073,False
14721.0,1,Loyal Customers,0.1479,15.7739,-2.4812,True
14722.0,4,Lost,0.2525,5.1639,8.5677,False
14723.0,0,Champions,0.3494,-7.702,4.1853,True
14724.0,1,Loyal Customers,0.0652,9.1215,-6.2843,True
14725.0,4,Lost,0.3155,0.3823,8.8787,False
14726.0,1,Loyal Customers,0.0358,7.7001,-7.5478,True
14727.0,1,Loyal Customers,0.2003,4.9391,5.7906,True
14728.0,1,Loyal Customers,0.1351,14.9652,-3.5799,True
14729.0,1,Loyal Customers,0.1656,5.1489,3.162,True
14730.0,4,Lost,0.3445,-5.5944,2.4719,False
14731.0,4,Lost,0.2914,4.4265,9.7644,False
14732.0,0,Champions,0.4165,-8.2897,8.5545,True
14733.0,3,New Customers,0.5478,-7.9441,12.9503,False
14734.0,1,Loyal Customers,0.1489,1.5439,2.9676,True
14735.0,2,At Risk,0.6009,-9.1952,12.7472,False
14736.0,1,Loyal Customers,0.1111,6.6979,-0.7636,True
14737.0,0,Champions,0.3543,-3.0578,5.6013,True
14738.0,4,Lost,0.3274,-6.613,2.9055,False
14739.0,3,New Customers,0.5247,-8.4095,12.1385,False
14740.0,0,Champions,0.3014,-6.5044,6.2427,True
14741.0,4,Lost,0.3361,-4.4243,2.2685,False
14742.0,1,Loyal Customers,0.1314,12.8917,-2.8369,True
14743.0,1,Loyal Customers,0.06,9.2836,-7.2491,True
14744.0,0,Champions,0.3787,-7.9511,6.755,True
14745.0,0,Champions,0.3165,-7.6773,4.779,True
14746.0,1,Loyal Customers,0.1508,2.5335,2.8695,True
14747.0,1,Loyal Customers,0.2036,17.8311,10.2962,True
14748.0,0,Champions,0.3536,-6.3854,5.0946,True
14749.0,1,Loyal Customers,0.1094,12.4631,-4.2876,True
14750.0,1,Loyal Customers,0.0027,2.7494,-6.1792,True
14751.0,1,Loyal Customers,0.0265,4.3937,-0.5323,True
14752.0,4,Lost,0.2878,15.9219,15.0054,False
14753.0,4,Lost,0.2793,10.9001,8.4791,False
14754.0,4,Lost,0.3155,-2.4472,1.213,False
14755.0,3,New Customers,0.4909,-8.5295,11.4784,False
14756.0,4,Lost,0.3352,-2.1777,5.5362,False
14757.0,4,Lost,0.2756,16.464,14.0712,False
14758.0,0,Champions,0.2951,-3.8112,4.0966,True
14759.0,4,Lost,0.3253,7.7638,8.8743,False
14760.0,1,Loyal Customers,0.1808,18.0544,8.9404,True
14761.0,4,Lost,0.2874,4.547,9.5822,False
14762.0,1,Loyal Customers,0.2012,11.4315,5.7197,True
14764.0,4,Lost,0.285,16.5507,15.2726,False
14765.0,4,Lost,0.297,4.2248,10.038,False
14766.0,0,Champions,0.4107,-6.4127,8.6625,True
14767.0,1,Loyal Customers,0.1129,12.4636,-4.0787,True
14768.0,4,Lost,0.2985,13.6264,9.6907,False
14769.0,3,New Customers,0.5525,-7.954,12.9362,False
14770.0,0,Champions,0.2727,-3.3842,5.0296,True
14771.0,1,Loyal Customers,0.0585,4.779,-0.1568,True
14772.0,4,Lost,0.2567,17.8707,13.6997,False
14773.0,1,Loyal Customers,0.0612,9.4322,-7.1053,True
14774.0,1,Loyal Customers,0.0886,10.6677,-5.7675,True
14775.0,4,Lost,0.301,7.1181,8.654,False
14776.0,0,Champions,0.3646,-8.1518,6.6846,True
14777.0,1,Loyal Customers,0.1403,14.174,-2.6742,True
14778.0,4,Lost,0.2611,11.2756,7.7207,False
14779.0,1,Loyal Customers,0.1963,4.9223,5.7627,True
14780.0,4,Lost,0.2866,12.3951,9.2088,False
14782.0,1,Loyal Customers,0.173,17.6972,8.8218,True
14783.0,1,Loyal Customers,0.0366,7.5725,-6.6514,True
14784.0,4,Lost,0.3009,4.6302,10.4919,False
14785.0,4,Lost,0.2998,13.6695,9.6525,False
14786.0,1,Loyal Customers,0.078,10.8087,-6.4849,True
14787.0,1,Loyal Customers,0.1104,12.7987,-4.9446,True
14788.0,4,Lost,0.3181,6.9191,9.9217,False
14789.0,4,Lost,0.2913,16.5051,16.1623,False
14790.0,0,Champions,0.35,-7.1083,4.0838,True
14791.0,1,Loyal Customers,0.0577,8.9623,-6.3707,True
14792.0,4,Lost,0.2744,17.8819,15.2153,False
14793.0,4,Lost,0.3028,11.6123,9.9966,False
14794.0,0,Champions,0.3479,-7.3677,3.6394,True
14795.0,4,Lost,0.2347,18.0936,12.2651,False
14796.0,3,New Customers,0.5119,-8.5913,11.7163,False
14797.0,1,Loyal Customers,0.0983,11.6497,-5.1267,True
14798.0,4,Lost,0.306,-6.2394,1.9512,False
14799.0,4,Lost,0.2867,13.0204,9.176,False
14800.0,3,New Customers,0.4258,-7.5799,10.1416,False
14801.0,4,Lost,0.2782,17.37,15.0368,False
14802.0,1,Loyal Customers,0.1452,5.9274,1.4577,True
14803.0,4,Lost,0.2509,5.7931,7.7572,False
14804.0,4,Lost,0.3015,15.5255,15.6593,False
14805.0,4,Lost,0.3241,-4.6494,1.0656,False
14806.0,4,Lost,0.2765,13.012,8.6744,False
14807.0,1,Loyal Customers,0.1509,7.5267,0.3885,True
14808.0,0,Champions,0.3386,-5.2201,3.8459,True
14809.0,1,Loyal Customers,0.0597,4.7814,-0.1168,True
14810.0,0,Champions,0.3478,-8.0709,4.9195,True
14811.0,1,Loyal Customers,0.1454,15.3805,-2.5033,True
14812.0,1,Loyal Customers,0.0594,9.3596,-6.9943,True
14813.0,1,Loyal Customers,0.1722,1.6626,3.0863,True
14814.0,1,Loyal Customers,0.0664,9.7356,-6.9747,True
14815.0,4,Lost,0.2984,11.0297,9.5236,False
14816.0,4,Lost,0.224,17.7774,11.6257,False
14817.0,0,Champions,0.2876,-3.5959,5.3095,True
14818.0,4,Lost,0.2985,-2.9668,0.6953,False
14819.0,4,Lost,0.2882,2.5821,6.5605,False
14820.0,4,Lost,0.3289,-6.543,2.3915,False
14821.0,1,Loyal Customers,0.1835,-0.0057,2.9303,True
14822.0,1,Loyal Customers,0.1053,12.4209,-5.0479,True
14823.0,4,Lost,0.2365,4.9736,8.2441,False
14824.0,0,Champions,0.3731,-6.0109,5.7251,True
14825.0,0,Champions,0.4225,-8.8216,8.442,True
14826.0,1,Loyal Customers,0.0715,5.0182,-0.3248,True
14828.0,3,New Customers,0.3833,-7.3227,11.0624,False
14829.0,4,Lost,0.3264,-4.6369,1.9421,False
14830.0,4,Lost,0.2815,17.2184,15.1556,False
14831.0,1,Loyal Customers,0.0516,4.9745,0.9844,True
14832.0,1,Loyal Customers,0.0486,8.1601,-6.7303,True
14833.0,1,Loyal Customers,0.0988,11.9937,-5.5038,True
14834.0,4,Lost,0.3378,-4.3478,2.6892,False
14835.0,1,Loyal Customers,0.0918,5.5369,-0.5686,True
14836.0,4,Lost,0.3026,4.1382,10.0574,False
14837.0,0,Champions,0.3305,-5.5626,5.0802,True
14838.0,1,Loyal Customers,0.1414,6.7417,0.5769,True
14839.0,1,Loyal Customers,0.1478,4.9077,2.7908,True
14840.0,1,Loyal Customers,0.1988,11.4778,5.6181,True
14841.0,0,Champions,0.4081,-7.023,9.3998,True
14842.0,4,Lost,0.3282,-2.3167,5.4641,False
14843.0,1,Loyal Customers,0.1256,13.5258,-4.1029,True
14844.0,0,Champions,0.3875,-6.259,8.6495,True
14845.0,1,Loyal Customers,0.0585,9.3325,-7.1191,True
14846.0,1,Loyal Customers,0.1327,12.9956,-3.0153,True
14847.0,4,Lost,0.263,6.4393,7.7227,False
14848.0,1,Loyal Customers,0.1399,14.1615,-2.6926,True
14849.0,2,At Risk,0.6091,-8.9369,12.9879,False
14850.0,4,Lost,0.2127,-0.3912,3.0604,False
14851.0,4,Lost,0.3072,6.3611,10.8501,False
14852.0,0,Champions,0.4022,-8.1427,9.148,True
14853.0,4,Lost,0.3192,0.0696,6.1563,False
14854.0,0,Champions,0.352,-6.5274,6.6716,True
14855.0,0,Champions,0.3552,-5.4464,7.6713,True
14856.0,4,Lost,0.3085,7.2403,9.165,False
14857.0,0,Champions,0.3403,-4.3231,5.1355,True
14858.0,1,Loyal Customers,0.0971,11.7219,-5.3582,True
14859.0,4,Lost,0.3281,-0.5632,5.993,False
14860.0,4,Lost,0.295,16.4022,16.4942,False
14861.0,4,Lost,0.3202,-6.8938,2.7215,False
14862.0,4,Lost,0.3037,10.8269,9.4682,False
14863.0,4,Lost,0.2922,15.9433,15.9653,False
14865.0,4,Lost,0.3067,2.6729,7.2959,False
14866.0,2,At Risk,0.623,-8.2201,13.3838,False
14867.0,0,Champions,0.3019,-8.4566,6.4398,True
14868.0,0,Champions,0.3831,-7.2785,6.8011,True
14869.0,0,Champions,0.3471,-3.1666,4.1882,True
14870.0,4,Lost,0.2312,-0.8906,2.921,False
14871.0,4,Lost,0.336,-6.5451,2.3906,False
14872.0,1,Loyal Customers,0.1196,4.3431,1.8336,True
14873.0,4,Lost,0.229,10.8854,6.6387,False
14874.0,1,Loyal Customers,0.0845,11.1643,-6.1093,True
14875.0,4,Lost,0.3002,-2.1731,5.1298,False
14876.0,1,Loyal Customers,0.0945,5.5685,-0.6198,True
14877.0,1,Loyal Customers,0.1388,7.4442,-0.2941,True
14878.0,0,Champions,0.4102,-8.8892,8.2051,True
14879.0,1,Loyal Customers,0.0244,6.8797,-7.1471,True
14880.0,4,Lost,0.2836,5.5814,9.5808,False
14881.0,4,Lost,0.2957,15.9694,16.1194,False
14882.0,0,Champions,0.3708,-8.0358,6.5569,True
14883.0,4,Lost,0.3154,-3.1505,0.2275,False
14884.0,1,Loyal Customers,0.03,7.0291,-7.6533,True
14885.0,4,Lost,0.2733,6.6848,7.7217,False
14886.0,1,Loyal Customers,0.2025,17.7183,10.2764,True
14887.0,4,Lost,0.2935,8.7608,8.6842,False
14888.0,4,Lost,0.2212,17.5856,11.2173,False
14889.0,1,Loyal Customers,0.1656,17.6857,8.7842,True
14890.0,4,Lost,0.2131,5.5161,6.6539,False
14891.0,4,Lost,0.2626,2.5585,5.2931,False
14892.0,1,Loyal Customers,0.0222,6.8559,-7.1232,True
14893.0,4,Lost,0.3258,8.1205,8.774,False
14894.0,4,Lost,0.291,6.9047,8.3524,False
14895.0,2,At Risk,0.7291,-8.8146,13.6251,False
14896.0,4,Lost,0.2627,-5.5581,2.9088,False
14897.0,0,Champions,0.357,-5.0275,4.4757,True
14898.0,0,Champions,0.3708,-8.051,6.517,True
14899.0,1,Loyal Customers,0.1586,12.3453,-1.8502,True
14900.0,1,Loyal Customers,0.0884,11.6776,-5.8342,True
14901.0,0,Champions,0.3542,-7.9403,4.5129,True
14902.0,4,Lost,0.3088,6.6505,9.9728,False
14903.0,4,Lost,0.3398,-2.3623,5.3427,False
14904.0,4,Lost,0.3292,-0.1445,8.3541,False
14905.0,4,Lost,0.2802,-5.5958,2.6993,False
14906.0,1,Loyal Customers,0.1204,13.8714,-4.5091,True
14907.0,0,Champions,0.4199,-7.6765,8.7446,True
14908.0,4,Lost,0.2779,12.6935,8.853,False
14909.0,1,Loyal Customers,0.1467,5.2383,2.3868,True
14910.0,4,Lost,0.3125,2.6914,7.4209,False
14912.0,4,Lost,0.3314,-2.3638,1.8146,False
14913.0,0,Champions,0.3583,-5.0414,5.7998,True
14915.0,0,Champions,0.3127,-7.6399,4.079,True
14916.0,0,Champions,0.3301,-5.0591,4.349,True
14917.0,1,Loyal Customers,0.0754,5.1245,0.7662,True
14918.0,0,Champions,0.3537,-5.7412,7.711,True
14919.0,1,Loyal Customers,0.0861,10.3111,-5.8255,True
14920.0,4,Lost,0.2405,6.4429,7.2452,False
14921.0,4,Lost,0.3085,9.6039,8.8781,False
14922.0,1,Loyal Customers,0.1541,6.7701,0.9735,True
14923.0,4,Lost,0.2898,15.6596,14.0563,False
14924.0,4,Lost,0.2179,5.6611,6.7907,False
14926.0,1,Loyal Customers,0.1524,8.3163,-0.7205,True
14927.0,1,Loyal Customers,0.1432,14.2875,-2.5821,True
14928.0,1,Loyal Customers,0.0481,8.2749,-7.1932,True
14929.0,4,Lost,0.3012,10.8507,9.4277,False
14930.0,0,Champions,0.3395,-5.08,7.1154,True
14931.0,4,Lost,0.3253,0.284,6.2787,False
14932.0,1,Loyal Customers,0.168,6.6023,1.2327,True
14933.0,1,Loyal Customers,0.1513,0.255,3.507,True
14934.0,0,Champions,0.3244,-3.4058,5.4516,True
14935.0,4,Lost,0.2207,-1.5869,4.5695,False
14936.0,3,New Customers,0.4819,-7.4839,11.9803,False
14937.0,4,Lost,0.3041,7.328,8.7049,False
14938.0,1,Loyal Customers,0.1058,5.2886,1.5536,True
14940.0,1,Loyal Customers,0.1401,7.2563,-0.1093,True
14941.0,1,Loyal Customers,0.0675,9.74,-6.9071,True
14942.0,1,Loyal Customers,0.1545,2.454,2.8495,True
14943.0,1,Loyal Customers,0.0323,7.0381,-7.7113,True
14944.0,3,New Customers,0.4653,-7.8953,11.2275,False
14945.0,1,Loyal Customers,0.1345,14.9664,-3.6148,True
14946.0,4,Lost,0.296,16.6987,16.7347,False
14947.0,4,Lost,0.2977,-2.9921,0.6383,False
14948.0,4,Lost,0.3183,-2.788,0.346,False
14949.0,1,Loyal Customers,0.1241,2.8719,2.5255,True
14950.0,4,Lost,0.2977,15.6461,15.4931,False
14951.0,4,Lost,0.2725,16.9869,14.2199,False
14952.0,2,At Risk,0.5916,-8.6233,13.1246,False
14953.0,4,Lost,0.3114,1.4365,8.6813,False
14954.0,4,Lost,0.3048,12.2424,10.2403,False
14955.0,1,Loyal Customers,0.0046,2.8911,-6.1804,True
14956.0,1,Loyal Customers,0.1472,12.3492,-1.8686,True
14957.0,1,Loyal Customers,0.2045,11.6582,5.826,True
14958.0,4,Lost,0.266,-0.8099,2.0799,False
14959.0,4,Lost,0.2912,2.4329,6.7072,False
14960.0,4,Lost,0.3026,13.5698,9.8882,False
14961.0,2,At Risk,0.5702,-8.1698,12.9988,False
14962.0,4,Lost,0.2026,3.3208,5.2357,False
14963.0,0,Champions,0.3664,-7.8037,5.5403,True
14964.0,1,Loyal Customers,0.2028,18.2974,10.3521,True
14965.0,4,Lost,0.2719,11.7305,8.1866,False
14966.0,4,Lost,0.3218,-2.7677,0.3605,False
14967.0,4,Lost,0.3193,-2.3293,2.0397,False
14968.0,4,Lost,0.2975,12.1228,9.958,False
14969.0,1,Loyal Customers,0.0265,7.7288,-5.8394,True
14970.0,0,Champions,0.3666,-6.8048,7.3191,True
14971.0,4,Lost,0.3062,6.7261,9.8154,False
14972.0,4,Lost,0.2528,12.3806,7.0865,False
14973.0,4,Lost,0.2796,6.6066,8.3065,False
14974.0,4,Lost,0.2869,17.1724,16.1407,False
14975.0,4,Lost,0.2861,12.3559,9.1856,False
14976.0,4,Lost,0.3028,-4.5171,0.9743,False
14977.0,1,Loyal Customers,0.0057,2.5942,-6.3148,True
14978.0,0,Champions,0.336,-6.4089,5.1216,True
14979.0,1,Loyal Customers,0.0075,4.1568,-6.0737,True
14980.0,1,Loyal Customers,0.0028,2.8213,-6.1465,True
14981.0,4,Lost,0.2079,11.5626,5.9308,False
14982.0,1,Loyal Customers,0.0711,9.8317,-6.4379,True
14983.0,1,Loyal Customers,0.0228,6.8433,-7.1681,True
14984.0,4,Lost,0.3223,-2.6024,0.6372,False
14985.0,4,Lost,0.2264,12.0687,6.5491,False
14986.0,1,Loyal Customers,0.1577,7.4539,0.5471,True
14987.0,4,Lost,0.3344,-5.8319,2.0871,False
14988.0,4,Lost,0.2571,-5.3097,2.9536,False
14989.0,1,Loyal Customers,0.0359,7.5636,-6.5652,True
14990.0,1,Loyal Customers,0.0582,4.7236,-0.4204,True
14991.0,1,Loyal Customers,0.1298,13.4121,-3.6145,True
14992.0,1,Loyal Customers,0.1235,13.4747,-4.1868,True
14993.0,1,Loyal Customers,0.0716,10.4062,-6.7659,True
14994.0,1,Loyal Customers,0.168,0.9768,3.1483,True
14995.0,4,Lost,0.2902,13.3961,9.3498,False
14996.0,1,Loyal Customers,0.1133,6.7063,-0.7371,True
14997.0,4,Lost,0.2996,2.1767,7.892,False
14998.0,4,Lost,0.2491,2.7416,5.354,False
14999.0,1,Loyal Customers,0.0611,9.4278,-7.145,True
15000.0,4,Lost,0.2875,15.847,14.6282,False
15001.0,1,Loyal Customers,0.1458,8.0623,-0.9386,True
15002.0,0,Champions,0.3383,-5.6033,6.7517,True
15003.0,1,Loyal Customers,0.1349,0.4027,2.9488,True
15004.0,4,Lost,0.2575,15.8499,12.9205,False
15005.0,2,At Risk,0.6213,-9.1268,12.9454,False
15006.0,4,Lost,0.2933,10.948,8.89,False
15007.0,4,Lost,0.2379,18.0565,12.3574,False
15008.0,1,Loyal Customers,0.1126,6.72,-0.7796,True
15009.0,4,Lost,0.3175,7.2268,9.3344,False
15010.0,4,Lost,0.2899,16.0152,15.3014,False
15011.0,1,Loyal Customers,0.1475,7.9893,-0.3826,True
15012.0,4,Lost,0.295,5.8808,9.7163,False
15013.0,1,Loyal Customers,0.1465,-0.3802,3.2199,True
15014.0,4,Lost,0.2889,13.3369,9.3317,False
15015.0,0,Champions,0.1585,-6.4542,5.8755,True
15016.0,4,Lost,0.2485,1.4732,4.717,False
15017.0,4,Lost,0.2882,17.09,16.1908,False
15018.0,4,Lost,0.2977,5.1347,10.3879,False
15019.0,1,Loyal Customers,0.1954,17.9588,9.9137,True
15020.0,1,Loyal Customers,0.1491,15.2138,-2.2659,True
15021.0,0,Champions,0.3617,-7.8231,5.2983,True
15022.0,4,Lost,0.3215,0.4462,6.2384,False
15023.0,3,New Customers,0.5111,-7.9852,11.9586,False
15024.0,0,Champions,0.3887,-8.2043,7.2065,True
15025.0,4,Lost,0.3032,10.2794,9.0396,False
15026.0,4,Lost,0.2921,0.7662,5.5586,False
15027.0,0,Champions,0.3534,-6.3737,5.105,True
15028.0,4,Lost,0.3252,-2.7352,0.3962,False
15029.0,1,Loyal Customers,0.0533,8.4496,-6.3001,True
15030.0,4,Lost,0.3153,-5.6616,2.4091,False
15031.0,0,Champions,0.3737,-8.3476,5.8473,True
15032.0,3,New Customers,0.4003,-7.3761,12.1224,False
15033.0,0,Champions,0.3557,-7.1231,4.1089,True
15034.0,3,New Customers,0.4387,-7.2559,10.5137,False
15035.0,4,Lost,0.2672,17.3924,14.1539,False
15036.0,4,Lost,0.2824,4.6543,9.4644,False
15037.0,1,Loyal Customers,0.1555,8.3391,-0.6906,True
15038.0,4,Lost,0.314,-6.565,2.4666,False
15040.0,1,Loyal Customers,0.0801,11.0969,-6.2755,True
15041.0,4,Lost,0.2377,12.1758,6.8792,False
15042.0,4,Lost,0.2262,12.0474,6.5554,False
15043.0,0,Champions,0.3391,-3.2206,4.2401,True
15044.0,2,At Risk,0.5964,-8.7177,13.0517,False
15045.0,4,Lost,0.251,11.1113,7.187,False
15046.0,3,New Customers,0.462,-8.7855,10.5976,False
15047.0,1,Loyal Customers,0.1953,17.7408,9.9803,True
15048.0,4,Lost,0.2879,2.5751,6.5553,False
15049.0,1,Loyal Customers,0.1906,18.3758,9.5716,True
15050.0,0,Champions,0.3569,-3.9756,5.9733,True
15051.0,0,Champions,0.3642,-5.4842,5.6165,True
15052.0,1,Loyal Customers,0.1736,17.6942,8.8069,True
15053.0,4,Lost,0.3127,5.6466,11.0242,False
15054.0,4,Lost,0.3021,13.3496,10.0537,False
15055.0,1,Loyal Customers,0.1198,4.208,2.188,True
15056.0,1,Loyal Customers,0.0908,11.5065,-5.6928,True
15057.0,0,Champions,0.2426,-2.9635,4.9566,True
15058.0,0,Champions,0.3736,-8.4273,6.575,True
15059.0,0,Champions,0.3761,-8.5959,7.0395,True
15060.0,4,Lost,0.3087,2.6796,7.3606,False
15062.0,0,Champions,0.3239,-5.2589,3.728,True
15063.0,4,Lost,0.2188,17.5788,11.1606,False
15064.0,1,Loyal Customers,0.1581,1.4293,3.0694,True
15065.0,0,Champions,0.3399,-3.1113,5.3676,True
15066.0,4,Lost,0.2909,15.6167,13.4573,False
15067.0,0,Champions,0.3311,-3.7276,5.7321,True
15068.0,4,Lost,0.305,0.9975,8.6443,False
15069.0,4,Lost,0.2426,16.8256,10.5579,False
15070.0,1,Loyal Customers,0.1651,5.1499,3.2335,True
15071.0,4,Lost,0.2893,0.3564,8.1262,False
15072.0,1,Loyal Customers,0.1082,12.5377,-4.9167,True
15073.0,0,Champions,0.3514,-5.2118,3.8593,True
15074.0,4,Lost,0.2839,6.7556,7.9795,False
15075.0,4,Lost,0.2791,15.8593,13.5726,False
15076.0,4,Lost,0.2546,6.4958,7.5663,False
15077.0,1,Loyal Customers,0.1345,5.3057,1.6466,True
15078.0,2,At Risk,0.667,-8.974,13.1128,False
15079.0,0,Champions,0.2896,-6.6026,6.0744,True
15080.0,1,Loyal Customers,0.1363,7.1411,-0.1083,True
15081.0,0,Champions,0.3453,-7.8969,4.3082,True
15082.0,1,Loyal Customers,0.0297,6.9986,-7.7231,True
15083.0,1,Loyal Customers,0.1971,18.5895,10.0453,True
15084.0,1,Loyal Customers,0.1614,6.6371,1.2023,True
15085.0,1,Loyal Customers,0.0083,3.9224,-6.04,True
15086.0,1,Loyal Customers,0.0761,5.1505,-0.5591,True
15087.0,1,Loyal Customers,0.1899,17.6988,9.7303,True
15088.0,4,Lost,0.31,9.7914,8.9472,False
15089.0,4,Lost,0.3415,-2.5098,2.5909,False
15090.0,1,Loyal Customers,0.1803,17.3861,9.5472,True
15091.0,4,Lost,0.2919,6.3541,9.2196,False
15092.0,4,Lost,0.2284,5.576,7.1837,False
15093.0,3,New Customers,0.5417,-8.156,12.6238,False
15094.0,1,Loyal Customers,0.1158,7.016,-1.0413,True
15095.0,0,Champions,0.323,-6.3954,5.1493,True
15096.0,4,Lost,0.2859,16.7876,15.5317,False
15097.0,4,Lost,0.316,6.5243,10.5639,False
15099.0,4,Lost,0.2718,16.6811,13.9371,False
15100.0,0,Champions,0.2187,-1.0218,3.7624,True
15101.0,4,Lost,0.3291,-2.4707,1.0505,False
15102.0,1,Loyal Customers,0.0945,5.4446,-0.1181,True
15103.0,4,Lost,0.2998,11.2697,9.6604,False
15104.0,4,Lost,0.2367,10.8707,6.7529,False
15105.0,0,Champions,0.3548,-5.96,4.3026,True
15106.0,4,Lost,0.3222,0.0177,6.1681,False
15107.0,4,Lost,0.2065,-0.2941,2.7378,False
15108.0,4,Lost,0.2677,0.4591,7.9011,False
15109.0,4,Lost,0.2186,5.7003,6.8018,False
15110.0,4,Lost,0.3234,-2.4597,1.1033,False
15111.0,4,Lost,0.3355,-2.2311,5.391,False
15112.0,1,Loyal Customers,0.0548,8.5031,-7.1664,True
15113.0,0,Champions,0.3502,-2.8276,5.5872,True
15114.0,0,Champions,0.3615,-7.6508,5.8729,True
15115.0,4,Lost,0.3027,12.0743,10.1678,False
15116.0,4,Lost,0.3188,0.3351,8.8526,False
15117.0,0,Champions,0.3453,-5.2746,3.5489,True
15118.0,4,Lost,0.2492,17.7203,13.1826,False
15119.0,1,Loyal Customers,0.204,18.0504,10.3569,True
15120.0,4,Lost,0.2508,17.3109,13.0081,False
15121.0,4,Lost,0.2887,12.3673,9.2428,False
15122.0,0,Champions,0.3397,-6.495,6.689,True
15123.0,0,Champions,0.3705,-4.4472,6.4564,True
15124.0,4,Lost,0.3046,2.6716,7.442,False
15125.0,2,At Risk,0.5778,-8.2409,13.0894,False
15126.0,1,Loyal Customers,0.0906,5.3991,-0.2289,True
15127.0,4,Lost,0.2857,11.4398,8.7369,False
15128.0,4,Lost,0.3101,-0.6563,5.6778,False
15129.0,3,New Customers,0.4275,-8.626,9.9519,False
15130.0,4,Lost,0.2357,17.6134,11.9033,False
15131.0,1,Loyal Customers,0.1409,15.822,-3.0728,True
15132.0,4,Lost,0.3162,0.9621,6.1157,False
15133.0,4,Lost,0.2827,-0.857,5.0843,False
15134.0,4,Lost,0.3382,-7.352,3.4177,False
15135.0,4,Lost,0.2098,11.8542,5.9656,False
15136.0,4,Lost,0.324,0.4584,8.9375,False
15137.0,1,Loyal Customers,0.1022,5.6278,0.2057,True
15138.0,1,Loyal Customers,0.147,13.4513,-2.2755,True
15139.0,4,Lost,0.2077,11.9442,6.025,False
15140.0,0,Champions,0.3405,-5.0337,4.4976,True
15141.0,1,Loyal Customers,0.1479,0.1241,3.0106,True
15142.0,4,Lost,0.3296,-2.8857,3.6764,False
15143.0,4,Lost,0.2186,11.3417,6.2421,False
15144.0,3,New Customers,0.5313,-8.5645,12.222,False
15145.0,4,Lost,0.3224,0.7026,8.9031,False
15146.0,4,Lost,0.2538,6.6863,7.4962,False
15147.0,4,Lost,0.2113,17.3474,10.547,False
15148.0,4,Lost,0.3,15.7248,15.8868,False
15149.0,4,Lost,0.2769,-0.1237,5.217,False
15150.0,3,New Customers,0.4451,-7.3229,10.8862,False
15151.0,1,Loyal Customers,0.1591,5.3974,1.7495,True
15152.0,0,Champions,0.3998,-7.5039,7.9567,True
15153.0,4,Lost,0.2922,15.9133,15.3767,False
15154.0,4,Lost,0.2936,6.921,8.5017,False
15155.0,1,Loyal Customers,0.1499,14.1843,-2.1134,True
15156.0,4,Lost,0.3179,6.6465,10.397,False
15157.0,4,Lost,0.3446,-2.2044,5.4564,False
15158.0,4,Lost,0.2928,11.7729,9.4217,False
15159.0,2,At Risk,0.681,-8.773,13.5323,False
15160.0,1,Loyal Customers,0.1707,2.4698,3.0519,True
15161.0,1,Loyal Customers,0.1443,15.8428,-2.63,True
15162.0,1,Loyal Customers,0.0075,3.8104,-6.0217,True
15163.0,4,Lost,0.2997,13.3038,9.902,False
15164.0,0,Champions,0.3202,-6.3312,3.113,True
15165.0,1,Loyal Customers,0.162,12.4742,-1.9752,True
15166.0,1,Loyal Customers,0.1124,12.9242,-4.8434,True
15167.0,4,Lost,0.2023,0.6537,3.6322,False
15168.0,4,Lost,0.2912,16.9297,16.5083,False
15169.0,1,Loyal Customers,0.1553,7.4573,0.5328,True
15170.0,1,Loyal Customers,0.136,15.6508,-3.2919,True
15171.0,1,Loyal Customers,0.1833,12.3647,-1.8451,True
15172.0,4,Lost,0.3286,-0.4068,6.0398,False
15173.0,1,Loyal Customers,0.1806,-0.1079,2.964,True
15174.0,1,Loyal Customers,0.1781,11.006,5.4892,True
15175.0,4,Lost,0.2741,17.362,14.5945,False
15176.0,1,Loyal Customers,0.0422,7.8152,-5.8689,True
15177.0,1,Loyal Customers,0.14,12.5279,-2.3215,True
15178.0,1,Loyal Customers,0.1952,18.6182,10.0732,True
15179.0,0,Champions,0.4243,-7.1078,9.8604,True
15180.0,1,Loyal Customers,0.1684,5.16,3.205,True
15181.0,4,Lost,0.2997,0.5773,5.6074,False
15182.0,0,Champions,0.3032,-6.9425,5.3552,True
15183.0,1,Loyal Customers,0.0912,4.1741,1.545,True
15184.0,4,Lost,0.3054,2.3622,7.8584,False
15185.0,4,Lost,0.2761,16.9368,14.3221,False
15186.0,4,Lost,0.3236,0.0214,6.1705,False
15187.0,0,Champions,0.4015,-7.9525,7.836,True
15188.0,1,Loyal Customers,0.0099,3.7768,-6.0369,True
15189.0,2,At Risk,0.6489,-8.937,13.1342,False
15190.0,1,Loyal Customers,0.1352,12.5639,-2.3711,True
15191.0,1,Loyal Customers,0.1251,4.2891,2.249,True
15192.0,4,Lost,0.2883,-0.9654,5.127,False
15193.0,4,Lost,0.2823,16.1732,14.2339,False
15194.0,3,New Customers,0.5344,-8.5554,12.2379,False
15195.0,4,Lost,0.3514,-2.871,5.6336,False
15196.0,1,Loyal Customers,0.1311,7.5232,-0.7589,True
15197.0,4,Lost,0.3337,-2.3709,1.7978,False
15198.0,4,Lost,0.2806,1.5702,5.635,False
15199.0,0,Champions,0.341,-6.4013,5.0897,True
15200.0,1,Loyal Customers,0.1066,12.2511,-3.7777,True
15201.0,4,Lost,0.3048,-4.8396,2.2773,False
15202.0,0,Champions,0.2159,-5.1706,7.3827,True
15203.0,0,Champions,0.3841,-7.9282,7.3719,True
15204.0,1,Loyal Customers,0.1595,14.5518,-2.0166,True
15205.0,4,Lost,0.2771,11.5735,8.449,False
15206.0,4,Lost,0.3094,2.7014,7.421,False
15207.0,1,Loyal Customers,0.1455,4.6187,2.6111,True
15208.0,4,Lost,0.3255,-2.9765,0.196,False
15209.0,1,Loyal Customers,0.006,2.9344,-6.1636,True
15210.0,4,Lost,0.2298,6.0204,6.9578,False
15211.0,4,Lost,0.2958,9.8846,8.771,False
15212.0,4,Lost,0.2077,11.9475,6.0383,False
15213.0,1,Loyal Customers,0.1776,11.2233,5.3539,True
15214.0,4,Lost,0.3394,-5.8654,2.0633,False
15215.0,4,Lost,0.329,-4.2969,3.0966,False
15216.0,4,Lost,0.2737,11.9474,8.3141,False
15217.0,1,Loyal Customers,0.0773,9.7385,-5.9965,True
15218.0,3,New Customers,0.504,-8.1167,11.8816,False
15219.0,4,Lost,0.2406,11.1654,7.0016,False
15220.0,4,Lost,0.3157,-2.3386,1.722,False
15221.0,4,Lost,0.1924,-0.9311,4.1049,False
15222.0,0,Champions,0.2436,-6.5148,6.11,True
15223.0,4,Lost,0.2376,1.013,4.1086,False
15224.0,1,Loyal Customers,0.1766,1.0421,3.2163,True
15225.0,4,Lost,0.2108,17.5939,10.6385,False
15226.0,1,Loyal Customers,0.176,17.8199,8.802,True
15227.0,0,Champions,0.3389,-6.2776,3.6286,True
15228.0,0,Champions,0.3615,-5.2254,7.2898,True
15229.0,1,Loyal Customers,0.0643,9.6207,-7.0225,True
15230.0,4,Lost,0.2115,11.506,5.9672,False
15231.0,1,Loyal Customers,0.0513,8.3169,-7.1272,True
15232.0,4,Lost,0.2652,11.6718,7.9576,False
15233.0,1,Loyal Customers,0.1382,15.7689,-3.1768,True
15234.0,1,Loyal Customers,0.1904,18.1382,9.4283,True
15235.0,0,Champions,0.2887,-8.424,6.4031,True
15236.0,1,Loyal Customers,0.1832,17.4788,9.5058,True
15237.0,4,Lost,0.3261,0.2191,8.7712,False
15238.0,4,Lost,0.3081,6.7186,9.9132,False
15239.0,4,Lost,0.3094,11.142,9.7959,False
15240.0,0,Champions,0.3698,-7.1227,6.9473,True
15241.0,0,Champions,0.3392,-7.2419,5.2114,True
15242.0,1,Loyal Customers,0.1329,13.526,-3.5977,True
15243.0,4,Lost,0.2853,10.7681,8.5731,False
15244.0,4,Lost,0.2913,6.0355,9.5752,False
15245.0,0,Champions,0.3257,-5.4197,6.6206,True
15246.0,4,Lost,0.2191,5.5473,6.7927,False
15247.0,4,Lost,0.269,5.9918,8.1907,False
15248.0,1,Loyal Customers,0.1639,5.3643,2.0228,True
15249.0,3,New Customers,0.455,-7.7172,11.0975,False
15250.0,1,Loyal Customers,0.0406,7.8812,-7.6007,True
15251.0,2,At Risk,0.6216,-8.2123,13.3176,False
15252.0,4,Lost,0.3241,-1.2295,5.7806,False
15253.0,4,Lost,0.3391,-5.5955,2.4975,False
15254.0,4,Lost,0.2684,6.1416,8.1023,False
15255.0,0,Champions,0.3435,-5.493,5.464,True
15256.0,4,Lost,0.2446,12.4228,7.0251,False
15257.0,1,Loyal Customers,0.1971,11.0099,5.854,True
15258.0,4,Lost,0.2426,11.1708,7.0594,False
15259.0,1,Loyal Customers,0.1153,4.4911,1.5513,True
15260.0,3,New Customers,0.4437,-8.6002,11.219,False
15261.0,4,Lost,0.2734,0.3776,7.9693,False
15262.0,1,Loyal Customers,0.1793,4.9884,5.6155,True
15263.0,4,Lost,0.259,17.8418,13.747,False
15264.0,4,Lost,0.2883,10.9604,8.7071,False
15265.0,0,Champions,0.2917,-2.7902,5.251,True
15266.0,1,Loyal Customers,0.1844,1.2871,3.4576,True
15267.0,4,Lost,0.3246,-0.5921,5.9626,False
15268.0,1,Loyal Customers,0.1236,4.3836,1.8169,True
15269.0,4,Lost,0.3122,7.1966,9.3731,False
15270.0,3,New Customers,0.4589,-8.3922,10.6238,False
15271.0,0,Champions,0.4183,-8.8354,8.3925,True
15272.0,4,Lost,0.3178,-2.3484,2.1803,False
15273.0,1,Loyal Customers,0.0596,9.194,-6.7195,True
15274.0,4,Lost,0.3109,11.3031,9.9357,False
15275.0,4,Lost,0.2933,15.7292,14.2388,False
15276.0,4,Lost,0.2898,2.4611,6.5857,False
15277.0,4,Lost,0.2902,12.3471,9.2743,False
15278.0,1,Loyal Customers,0.0861,4.0497,1.4517,True
15279.0,1,Loyal Customers,0.1874,0.5982,3.4787,True
15280.0,4,Lost,0.2409,5.0201,8.286,False
15281.0,3,New Customers,0.4293,-7.4696,10.5036,False
15282.0,1,Loyal Customers,0.0734,9.6776,-6.0791,True
15283.0,1,Loyal Customers,0.1488,5.2667,4.037,True
15284.0,1,Loyal Customers,0.0974,11.9761,-5.5542,True
15285.0,1,Loyal Customers,0.1358,15.6081,-3.3011,True
15286.0,4,Lost,0.2833,16.7814,15.3196,False
15287.0,4,Lost,0.3129,1.1986,6.0501,False
15288.0,0,Champions,0.3578,-5.998,5.6567,True
15289.0,4,Lost,0.3201,-0.3458,5.9163,False
15290.0,3,New Customers,0.5025,-8.5826,11.6309,False
15291.0,3,New Customers,0.5741,-9.0003,12.7338,False
15292.0,4,Lost,0.2211,18.1687,11.5092,False
15293.0,1,Loyal Customers,0.033,7.3714,-7.0093,True
15294.0,1,Loyal Customers,0.1365,14.8449,-3.3035,True
15295.0,1,Loyal Customers,0.0375,7.5643,-7.3495,True
15296.0,3,New Customers,0.447,-7.3029,11.1769,False
15297.0,4,Lost,0.31,5.5328,10.9729,False
15298.0,3,New Customers,0.4822,-8.3681,11.2364,False
15299.0,0,Champions,0.4037,-6.8637,10.7974,True
15300.0,4,Lost,0.2811,16.1729,14.1696,False
15301.0,3,New Customers,0.4223,-7.5992,10.0622,False
15302.0,1,Loyal Customers,0.0078,3.8093,-6.0082,True
15303.0,4,Lost,0.204,6.0017,6.6114,False
15304.0,4,Lost,0.3079,-6.4662,2.2744,False
15305.0,1,Loyal Customers,0.076,10.6987,-6.5287,True
15306.0,0,Champions,0.3414,-5.6177,5.095,True
15307.0,4,Lost,0.2641,17.6288,13.886,False
15308.0,1,Loyal Customers,0.1932,17.7825,9.8824,True
15309.0,1,Loyal Customers,0.0702,4.237,1.2411,True
15310.0,1,Loyal Customers,0.1278,5.6047,1.3124,True
15312.0,0,Champions,0.3368,-7.5932,5.4136,True
15313.0,4,Lost,0.2564,17.9347,13.752,False
15314.0,4,Lost,0.2355,5.627,7.2972,False
15315.0,4,Lost,0.2846,11.9235,9.0705,False
15316.0,1,Loyal Customers,0.1697,17.6833,8.7938,True
15317.0,1,Loyal Customers,0.0269,6.8303,-7.5619,True
15318.0,4,Lost,0.303,15.5617,15.7187,False
15319.0,1,Loyal Customers,0.1877,18.0491,9.3897,True
15320.0,4,Lost,0.2861,16.5534,15.3091,False
15321.0,0,Champions,0.3897,-6.5592,8.868,True
15322.0,4,Lost,0.2867,9.8106,8.7567,False
15323.0,1,Loyal Customers,0.0824,4.1442,1.4353,True
15324.0,1,Loyal Customers,0.0173,6.819,-7.2848,True
15325.0,4,Lost,0.2971,-5.7494,2.3588,False
15326.0,4,Lost,0.1975,0.6011,3.5633,False
15327.0,4,Lost,0.2816,17.1703,15.1588,False
15328.0,1,Loyal Customers,0.136,15.5908,-3.312,True
15329.0,0,Champions,0.3497,-7.3191,5.1304,True
15330.0,4,Lost,0.2995,11.1928,9.645,False
15331.0,1,Loyal Customers,0.1125,4.3198,1.7725,True
15332.0,0,Champions,0.2528,-5.2879,7.4732,True
15333.0,4,Lost,0.2297,16.8822,10.4688,False
15334.0,4,Lost,0.2463,5.0009,8.3222,False
15335.0,4,Lost,0.2808,17.3673,15.2009,False
15336.0,1,Loyal Customers,0.1402,14.8226,-2.9405,True
15337.0,1,Loyal Customers,0.1383,13.7328,-2.8266,True
15338.0,1,Loyal Customers,0.029,7.1977,-6.7518,True
15339.0,4,Lost,0.3132,-4.7513,2.2381,False
15340.0,1,Loyal Customers,0.0733,10.4212,-6.7586,True
15341.0,4,Lost,0.3025,8.4377,8.6806,False
15342.0,4,Lost,0.253,17.2326,13.0481,False
15343.0,4,Lost,0.2699,16.9535,13.9384,False
15344.0,4,Lost,0.3126,5.2142,10.8689,False
15345.0,4,Lost,0.287,15.952,14.9599,False
15346.0,1,Loyal Customers,0.178,5.1329,5.5738,True
15347.0,1,Loyal Customers,0.1775,1.2642,3.3112,True
15348.0,4,Lost,0.2732,17.8059,14.7243,False
15349.0,4,Lost,0.245,11.9935,7.1291,False
15350.0,1,Loyal Customers,0.1602,7.2656,0.6583,True
15351.0,0,Champions,0.3684,-5.9782,5.6209,True
15352.0,1,Loyal Customers,0.0788,10.8038,-6.4395,True
15353.0,0,Champions,0.2546,-3.281,4.98,True
15354.0,1,Loyal Customers,0.0641,4.6369,-0.0178,True
15355.0,4,Lost,0.2948,13.3942,9.6024,False
15356.0,0,Champions,0.3645,-7.8919,6.322,True
15358.0,2,At Risk,0.6309,-8.913,13.1159,False
15359.0,1,Loyal Customers,0.0507,4.0536,1.3374,True
15360.0,4,Lost,0.2899,15.8383,14.9136,False
15361.0,1,Loyal Customers,0.17,2.3976,2.9672,True
15362.0,1,Loyal Customers,0.1286,6.8164,-0.0541,True
15363.0,1,Loyal Customers,0.1648,6.6068,1.2563,True
15364.0,4,Lost,0.2762,10.8562,8.4396,False
15365.0,0,Champions,0.3813,-7.4393,7.2235,True
15366.0,4,Lost,0.3171,-4.4379,3.0013,False
15367.0,0,Champions,0.3708,-6.4489,7.4003,True
15368.0,4,Lost,0.3041,11.1857,9.7658,False
15369.0,0,Champions,0.2098,-6.0234,6.774,True
15370.0,0,Champions,0.3517,-4.9947,5.3059,True
15371.0,1,Loyal Customers,0.0321,7.0367,-7.759,True
15372.0,0,Champions,0.3435,-5.5853,7.6386,True
15373.0,0,Champions,0.3831,-8.4657,6.8595,True
15374.0,4,Lost,0.2546,12.1563,7.3914,False
15375.0,1,Loyal Customers,0.0207,6.7226,-7.7025,True
15376.0,4,Lost,0.3058,7.1434,9.3128,False
15377.0,1,Loyal Customers,0.1685,1.4824,3.118,True
15378.0,1,Loyal Customers,0.118,6.944,-0.938,True
15379.0,0,Champions,0.3151,-5.4876,6.6916,True
15380.0,0,Champions,0.3686,-7.1094,5.6695,True
15381.0,4,Lost,0.2489,-0.8976,4.8035,False
15382.0,3,New Customers,0.5076,-7.5472,12.3001,False
15384.0,4,Lost,0.2662,-1.0251,4.9355,False
15385.0,4,Lost,0.3018,6.4288,9.9681,False
15386.0,4,Lost,0.2301,17.5898,11.793,False
15387.0,1,Loyal Customers,0.1067,12.3024,-3.8528,True
15388.0,1,Loyal Customers,0.1925,18.424,9.683,True
15389.0,4,Lost,0.2774,-1.6388,4.7486,False
15390.0,1,Loyal Customers,0.1584,6.279,1.3131,True
15391.0,1,Loyal Customers,0.0669,9.3686,-6.3593,True
15392.0,0,Champions,0.3527,-4.1583,3.7279,True
15393.0,4,Lost,0.3159,1.134,6.0927,False
15394.0,0,Champions,0.3927,-6.3702,7.5762,True
15395.0,1,Loyal Customers,0.1693,17.7134,8.7759,True
15396.0,4,Lost,0.2677,11.192,7.9517,False
15397.0,1,Loyal Customers,0.1838,18.12,9.0222,True
15398.0,4,Lost,0.3146,9.5412,8.8936,False
15399.0,4,Lost,0.316,6.1723,10.9723,False
15400.0,4,Lost,0.298,-6.1099,2.1769,False
15401.0,1,Loyal Customers,0.122,7.0788,-0.9643,True
15402.0,4,Lost,0.277,-1.5384,2.6694,False
15403.0,1,Loyal Customers,0.1052,6.0471,-0.776,True
15404.0,1,Loyal Customers,0.151,14.9527,-2.1779,True
15405.0,4,Lost,0.235,11.3047,6.832,False
15406.0,4,Lost,0.3084,1.5413,8.6086,False
15407.0,4,Lost,0.3083,1.2614,8.685,False
15408.0,1,Loyal Customers,0.1967,17.9921,9.9311,True
15409.0,1,Loyal Customers,0.0091,2.7203,-6.2387,True
15410.0,0,Champions,0.352,-5.9561,6.7341,True
15411.0,4,Lost,0.3156,0.3316,8.8328,False
15412.0,4,Lost,0.2334,18.0215,12.0767,False
15413.0,0,Champions,0.1211,-5.2629,7.435,True
15414.0,4,Lost,0.3118,6.1533,10.9985,False
15415.0,1,Loyal Customers,0.1809,17.2515,9.8946,True
15416.0,0,Champions,0.3508,-4.8835,6.3752,True
15417.0,4,Lost,0.2727,16.4498,13.8187,False
15418.0,1,Loyal Customers,0.1362,7.373,-0.2707,True
15419.0,4,Lost,0.292,16.789,16.4435,False
15420.0,1,Loyal Customers,0.1464,0.7706,3.0048,True
15421.0,0,Champions,0.3502,-5.9956,5.6394,True
15422.0,4,Lost,0.2059,-0.2963,2.9641,False
15423.0,4,Lost,0.2935,4.2552,9.9951,False
15424.0,4,Lost,0.2102,5.1284,6.0008,False
15425.0,1,Loyal Customers,0.1715,0.0093,3.658,True
15426.0,0,Champions,0.3479,-6.2297,3.7747,True
15427.0,4,Lost,0.312,7.3226,8.8611,False
15428.0,4,Lost,0.312,2.3027,8.1321,False
15429.0,4,Lost,0.2973,12.9478,9.7127,False
15430.0,1,Loyal Customers,0.1255,6.3577,0.5017,True
15431.0,1,Loyal Customers,0.098,11.7843,-5.4013,True
15432.0,4,Lost,0.2978,13.2146,9.8635,False
15433.0,4,Lost,0.2231,11.4838,6.4346,False
15434.0,0,Champions,0.3567,-7.53,4.7213,True
15435.0,4,Lost,0.2934,16.5528,16.4662,False
15436.0,4,Lost,0.3157,6.8753,9.9532,False
15437.0,1,Loyal Customers,0.2017,11.4983,5.7317,True
15438.0,4,Lost,0.2492,17.8638,13.2545,False
15439.0,1,Loyal Customers,0.1604,1.4462,3.0592,True
15440.0,4,Lost,0.2882,4.5013,9.6273,False
15441.0,1,Loyal Customers,0.1613,5.2485,2.5836,True
15442.0,1,Loyal Customers,0.2072,17.3602,10.5179,True
15443.0,0,Champions,0.4019,-7.5398,7.9091,True
15444.0,4,Lost,0.3184,9.4998,8.8508,False
15445.0,1,Loyal Customers,0.1994,11.5729,5.6472,True
15446.0,1,Loyal Customers,0.1576,5.2425,4.0531,True
15447.0,1,Loyal Customers,0.1824,2.0091,3.699,True
15448.0,1,Loyal Customers,0.1863,10.7989,5.7873,True
15449.0,4,Lost,0.308,6.5117,10.0958,False
15450.0,4,Lost,0.294,15.6696,14.9901,False
15451.0,1,Loyal Customers,0.1296,7.5301,-0.8857,True
15452.0,4,Lost,0.3249,-2.3596,1.7204,False
15453.0,4,Lost,0.3332,-4.6909,1.3975,False
15454.0,1,Loyal Customers,0.1599,8.3191,-0.7857,True
15455.0,1,Loyal Customers,0.0578,9.2001,-7.2994,True
15456.0,0,Champions,0.2363,-5.8978,3.0014,True
15457.0,1,Loyal Customers,0.1971,18.0785,9.9209,True
15458.0,4,Lost,0.2977,12.9746,9.7566,False
15459.0,1,Loyal Customers,0.1361,7.7203,-0.9162,True
15460.0,1,Loyal Customers,0.1594,15.2939,-2.1957,True
15461.0,1,Loyal Customers,0.1213,6.7666,-0.7218,True
15462.0,4,Lost,0.2796,2.4792,6.3824,False
15463.0,4,Lost,0.2903,16.9594,16.3715,False
15464.0,1,Loyal Customers,0.1772,12.3864,-1.8653,True
15465.0,3,New Customers,0.5405,-8.7495,12.4395,False
15466.0,4,Lost,0.2945,0.22,8.0936,False
15467.0,4,Lost,0.3088,4.7536,10.7034,False
15468.0,4,Lost,0.304,7.2,8.7384,False
15469.0,4,Lost,0.2968,5.9117,9.7114,False
15470.0,1,Loyal Customers,0.0671,10.0679,-6.9151,True
15471.0,4,Lost,0.3223,7.2906,9.2644,False
15472.0,4,Lost,0.2595,17.2199,13.4725,False
15473.0,4,Lost,0.3397,-5.6002,2.4953,False
15474.0,1,Loyal Customers,0.0603,9.4055,-7.0597,True
15475.0,4,Lost,0.2752,16.446,14.0173,False
15476.0,1,Loyal Customers,0.1833,-0.6629,3.9793,True
15477.0,1,Loyal Customers,0.0411,7.8721,-6.4398,True
15478.0,4,Lost,0.3165,8.212,8.7318,False
15479.0,1,Loyal Customers,0.0044,2.8188,-6.1604,True
15480.0,0,Champions,0.3482,-5.3109,7.5297,True
15481.0,1,Loyal Customers,0.1644,5.5147,1.7287,True
15482.0,3,New Customers,0.5362,-7.9217,12.5915,False
15483.0,4,Lost,0.2689,-6.4169,2.3617,False
15484.0,0,Champions,0.3754,-4.5947,6.4671,True
15485.0,0,Champions,0.3812,-5.2942,7.3833,True
15486.0,1,Loyal Customers,0.0875,11.3537,-5.9304,True
15487.0,1,Loyal Customers,0.0271,6.9926,-7.0226,True
15488.0,4,Lost,0.2783,1.6958,5.6616,False
15489.0,0,Champions,0.3411,-5.3022,3.4224,True
15490.0,1,Loyal Customers,0.1285,13.5561,-3.984,True
15491.0,0,Champions,0.3161,-3.3468,4.4428,True
15492.0,4,Lost,0.3004,11.5038,9.7973,False
15493.0,0,Champions,0.3652,-5.4905,6.2125,True
15494.0,0,Champions,0.353,-3.7097,5.7013,True
15495.0,1,Loyal Customers,0.1496,15.0272,-2.2186,True
15496.0,1,Loyal Customers,0.0458,8.3253,-7.4994,True
15497.0,3,New Customers,0.4302,-6.8451,10.9011,False
15498.0,2,At Risk,0.7585,-8.9333,13.5599,False
15499.0,1,Loyal Customers,0.0082,2.8186,-6.2021,True
15500.0,4,Lost,0.3199,1.0749,8.7965,False
15501.0,1,Loyal Customers,0.1437,7.8419,-0.4492,True
15502.0,3,New Customers,0.5156,-7.6251,12.3947,False
15503.0,1,Loyal Customers,0.1589,8.3096,-0.8228,True
15504.0,4,Lost,0.2806,2.5944,6.5051,False
15505.0,0,Champions,0.3377,-3.5226,5.5084,True
15506.0,4,Lost,0.331,-2.3733,2.0983,False
15507.0,4,Lost,0.2371,17.4378,12.0995,False
15508.0,4,Lost,0.2495,-0.743,2.142,False
15509.0,1,Loyal Customers,0.1482,15.423,-2.4,True
15510.0,1,Loyal Customers,0.1692,17.5938,8.8886,True
15511.0,4,Lost,0.3177,1.1234,6.1114,False
15512.0,4,Lost,0.2489,2.6513,5.9371,False
15513.0,2,At Risk,0.7472,-8.7369,13.6653,False
15514.0,0,Champions,0.427,-8.1285,9.3635,True
15515.0,1,Loyal Customers,0.1454,15.348,-2.5181,True
15516.0,4,Lost,0.2879,4.231,9.9299,False
15517.0,1,Loyal Customers,0.2093,18.1355,10.5366,True
15518.0,0,Champions,0.3662,-7.9596,7.1858,True
15519.0,1,Loyal Customers,0.1518,8.3129,-0.7378,True
15520.0,4,Lost,0.3042,15.5072,15.6532,False
15521.0,0,Champions,0.4176,-7.3758,9.6292,True
15522.0,4,Lost,0.2948,12.9631,9.6293,False
15523.0,2,At Risk,0.5386,-8.0366,13.0651,False
15524.0,4,Lost,0.3007,11.8071,9.8916,False
15525.0,4,Lost,0.3245,0.4426,8.9428,False
15526.0,4,Lost,0.2914,13.5095,9.4037,False
15527.0,0,Champions,0.4227,-8.7556,8.5667,True
15528.0,1,Loyal Customers,0.2002,18.185,10.0819,True
15529.0,0,Champions,0.3875,-6.7782,7.456,True
15530.0,4,Lost,0.3259,-0.6962,5.9155,False
15531.0,4,Lost,0.3268,8.2725,8.7566,False
15532.0,0,Champions,0.3636,-6.0017,5.6394,True
15533.0,4,Lost,0.3085,6.3641,10.883,False
15534.0,1,Loyal Customers,0.0074,2.8329,-6.2005,True
15535.0,4,Lost,0.2572,-0.7571,2.1591,False
15536.0,1,Loyal Customers,0.1376,14.79,-3.1939,True
15537.0,4,Lost,0.2356,18.12,12.2651,False
15538.0,0,Champions,0.1396,-1.1555,3.7992,True
15539.0,4,Lost,0.3048,15.5244,14.9591,False
15540.0,4,Lost,0.3046,12.5392,10.301,False
15541.0,4,Lost,0.2552,17.9257,13.6912,False
15542.0,1,Loyal Customers,0.1096,4.3316,1.7294,True
15543.0,1,Loyal Customers,0.1891,11.3409,5.3795,True
15544.0,3,New Customers,0.4544,-8.2987,10.3406,False
15545.0,4,Lost,0.2867,12.4857,9.1885,False
15546.0,1,Loyal Customers,0.0707,5.1178,0.758,True
15547.0,3,New Customers,0.4971,-8.5806,11.5366,False
15548.0,1,Loyal Customers,0.0602,9.4033,-7.0877,True
15549.0,0,Champions,0.3182,-5.4184,3.1174,True
15550.0,0,Champions,0.3561,-7.9256,4.4519,True
15551.0,4,Lost,0.3234,-4.6442,1.9583,False
15552.0,4,Lost,0.2181,12.0085,6.2735,False
15553.0,4,Lost,0.2819,16.3377,14.3341,False
15554.0,1,Loyal Customers,0.1903,18.0931,9.465,True
15555.0,3,New Customers,0.5463,-8.9766,12.6027,False
15556.0,4,Lost,0.2944,15.8694,15.9381,False
15557.0,4,Lost,0.295,15.6797,14.9128,False
15558.0,1,Loyal Customers,0.0435,8.1065,-7.262,True
15559.0,1,Loyal Customers,0.0845,5.2895,0.6374,True
15560.0,1,Loyal Customers,0.1431,7.9812,-0.9579,True
15561.0,4,Lost,0.339,-5.5935,2.4478,False
15562.0,1,Loyal Customers,0.1714,5.1972,3.9593,True
15563.0,0,Champions,0.3451,-4.1426,3.7274,True
15564.0,1,Loyal Customers,0.1156,7.0043,-1.0345,True
15565.0,4,Lost,0.2849,13.3819,9.2502,False
15566.0,1,Loyal Customers,0.1462,8.0568,-0.9513,True
15567.0,4,Lost,0.2952,16.3314,16.4123,False
15568.0,4,Lost,0.3144,6.0404,11.0231,False
15569.0,0,Champions,0.329,-6.2812,5.4327,True
15570.0,3,New Customers,0.4832,-8.5981,11.2622,False
15571.0,0,Champions,0.3826,-7.895,6.8712,True
15572.0,0,Champions,0.3758,-6.0208,5.7718,True
15573.0,4,Lost,0.3136,0.3274,6.1297,False
15574.0,4,Lost,0.261,-1.1976,2.6013,False
15575.0,1,Loyal Customers,0.0487,8.7879,-7.4842,True
15576.0,4,Lost,0.2977,15.5861,13.4414,False
15577.0,4,Lost,0.2543,1.6937,5.1185,False
15578.0,4,Lost,0.2362,18.0902,12.3136,False
15579.0,4,Lost,0.2999,0.3345,5.5394,False
15580.0,4,Lost,0.1832,-0.1912,2.9462,False
15581.0,3,New Customers,0.4485,-9.2848,11.7915,False
15582.0,4,Lost,0.3044,5.5334,10.8395,False
15583.0,1,Loyal Customers,0.149,15.7143,-2.4049,True
15584.0,4,Lost,0.3203,-2.6151,0.6409,False
15585.0,4,Lost,0.2346,17.4843,11.9889,False
15586.0,1,Loyal Customers,0.0797,4.6275,1.0494,True
15587.0,4,Lost,0.3155,-4.7261,1.7642,False
15588.0,1,Loyal Customers,0.0326,7.6863,-6.1576,True
15589.0,4,Lost,0.2077,4.9526,5.8276,False
15590.0,1,Loyal Customers,0.1753,0.5809,3.3545,True
15591.0,1,Loyal Customers,0.0713,4.6606,0.0557,True
15592.0,4,Lost,0.2865,15.9769,14.9757,False
15593.0,4,Lost,0.2742,17.4497,14.6263,False
15594.0,4,Lost,0.3278,-0.6278,5.9615,False
15595.0,1,Loyal Customers,0.1068,12.3781,-4.2015,True
15596.0,0,Champions,0.3215,-5.6465,4.9013,True
15597.0,4,Lost,0.2962,11.891,9.7034,False
15598.0,4,Lost,0.2887,12.0495,9.2283,False
15599.0,4,Lost,0.3113,7.1973,9.3392,False
15600.0,1,Loyal Customers,0.1501,1.5347,2.9776,True
15601.0,3,New Customers,0.5704,-8.5053,12.651,False
15602.0,0,Champions,0.3781,-8.4441,6.4448,True
15603.0,4,Lost,0.2719,13.1186,8.7328,False
15604.0,4,Lost,0.2822,17.125,15.1568,False
15605.0,4,Lost,0.3318,-6.5221,3.0228,False
15606.0,0,Champions,0.3861,-8.083,8.2675,True
15607.0,4,Lost,0.2064,-0.39,3.091,False
15608.0,4,Lost,0.3231,-0.6944,5.9036,False
15609.0,4,Lost,0.2296,17.6737,11.7791,False
15610.0,4,Lost,0.2808,17.5835,15.6011,False
15611.0,0,Champions,0.3989,-8.8843,7.7115,True
15612.0,4,Lost,0.2909,13.4458,9.3495,False
15613.0,1,Loyal Customers,0.0583,8.585,-6.188,True
15614.0,1,Loyal Customers,0.1724,-1.4663,3.9759,True
15615.0,2,At Risk,0.6999,-8.9739,13.4238,False
15616.0,1,Loyal Customers,0.1266,13.2237,-3.6467,True
15617.0,1,Loyal Customers,0.1556,5.0204,3.0347,True
15618.0,4,Lost,0.3049,2.1797,7.9628,False
15619.0,4,Lost,0.3005,15.5959,15.7152,False
15620.0,4,Lost,0.3109,-0.2342,8.0091,False
15621.0,4,Lost,0.3237,0.4375,8.9269,False
15622.0,3,New Customers,0.4289,-7.591,10.1835,False
15623.0,0,Champions,0.2934,-5.4747,3.1238,True
15624.0,4,Lost,0.2682,2.5639,6.2078,False
15625.0,0,Champions,0.3218,-5.6355,4.9646,True
15626.0,4,Lost,0.2893,6.3683,9.1001,False
15627.0,1,Loyal Customers,0.1248,6.6652,-0.1227,True
15628.0,0,Champions,0.4146,-7.9184,8.5731,True
15629.0,1,Loyal Customers,0.1552,-0.151,3.6916,True
15630.0,4,Lost,0.3071,7.2363,8.7539,False
15631.0,1,Loyal Customers,0.0475,7.9668,-6.0486,True
15632.0,0,Champions,0.3557,-5.0227,4.5249,True
15633.0,0,Champions,0.1822,-6.3837,6.3295,True
15634.0,4,Lost,0.3034,11.9655,10.1463,False
15635.0,1,Loyal Customers,0.1408,15.805,-3.0724,True
15636.0,4,Lost,0.2908,0.3488,8.1455,False
15637.0,4,Lost,0.2995,1.2857,5.8189,False
15638.0,4,Lost,0.1894,-0.4327,3.529,False
15639.0,4,Lost,0.2653,6.104,8.0483,False
15640.0,2,At Risk,0.6927,-8.7264,13.642,False
15641.0,0,Champions,0.3574,-6.5714,7.5277,True
15642.0,1,Loyal Customers,0.0051,2.6563,-6.2642,True
15643.0,4,Lost,0.2363,5.509,7.4526,False
15644.0,4,Lost,0.2513,2.708,5.368,False
15645.0,4,Lost,0.3119,6.7585,9.9779,False
15646.0,4,Lost,0.2593,1.1382,4.7291,False
15647.0,1,Loyal Customers,0.134,14.9849,-3.6929,True
15648.0,4,Lost,0.2288,11.3572,6.71,False
15649.0,4,Lost,0.2006,-0.8118,4.1645,False
15650.0,1,Loyal Customers,0.0982,5.51,-0.089,True
15651.0,4,Lost,0.3123,0.1748,6.0775,False
15652.0,4,Lost,0.2925,0.2691,5.4873,False
15653.0,4,Lost,0.2769,10.8921,8.4059,False
15654.0,4,Lost,0.3117,10.4378,9.411,False
15655.0,4,Lost,0.2092,17.3693,10.5724,False
15656.0,4,Lost,0.2997,2.177,7.8883,False
15657.0,4,Lost,0.2914,16.8718,16.609,False
15658.0,0,Champions,0.2733,-5.4696,3.0832,True
15659.0,4,Lost,0.2947,4.969,10.453,False
15660.0,0,Champions,0.363,-8.4388,5.984,True
15661.0,4,Lost,0.2053,-0.2483,2.8237,False
15662.0,1,Loyal Customers,0.038,4.4715,-0.4754,True
15663.0,4,Lost,0.2591,17.8702,13.7607,False
15664.0,4,Lost,0.3041,0.8444,8.6115,False
15665.0,0,Champions,0.2964,-3.5374,5.5204,True
15666.0,1,Loyal Customers,0.1195,6.4735,-0.0843,True
15667.0,4,Lost,0.2882,16.1984,15.2403,False
15668.0,4,Lost,0.2128,18.3536,11.1,False
15669.0,4,Lost,0.3008,2.3118,7.8258,False
15670.0,1,Loyal Customers,0.1865,11.2874,5.3778,True
15671.0,0,Champions,0.3435,-4.1699,3.4878,True
15672.0,1,Loyal Customers,0.0063,2.5885,-6.3168,True
15673.0,0,Champions,0.3713,-5.7119,7.8705,True
15674.0,0,Champions,0.3946,-6.7632,9.0795,True
15675.0,4,Lost,0.2822,2.5309,6.5054,False
15676.0,4,Lost,0.3441,-2.7631,5.5659,False
15677.0,4,Lost,0.3031,7.1649,9.1131,False
15678.0,4,Lost,0.3094,8.1897,8.739,False
15679.0,4,Lost,0.3086,2.2101,8.1253,False
15680.0,0,Champions,0.3801,-6.0548,6.4559,True
15681.0,0,Champions,0.3629,-8.3871,5.8233,True
15682.0,1,Loyal Customers,0.0637,4.8497,-0.3535,True
15683.0,4,Lost,0.2624,11.8116,7.7914,False
15684.0,1,Loyal Customers,0.0853,4.5713,0.3068,True
15685.0,1,Loyal Customers,0.1182,13.6388,-4.5722,True
15686.0,1,Loyal Customers,0.1309,14.5495,-4.1711,True
15687.0,0,Champions,0.3571,-5.9856,4.2358,True
15688.0,1,Loyal Customers,0.1326,14.9076,-3.6664,True
15689.0,4,Lost,0.2636,5.1823,8.7379,False
15690.0,4,Lost,0.3045,13.5107,9.9939,False
15691.0,4,Lost,0.2131,3.0322,5.1882,False
15692.0,4,Lost,0.2916,16.5053,16.1979,False
15693.0,1,Loyal Customers,0.033,7.118,-7.7718,True
15694.0,3,New Customers,0.5034,-8.4508,11.6404,False
15695.0,4,Lost,0.2146,2.2284,4.5645,False
15696.0,0,Champions,0.3696,-7.7359,6.7502,True
15697.0,1,Loyal Customers,0.0232,6.9744,-6.9852,True
15698.0,1,Loyal Customers,0.0473,8.7335,-7.49,True
15699.0,4,Lost,0.2972,15.7689,15.8607,False
15700.0,4,Lost,0.2424,11.1178,7.0163,False
15701.0,4,Lost,0.3279,-0.0709,8.4606,False
15702.0,1,Loyal Customers,0.1113,6.9304,-1.035,True
15703.0,1,Loyal Customers,0.1955,18.1581,9.8618,True
15704.0,0,Champions,0.3076,-3.6182,5.4653,True
15705.0,4,Lost,0.2206,18.2246,11.5124,False
15706.0,4,Lost,0.2962,1.2106,8.4288,False
15707.0,4,Lost,0.3064,1.6174,8.5456,False
15708.0,0,Champions,0.3628,-5.5024,6.2252,True
15709.0,1,Loyal Customers,0.1918,11.363,5.4278,True
15710.0,1,Loyal Customers,0.143,12.5443,-2.3022,True
15711.0,1,Loyal Customers,0.0821,5.1344,-0.271,True
15712.0,0,Champions,0.371,-7.6144,5.959,True
15713.0,4,Lost,0.2634,2.558,5.3368,False
15714.0,4,Lost,0.316,1.2713,6.0715,False
15715.0,1,Loyal Customers,0.0932,4.0813,1.367,True
15716.0,0,Champions,0.3072,-6.9317,5.4029,True
15717.0,4,Lost,0.2234,1.6369,4.2579,False
15718.0,1,Loyal Customers,0.0848,10.4091,-5.8824,True
15719.0,3,New Customers,0.4998,-8.9851,11.581,False
15720.0,4,Lost,0.3031,11.1176,9.6887,False
15721.0,4,Lost,0.3024,15.5274,14.9498,False
15722.0,0,Champions,0.3818,-6.3915,7.5502,True
15723.0,1,Loyal Customers,0.1723,2.0039,3.0202,True
15724.0,4,Lost,0.2278,4.9819,8.1943,False
15725.0,4,Lost,0.2999,15.5382,15.2716,False
15726.0,1,Loyal Customers,0.1462,14.439,-2.4031,True
15727.0,3,New Customers,0.4561,-7.4683,11.024,False
15728.0,1,Loyal Customers,0.1558,7.4848,0.5222,True
15729.0,4,Lost,0.2213,4.9578,8.1728,False
15730.0,4,Lost,0.3068,-0.56,5.6817,False
15731.0,1,Loyal Customers,0.0769,10.6961,-6.5123,True
15732.0,4,Lost,0.2593,-6.0611,2.8897,False
15733.0,1,Loyal Customers,0.1875,18.1819,9.3055,True
15734.0,4,Lost,0.2917,-1.67,5.1766,False
15735.0,1,Loyal Customers,0.1337,13.5449,-3.4405,True
15736.0,1,Loyal Customers,0.1506,5.4578,1.7817,True
15737.0,4,Lost,0.3279,-6.3228,2.0414,False
15738.0,3,New Customers,0.573,-8.9999,12.732,False
15739.0,4,Lost,0.2796,16.3219,14.2675,False
15740.0,4,Lost,0.2825,17.4613,15.6026,False
15741.0,1,Loyal Customers,0.1195,7.0317,-0.9995,True
15742.0,1,Loyal Customers,0.0509,8.4594,-7.4122,True
15743.0,4,Lost,0.3119,2.2583,8.1666,False
15744.0,4,Lost,0.2691,17.9162,14.7039,False
15745.0,4,Lost,0.3149,1.1645,8.7624,False
15746.0,4,Lost,0.2486,17.8104,13.204,False
15747.0,0,Champions,0.3496,-6.2688,3.6886,True
15748.0,4,Lost,0.2974,5.1963,10.3635,False
15750.0,0,Champions,0.4334,-8.0841,9.3653,True
15751.0,1,Loyal Customers,0.1565,-0.3759,3.1465,True
15752.0,0,Champions,0.3609,-5.5014,6.1125,True
15753.0,1,Loyal Customers,0.1775,17.9801,8.8545,True
15754.0,0,Champions,0.3406,-5.9568,4.2511,True
15755.0,0,Champions,0.4172,-7.8604,8.737,True
15756.0,4,Lost,0.2902,2.5356,6.5604,False
15757.0,0,Champions,0.3258,-3.3728,4.3666,True
15758.0,4,Lost,0.293,16.2938,16.2688,False
15759.0,4,Lost,0.2379,-0.675,2.2432,False
15760.0,3,New Customers,0.2348,-7.1574,11.7482,False
15761.0,1,Loyal Customers,0.1222,13.6775,-4.4197,True
15762.0,4,Lost,0.2843,11.8834,9.0479,False
15763.0,4,Lost,0.3046,10.1757,9.0021,False
15764.0,0,Champions,0.3429,-5.3093,6.5265,True
15765.0,1,Loyal Customers,0.0342,7.4895,-6.5294,True
15766.0,4,Lost,0.2906,5.8186,9.6664,False
15768.0,2,At Risk,0.5464,-8.7012,12.9231,False
15770.0,1,Loyal Customers,0.0555,8.7883,-6.3482,True
15771.0,1,Loyal Customers,0.0734,4.488,1.0892,True
15772.0,1,Loyal Customers,0.1343,13.5824,-3.606,True
15773.0,4,Lost,0.3109,11.1655,9.8212,False
15774.0,4,Lost,0.3027,-2.8719,0.7579,False
15775.0,1,Loyal Customers,0.2053,11.9459,6.0328,True
15776.0,4,Lost,0.2496,17.7498,13.2027,False
15777.0,4,Lost,0.2412,-0.902,2.8971,False
15778.0,1,Loyal Customers,0.1293,13.3948,-3.6637,True
15779.0,1,Loyal Customers,0.1163,6.9758,-1.0247,True
15780.0,4,Lost,0.237,5.058,8.2096,False
15781.0,4,Lost,0.2998,4.3578,10.2837,False
15782.0,0,Champions,0.3581,-3.7801,5.8737,True
15783.0,4,Lost,0.2992,15.9851,16.3595,False
15784.0,1,Loyal Customers,0.1241,6.3321,0.3987,True
15785.0,0,Champions,0.405,-7.6907,8.669,True
15786.0,0,Champions,0.4069,-6.7755,11.0131,True
15787.0,4,Lost,0.3076,6.4426,10.1375,False
15788.0,1,Loyal Customers,0.0965,11.6307,-5.2958,True
15789.0,4,Lost,0.1938,-0.3221,3.4306,False
15790.0,4,Lost,0.2993,16.0734,16.475,False
15791.0,0,Champions,0.3413,-3.525,5.5175,True
15792.0,1,Loyal Customers,0.1529,6.6462,1.0208,True
15793.0,0,Champions,0.3441,-5.3099,3.424,True
15794.0,1,Loyal Customers,0.0142,7.5956,-5.7472,True
15795.0,4,Lost,0.2836,-5.6145,2.6674,False
15796.0,0,Champions,0.4097,-8.0762,8.24,True
15797.0,0,Champions,0.305,-3.3833,4.2841,True
15798.0,1,Loyal Customers,0.1257,4.7493,1.6743,True
15799.0,4,Lost,0.2962,0.3651,8.21,False
15800.0,4,Lost,0.2886,-4.636,1.4527,False
15801.0,4,Lost,0.301,6.5379,9.5829,False
15802.0,4,Lost,0.2484,17.2161,12.9226,False
15803.0,4,Lost,0.3132,-0.229,8.0171,False
15804.0,0,Champions,0.3867,-7.6276,6.943,True
15805.0,3,New Customers,0.5009,-8.9328,11.5831,False
15806.0,4,Lost,0.2973,5.7258,9.8693,False
15807.0,4,Lost,0.3146,-0.6835,5.7116,False
15808.0,2,At Risk,0.4749,-8.1705,13.1748,False
15809.0,4,Lost,0.3179,-4.6774,1.2791,False
15810.0,0,Champions,0.3262,-5.0229,4.3157,True
15811.0,0,Champions,0.359,-4.4474,5.4235,True
15812.0,0,Champions,0.3546,-6.5572,7.4591,True
15813.0,4,Lost,0.236,6.6366,7.297,False
15814.0,4,Lost,0.3415,-3.0994,4.0564,False
15815.0,4,Lost,0.3127,-1.221,5.6029,False
15816.0,1,Loyal Customers,0.0845,5.3412,-0.5986,True
15817.0,1,Loyal Customers,0.1717,-1.2172,4.0095,True
15818.0,1,Loyal Customers,0.066,9.1482,-6.2846,True
15819.0,0,Champions,0.3561,-6.0061,5.6861,True
15820.0,1,Loyal Customers,0.1731,17.6917,8.8118,True
15821.0,4,Lost,0.2927,11.8664,9.4665,False
15822.0,4,Lost,0.3365,-2.3702,1.7769,False
15823.0,0,Champions,0.2069,-1.7137,4.0459,True
15824.0,1,Loyal Customers,0.1308,6.4043,0.5287,True
15825.0,4,Lost,0.2377,17.4324,12.1109,False
15826.0,4,Lost,0.3202,-2.0904,5.4318,False
15827.0,0,Champions,0.389,-8.9272,8.1609,True
15828.0,1,Loyal Customers,0.1629,12.3962,-1.8986,True
15829.0,4,Lost,0.2712,11.6675,8.1718,False
15830.0,4,Lost,0.2927,15.7449,14.3778,False
15831.0,4,Lost,0.2926,5.7758,9.7135,False
15832.0,4,Lost,0.2084,17.0526,10.3386,False
15833.0,1,Loyal Customers,0.0015,2.6882,-6.261,True
15834.0,0,Champions,0.3379,-4.3387,5.1869,True
15835.0,4,Lost,0.3028,1.5069,8.5111,False
15836.0,4,Lost,0.2819,17.5382,15.6516,False
15837.0,4,Lost,0.2869,11.1316,8.7184,False
15839.0,4,Lost,0.3061,6.6615,9.8826,False
15840.0,4,Lost,0.2837,12.9398,9.0815,False
15841.0,0,Champions,0.3277,-5.9504,3.9284,True
15842.0,1,Loyal Customers,0.1505,7.4621,0.3788,True
15843.0,1,Loyal Customers,0.1784,17.9881,8.8775,True
15844.0,4,Lost,0.2834,17.4794,15.7195,False
15845.0,0,Champions,0.3778,-6.588,6.8177,True
15846.0,1,Loyal Customers,0.1453,15.8489,-2.5864,True
15847.0,4,Lost,0.306,1.2417,5.9156,False
15848.0,1,Loyal Customers,0.0494,8.4478,-7.4553,True
15850.0,4,Lost,0.3194,-2.8328,0.295,False
15851.0,1,Loyal Customers,0.0876,11.3422,-5.9361,True
15852.0,4,Lost,0.2328,4.9781,8.1975,False
15853.0,4,Lost,0.2807,17.6183,15.5735,False
15854.0,0,Champions,0.424,-8.5118,8.8009,True
15855.0,4,Lost,0.2713,-0.8145,2.0726,False
15857.0,4,Lost,0.3028,11.8647,10.028,False
15858.0,0,Champions,0.3773,-7.7131,6.8118,True
15859.0,1,Loyal Customers,0.1307,13.0265,-3.0411,True
15860.0,0,Champions,0.3573,-8.6089,6.4832,True
15861.0,0,Champions,0.3824,-7.1733,6.9455,True
15862.0,0,Champions,0.3665,-8.2429,5.5904,True
15863.0,4,Lost,0.3046,1.6077,6.0775,False
15864.0,4,Lost,0.3358,-4.3437,2.6775,False
15865.0,4,Lost,0.3241,-1.4742,5.6166,False
15866.0,4,Lost,0.2624,17.5919,13.805,False
15867.0,3,New Customers,0.4955,-9.0688,11.4549,False
15868.0,1,Loyal Customers,0.0647,9.7491,-7.021,True
15869.0,1,Loyal Customers,0.1971,4.9103,5.7591,True
15870.0,4,Lost,0.3061,1.9442,8.3271,False
15871.0,1,Loyal Customers,0.1232,14.1968,-4.4541,True
15872.0,4,Lost,0.3125,2.2299,8.1978,False
15873.0,1,Loyal Customers,0.1088,3.7266,1.9035,True
15874.0,3,New Customers,0.4768,-8.0765,11.8533,False
15875.0,1,Loyal Customers,0.0393,7.8027,-7.5807,True
15876.0,1,Loyal Customers,0.1562,5.988,1.4903,True
15877.0,4,Lost,0.3087,12.3336,10.2622,False
15878.0,1,Loyal Customers,0.0789,5.1006,-0.3489,True
15879.0,1,Loyal Customers,0.1593,1.5426,2.9936,True
15880.0,1,Loyal Customers,0.1597,13.1106,-2.1313,True
15881.0,1,Loyal Customers,0.1902,1.8396,3.9368,True
15882.0,4,Lost,0.2571,-5.637,2.5732,False
15883.0,4,Lost,0.3074,12.8906,10.2446,False
15884.0,1,Loyal Customers,0.1306,7.5122,-0.9,True
15885.0,0,Champions,0.3237,-8.1504,4.8544,True
15886.0,4,Lost,0.2977,1.2304,8.4442,False
15887.0,1,Loyal Customers,0.1538,5.0973,2.8842,True
15888.0,4,Lost,0.2782,4.6696,9.4064,False
15889.0,4,Lost,0.2784,-5.6267,2.6502,False
15890.0,1,Loyal Customers,0.157,2.3662,3.0252,True
15891.0,4,Lost,0.2152,17.443,10.719,False
15892.0,1,Loyal Customers,0.0302,6.9998,-7.6695,True
15893.0,1,Loyal Customers,0.1086,12.4225,-4.3041,True
15894.0,4,Lost,0.2057,11.4822,5.8442,False
15895.0,4,Lost,0.2418,17.9967,12.5001,False
15897.0,4,Lost,0.227,12.1963,6.696,False
15898.0,3,New Customers,0.4353,-8.8211,8.556,False
15899.0,1,Loyal Customers,0.1519,15.6495,-2.3277,True
15900.0,4,Lost,0.3102,1.8706,8.4556,False
15901.0,4,Lost,0.3179,-4.521,0.9237,False
15902.0,1,Loyal Customers,0.1479,15.5814,-2.4053,True
15903.0,3,New Customers,0.4447,-7.254,10.8718,False
15904.0,4,Lost,0.2993,16.3654,16.7513,False
15905.0,1,Loyal Customers,0.0812,11.0218,-6.2545,True
15906.0,0,Champions,0.3492,-7.095,4.0794,True
15907.0,4,Lost,0.3168,6.6554,10.3854,False
15908.0,1,Loyal Customers,0.1136,5.9414,0.158,True
15909.0,4,Lost,0.2322,18.0314,12.0674,False
15910.0,0,Champions,0.371,-8.4346,5.9032,True
15911.0,1,Loyal Customers,0.0871,-0.323,3.3126,True
15912.0,4,Lost,0.2624,-6.3898,2.3682,False
15913.0,1,Loyal Customers,0.0834,11.2203,-6.1483,True
15914.0,1,Loyal Customers,0.152,8.2333,-0.8881,True
15915.0,1,Loyal Customers,0.1428,13.6198,-2.4524,True
15916.0,0,Champions,0.37,-7.9109,6.1996,True
15917.0,4,Lost,0.2171,1.7013,4.2069,False
15918.0,4,Lost,0.2356,5.4332,7.5833,False
15919.0,4,Lost,0.3071,10.4919,9.4102,False
15920.0,4,Lost,0.2653,-6.4153,2.2755,False
15921.0,4,Lost,0.2483,2.7143,5.3437,False
15922.0,1,Loyal Customers,0.1588,13.1,-2.1351,True
15923.0,1,Loyal Customers,0.1522,14.9331,-2.1549,True
15924.0,1,Loyal Customers,0.0046,2.6736,-6.2489,True
15925.0,4,Lost,0.2243,18.0808,11.5956,False
15926.0,1,Loyal Customers,0.0819,10.9875,-6.2013,True
15927.0,1,Loyal Customers,0.039,7.7803,-7.5705,True
15928.0,1,Loyal Customers,0.0377,7.6041,-6.6813,True
15929.0,1,Loyal Customers,0.0466,7.9515,-6.0804,True
15930.0,4,Lost,0.2789,16.3701,14.2595,False
15931.0,1,Loyal Customers,0.1296,13.5468,-3.9549,True
15932.0,0,Champions,0.3499,-5.2879,3.5324,True
15933.0,4,Lost,0.3118,6.8245,9.9447,False
15934.0,1,Loyal Customers,0.1626,5.3904,1.7465,True
15935.0,4,Lost,0.2113,11.5203,5.9619,False
15936.0,1,Loyal Customers,0.1526,8.2827,-0.8274,True
15937.0,4,Lost,0.2763,17.6849,15.0565,False
15938.0,4,Lost,0.2846,-6.4227,2.2773,False
15939.0,3,New Customers,0.4237,-7.5555,10.9889,False
15940.0,1,Loyal Customers,0.1744,17.9349,8.8262,True
15941.0,1,Loyal Customers,0.0469,8.0741,-6.369,True
15942.0,4,Lost,0.2505,17.3431,13.0011,False
15943.0,1,Loyal Customers,0.0423,4.5295,-0.5282,True
15944.0,4,Lost,0.2245,-0.8293,4.3932,False
15945.0,1,Loyal Customers,0.1706,2.2688,2.9529,True
15946.0,1,Loyal Customers,0.1321,5.2947,1.6525,True
15947.0,4,Lost,0.2898,8.7852,8.6839,False
15948.0,4,Lost,0.3225,7.4339,8.9804,False
15949.0,4,Lost,0.3009,12.9743,10.0813,False
15950.0,0,Champions,0.4069,-6.2799,8.7375,True
15951.0,4,Lost,0.3154,6.7169,10.2531,False
15952.0,4,Lost,0.3049,2.1493,7.9992,False
15953.0,0,Champions,0.3861,-8.5051,6.9949,True
15954.0,1,Loyal Customers,0.0635,9.463,-6.943,True
15955.0,3,New Customers,0.46,-8.411,10.7803,False
15956.0,1,Loyal Customers,0.0872,5.3471,-0.0269,True
15957.0,4,Lost,0.3049,6.4803,10.1105,False
15958.0,4,Lost,0.2844,2.5651,6.554,False
15959.0,1,Loyal Customers,0.0359,4.4083,-0.265,True
15960.0,1,Loyal Customers,0.1613,2.4964,3.0252,True
15961.0,1,Loyal Customers,0.1524,13.9202,-2.0967,True
15962.0,1,Loyal Customers,0.1219,13.1541,-3.9075,True
15963.0,4,Lost,0.3011,12.3471,10.2281,False
15964.0,1,Loyal Customers,0.0346,7.4505,-6.8684,True
15965.0,0,Champions,0.364,-8.2193,5.592,True
15966.0,1,Loyal Customers,0.1228,12.7837,-3.3699,True
15967.0,0,Champions,0.3595,-7.7669,5.5152,True
15968.0,1,Loyal Customers,0.1483,13.8418,-2.1936,True
15969.0,4,Lost,0.3243,0.6252,6.2271,False
15970.0,1,Loyal Customers,0.193,10.6941,5.9152,True
15971.0,0,Champions,0.4152,-8.1068,8.8936,True
15972.0,1,Loyal Customers,0.1494,0.1801,3.4781,True
15973.0,1,Loyal Customers,0.1695,5.1938,3.0836,True
15974.0,0,Champions,0.346,-4.2283,4.9165,True
15975.0,4,Lost,0.2712,16.9018,13.9825,False
15976.0,4,Lost,0.2693,-1.3635,2.6879,False
15977.0,4,Lost,0.3102,10.2511,9.2325,False
15978.0,4,Lost,0.3184,-2.6855,5.52,False
15979.0,1,Loyal Customers,0.0597,8.9735,-6.3402,True
15980.0,0,Champions,0.3684,-5.4553,7.6884,True
15981.0,3,New Customers,0.4666,-8.1763,11.2042,False
15982.0,1,Loyal Customers,0.0588,8.9507,-6.3497,True
15983.0,0,Champions,0.3624,-4.9874,5.6393,True
15984.0,3,New Customers,0.4897,-9.0282,11.3134,False
15985.0,0,Champions,0.302,-3.8645,3.9908,True
15986.0,4,Lost,0.2955,13.0027,9.6815,False
15987.0,4,Lost,0.3356,-5.8398,2.0749,False
15988.0,4,Lost,0.308,6.2804,10.947,False
15989.0,1,Loyal Customers,0.155,8.3588,-0.6997,True
15990.0,4,Lost,0.3246,-4.4556,2.4155,False
15991.0,1,Loyal Customers,0.0853,11.0953,-6.1207,True
15992.0,4,Lost,0.3158,6.4724,10.6386,False
15993.0,0,Champions,0.3495,-4.1618,3.6811,True
15994.0,4,Lost,0.2993,6.6208,9.1694,False
15995.0,1,Loyal Customers,0.1415,12.9115,-2.5127,True
15996.0,4,Lost,0.3023,-4.8495,2.1111,False
15998.0,3,New Customers,0.4351,-7.4643,10.3674,False
15999.0,1,Loyal Customers,0.0015,2.618,-6.2935,True
16000.0,3,New Customers,0.472,-7.2903,11.8303,False
16001.0,1,Loyal Customers,0.1534,13.2607,-2.1911,True
16002.0,1,Loyal Customers,0.0486,8.4079,-7.4253,True
16003.0,0,Champions,0.3865,-6.0133,7.6899,True
16004.0,1,Loyal Customers,0.1463,-0.2469,3.6174,True
16005.0,0,Champions,0.3508,-7.1273,4.0246,True
16006.0,4,Lost,0.2218,12.0099,6.4657,False
16007.0,0,Champions,0.3374,-4.029,4.0984,True
16008.0,0,Champions,0.3983,-7.6331,8.1197,True
16009.0,4,Lost,0.3123,1.5041,8.6378,False
16010.0,0,Champions,0.2485,-6.1481,2.9842,True
16011.0,3,New Customers,0.4462,-9.1375,10.5294,False
16012.0,4,Lost,0.3366,-2.593,5.316,False
16014.0,4,Lost,0.3101,0.6358,5.8588,False
16015.0,4,Lost,0.3133,5.6708,11.0493,False
16016.0,0,Champions,0.3583,-7.5385,4.6983,True
16017.0,4,Lost,0.3122,-0.2832,5.7164,False
16018.0,4,Lost,0.3014,2.3051,7.8209,False
16019.0,2,At Risk,0.5823,-8.3676,13.1069,False
16020.0,4,Lost,0.3099,6.3813,10.7982,False
16021.0,1,Loyal Customers,0.1495,7.4638,0.3826,True
16022.0,1,Loyal Customers,0.2032,17.243,10.3633,True
16023.0,4,Lost,0.2964,5.4949,10.1337,False
16024.0,4,Lost,0.307,4.651,10.6205,False
16025.0,4,Lost,0.2941,15.6707,14.9914,False
16026.0,4,Lost,0.2861,16.7483,15.4545,False
16027.0,0,Champions,0.3254,-8.1113,4.839,True
16028.0,1,Loyal Customers,0.0592,9.3122,-7.2227,True
16030.0,1,Loyal Customers,0.1788,17.4544,9.4657,True
16031.0,4,Lost,0.2729,11.7914,8.201,False
16032.0,1,Loyal Customers,0.1541,-0.3479,3.4994,True
16033.0,3,New Customers,0.5092,-8.5936,11.6887,False
16034.0,4,Lost,0.2457,-0.7341,2.1312,False
16035.0,1,Loyal Customers,0.0757,10.1735,-6.2942,True
16036.0,4,Lost,0.3071,-1.9612,5.3252,False
16037.0,4,Lost,0.221,0.9012,3.9288,False
16038.0,4,Lost,0.3085,4.611,10.6252,False
16039.0,1,Loyal Customers,0.1367,7.3554,-0.2596,True
16040.0,4,Lost,0.3216,-4.3448,3.0701,False
16041.0,4,Lost,0.3356,-2.6772,5.5566,False
16042.0,4,Lost,0.3395,-5.467,3.008,False
16043.0,4,Lost,0.3274,-5.6824,2.3019,False
16044.0,1,Loyal Customers,0.1282,13.2601,-3.5978,True
16045.0,0,Champions,0.3155,-5.0365,4.9176,True
16046.0,1,Loyal Customers,0.0751,10.096,-6.2923,True
16047.0,1,Loyal Customers,0.0246,6.8012,-7.6102,True
16048.0,1,Loyal Customers,0.1707,1.6837,3.0673,True
16049.0,4,Lost,0.3222,-2.3383,1.9091,False
16050.0,4,Lost,0.2387,4.9798,8.2553,False
16051.0,1,Loyal Customers,0.0257,6.8991,-7.142,True
16052.0,4,Lost,0.2833,16.2901,14.8429,False
16053.0,0,Champions,0.3486,-3.8708,5.1402,True
16054.0,4,Lost,0.2775,-1.122,4.9867,False
16055.0,4,Lost,0.2124,18.3402,10.9278,False
16056.0,4,Lost,0.2911,15.6972,14.1547,False
16057.0,0,Champions,0.3684,-5.9625,5.6622,True
16058.0,1,Loyal Customers,0.1362,15.7166,-3.2502,True
16059.0,0,Champions,0.3444,-7.6706,5.5896,True
16060.0,1,Loyal Customers,0.1497,5.2507,4.0327,True
16061.0,1,Loyal Customers,0.1264,14.2359,-4.4073,True
16062.0,0,Champions,0.3524,-5.1898,3.905,True
16063.0,1,Loyal Customers,0.1992,17.7976,10.1166,True
16064.0,1,Loyal Customers,0.0072,2.6754,-6.2571,True
16065.0,0,Champions,0.2016,-0.6536,3.4884,True
16066.0,4,Lost,0.324,-0.1982,6.0669,False
16067.0,1,Loyal Customers,0.1225,-1.5249,3.9554,True
16068.0,1,Loyal Customers,0.0606,9.381,-7.168,True
16069.0,1,Loyal Customers,0.1366,13.1186,-2.8704,True
16070.0,4,Lost,0.3054,10.7578,9.4752,False
16071.0,4,Lost,0.3041,1.1851,8.6158,False
16072.0,0,Champions,0.2494,-1.9412,4.2005,True
16073.0,1,Loyal Customers,0.1813,18.0624,8.9495,True
16074.0,1,Loyal Customers,0.1454,14.772,-2.4607,True
16075.0,1,Loyal Customers,0.1084,5.8513,0.1353,True
16076.0,0,Champions,0.3517,-7.2629,3.784,True
16077.0,1,Loyal Customers,0.0771,5.2535,1.4495,True
16078.0,1,Loyal Customers,0.1923,11.3642,5.4703,True
16079.0,4,Lost,0.3167,7.2997,9.1653,False
16080.0,4,Lost,0.2826,2.4841,6.4772,False
16081.0,0,Champions,0.3554,-5.2191,6.4304,True
16082.0,1,Loyal Customers,0.0295,7.023,-7.7272,True
16083.0,4,Lost,0.2986,-1.8201,5.2551,False
16084.0,1,Loyal Customers,0.1847,17.3927,9.6327,True
16085.0,0,Champions,0.35,-7.9158,4.5396,True
16086.0,0,Champions,0.3375,-6.9467,4.4132,True
16087.0,1,Loyal Customers,0.1757,0.4754,3.4189,True
16088.0,1,Loyal Customers,0.0882,5.1041,0.8979,True
16089.0,1,Loyal Customers,0.1496,8.1898,-0.8691,True
16090.0,1,Loyal Customers,0.0495,8.3201,-7.2338,True
16091.0,4,Lost,0.2441,12.143,7.1589,False
16092.0,4,Lost,0.2875,-1.3359,2.5761,False
16093.0,4,Lost,0.2571,17.9561,13.8161,False
16094.0,0,Champions,0.3703,-7.0276,5.8951,True
16095.0,1,Loyal Customers,0.1211,12.7316,-3.3931,True
16096.0,4,Lost,0.222,1.8523,4.497,False
16097.0,1,Loyal Customers,0.2053,18.3253,10.4758,True
16098.0,0,Champions,0.3571,-7.7521,7.2999,True
16099.0,4,Lost,0.3162,-4.7235,1.8129,False
16100.0,1,Loyal Customers,0.12,12.5876,-3.3031,True
16101.0,4,Lost,0.3227,-2.6955,5.4602,False
16102.0,4,Lost,0.3132,8.1651,8.7528,False
16103.0,3,New Customers,0.4335,-8.518,9.1846,False
16104.0,0,Champions,0.3326,-5.9713,3.9654,True
16105.0,4,Lost,0.2414,-1.2162,4.4021,False
16106.0,4,Lost,0.275,17.8527,15.1058,False
16107.0,0,Champions,0.3513,-4.1771,4.6317,True
16108.0,4,Lost,0.3035,-1.7717,5.2798,False
16109.0,4,Lost,0.229,5.721,7.0198,False
16110.0,4,Lost,0.3142,-0.2234,8.0821,False
16111.0,1,Loyal Customers,0.134,12.9562,-2.8228,True
16112.0,4,Lost,0.2523,2.6592,5.992,False
16113.0,4,Lost,0.2282,18.1605,11.816,False
16114.0,4,Lost,0.2327,18.0972,12.2075,False
16115.0,0,Champions,0.3585,-7.7848,4.9029,True
16116.0,4,Lost,0.2225,17.4218,10.7747,False
16117.0,4,Lost,0.237,5.5003,7.5095,False
16118.0,1,Loyal Customers,0.0942,-1.612,3.9746,True
16119.0,4,Lost,0.3378,-5.8442,2.0883,False
16120.0,0,Champions,0.3302,-3.4091,4.4846,True
16121.0,4,Lost,0.3071,-0.0979,5.6438,False
16122.0,4,Lost,0.2967,-2.9882,0.6339,False
16123.0,4,Lost,0.2834,16.4025,15.0753,False
16124.0,4,Lost,0.203,0.6159,3.7463,False
16125.0,0,Champions,0.2456,-6.3873,6.3642,True
16126.0,3,New Customers,0.5217,-7.6966,12.4975,False
16127.0,4,Lost,0.2978,10.9604,9.4456,False
16128.0,0,Champions,0.3693,-7.0074,5.9482,True
16129.0,1,Loyal Customers,0.1588,5.2635,2.4577,True
16130.0,1,Loyal Customers,0.1496,1.5634,2.9681,True
16131.0,3,New Customers,0.4414,-7.2785,11.1371,False
16132.0,1,Loyal Customers,0.0907,5.4043,-0.0057,True
16133.0,2,At Risk,0.7466,-9.018,13.4519,False
16134.0,4,Lost,0.3304,-1.2121,5.8234,False
16135.0,4,Lost,0.207,10.8508,6.1609,False
16136.0,4,Lost,0.2962,1.3355,8.3919,False
16137.0,1,Loyal Customers,0.0297,7.4278,-6.4791,True
16138.0,1,Loyal Customers,0.1636,5.1448,3.1089,True
16139.0,4,Lost,0.3176,0.6147,6.1801,False
16140.0,4,Lost,0.2996,7.1577,8.5934,False
16141.0,4,Lost,0.28,10.7916,8.5045,False
16142.0,1,Loyal Customers,0.206,17.3981,10.532,True
16143.0,0,Champions,0.3929,-6.8773,7.3277,True
16144.0,1,Loyal Customers,0.2023,18.3516,10.3748,True
16145.0,3,New Customers,0.4335,-8.2028,9.4594,False
16146.0,4,Lost,0.2568,2.6362,5.3488,False
16147.0,4,Lost,0.2883,-1.5517,5.0017,False
16148.0,1,Loyal Customers,0.1878,11.3022,5.4211,True
16149.0,4,Lost,0.309,4.4718,10.5893,False
16150.0,0,Champions,0.3647,-6.0206,6.3895,True
16152.0,4,Lost,0.2158,6.5366,6.8797,False
16153.0,0,Champions,0.3744,-6.4529,7.4415,True
16155.0,1,Loyal Customers,0.1658,1.0307,3.163,True
16156.0,0,Champions,0.428,-8.3787,9.1182,True
16157.0,4,Lost,0.3077,5.5519,10.9399,False
16158.0,1,Loyal Customers,0.1165,0.2091,2.8971,True
16159.0,4,Lost,0.2099,2.2146,4.5143,False
16160.0,4,Lost,0.2903,10.5441,8.6934,False
16161.0,3,New Customers,0.5775,-9.0271,12.7169,False
16162.0,1,Loyal Customers,0.1984,18.5982,10.1377,True
16163.0,0,Champions,0.2571,-1.5156,4.4477,True
16164.0,4,Lost,0.3096,6.3609,10.851,False
16165.0,1,Loyal Customers,0.0962,11.9812,-5.5588,True
16166.0,1,Loyal Customers,0.1348,7.3621,-0.2992,True
16167.0,1,Loyal Customers,0.1608,0.6215,3.2821,True
16168.0,3,New Customers,0.6011,-9.2313,12.8045,False
16169.0,4,Lost,0.3292,-0.1999,8.2112,False
16170.0,3,New Customers,0.4198,-8.3067,9.6069,False
16171.0,4,Lost,0.2774,17.8303,15.3141,False
16172.0,4,Lost,0.3046,-5.6882,2.4205,False
16173.0,4,Lost,0.3255,-2.5059,0.9435,False
16174.0,4,Lost,0.2945,-4.8845,2.7013,False
16175.0,4,Lost,0.3019,-4.8442,2.2994,False
16176.0,1,Loyal Customers,0.1645,-0.129,3.6799,True
16177.0,4,Lost,0.3278,-5.5193,2.8816,False
16178.0,4,Lost,0.255,11.7175,7.6884,False
16179.0,4,Lost,0.2785,17.3072,14.9713,False
16180.0,3,New Customers,0.5096,-7.9109,12.9581,False
16181.0,4,Lost,0.2748,16.9623,14.3227,False
16182.0,3,New Customers,0.426,-7.1445,11.2938,False
16183.0,4,Lost,0.2952,1.1841,8.4376,False
16184.0,4,Lost,0.3024,-2.9514,0.6955,False
16185.0,4,Lost,0.3071,5.5423,10.933,False
16186.0,3,New Customers,0.4753,-8.6705,11.2045,False
16187.0,0,Champions,0.4157,-7.1407,9.3766,True
16188.0,4,Lost,0.3067,0.6838,5.7559,False
16189.0,4,Lost,0.2993,13.674,9.7791,False
16190.0,0,Champions,0.3384,-5.2344,3.824,True
16191.0,3,New Customers,0.5687,-8.1828,12.8843,False
16192.0,1,Loyal Customers,0.0059,3.9273,-6.0406,True
16193.0,4,Lost,0.215,11.2719,6.179,False
16194.0,1,Loyal Customers,0.1521,14.5175,-2.0669,True
16195.0,1,Loyal Customers,0.0108,3.8114,-6.0443,True
16196.0,1,Loyal Customers,0.1028,12.26,-5.2728,True
16197.0,1,Loyal Customers,0.1569,-0.4739,3.2827,True
16198.0,4,Lost,0.2863,10.5848,8.633,False
16199.0,1,Loyal Customers,0.1687,0.2648,2.9008,True
16200.0,0,Champions,0.4025,-6.6445,8.0002,True
16201.0,4,Lost,0.3377,-1.1742,5.8613,False
16202.0,0,Champions,0.2073,-0.7272,3.5103,True
16203.0,4,Lost,0.3039,-2.9737,0.6581,False
16204.0,4,Lost,0.3088,6.4955,10.1975,False
16205.0,4,Lost,0.3274,-4.5016,2.2036,False
16206.0,0,Champions,0.343,-8.0641,4.9682,True
16207.0,4,Lost,0.2955,15.6842,15.2294,False
16208.0,0,Champions,0.351,-6.3343,5.178,True
16209.0,0,Champions,0.3402,-5.4544,5.7775,True
16211.0,4,Lost,0.2839,6.3383,9.0084,False
16212.0,4,Lost,0.3176,0.3911,8.8983,False
16213.0,4,Lost,0.2704,17.8067,14.6309,False
16214.0,4,Lost,0.2659,-1.0274,4.9328,False
16215.0,4,Lost,0.2707,17.4014,14.3858,False
16216.0,1,Loyal Customers,0.2042,17.0358,10.3266,True
16217.0,4,Lost,0.2114,11.8595,5.9979,False
16218.0,0,Champions,0.3781,-7.5034,7.1267,True
16219.0,1,Loyal Customers,0.0973,11.9854,-5.5465,True
16221.0,0,Champions,0.3354,-6.3957,3.3845,True
16222.0,1,Loyal Customers,0.1918,6.5256,6.737,True
16223.0,1,Loyal Customers,0.1653,6.5368,1.2566,True
16224.0,4,Lost,0.309,-0.3394,5.6863,False
16225.0,0,Champions,0.3556,-8.4421,6.0347,True
16226.0,4,Lost,0.2369,1.5071,4.5469,False
16227.0,4,Lost,0.2278,5.7864,6.9211,False
16228.0,1,Loyal Customers,0.1609,5.1227,3.119,True
16229.0,0,Champions,0.3162,-3.3757,4.3419,True
16230.0,4,Lost,0.233,11.6046,6.7381,False
16231.0,1,Loyal Customers,0.1683,1.6962,3.0585,True
16232.0,0,Champions,0.3341,-4.1222,3.5598,True
16233.0,4,Lost,0.318,-6.3184,3.0626,False
16234.0,1,Loyal Customers,0.1163,4.004,1.9479,True
16235.0,4,Lost,0.3314,-6.4241,3.137,False
16236.0,4,Lost,0.2745,16.4869,14.0085,False
16237.0,1,Loyal Customers,0.1246,13.8255,-4.3795,True
16238.0,1,Loyal Customers,0.1293,14.3379,-4.3679,True
16239.0,4,Lost,0.3098,-2.4798,1.1514,False
16240.0,0,Champions,0.3435,-2.8475,5.6226,True
16241.0,0,Champions,0.3921,-8.1435,7.3659,True
16242.0,0,Champions,0.4306,-7.1481,9.8053,True
16243.0,4,Lost,0.2946,12.9335,9.599,False
16244.0,4,Lost,0.2516,-1.8049,4.8111,False
16245.0,4,Lost,0.3147,7.3383,9.0879,False
16246.0,1,Loyal Customers,0.1271,6.3664,0.4231,True
16247.0,4,Lost,0.2328,18.1201,12.2209,False
16248.0,4,Lost,0.2772,17.6136,15.0643,False
16249.0,4,Lost,0.3131,-0.6763,5.6991,False
16250.0,4,Lost,0.2099,5.5046,6.6248,False
16251.0,1,Loyal Customers,0.094,11.7345,-5.5358,True
16252.0,1,Loyal Customers,0.1487,14.549,-2.2715,True
16253.0,0,Champions,0.387,-6.6462,10.7773,True
16254.0,1,Loyal Customers,0.165,5.1402,3.0863,True
16255.0,0,Champions,0.3946,-7.8452,7.8209,True
16256.0,4,Lost,0.2189,6.277,6.9382,False
16257.0,4,Lost,0.2291,18.2079,11.864,False
16258.0,3,New Customers,0.4786,-7.6022,11.9046,False
16259.0,1,Loyal Customers,0.1436,5.2616,4.0352,True
16260.0,4,Lost,0.2937,15.589,13.3986,False
16261.0,4,Lost,0.3202,-2.8295,0.3112,False
16262.0,1,Loyal Customers,0.1569,13.0957,-2.1381,True
16263.0,1,Loyal Customers,0.1332,13.5115,-3.3968,True
16264.0,1,Loyal Customers,0.1361,6.505,0.5548,True
16265.0,0,Champions,0.4179,-6.5511,8.8858,True
16266.0,0,Champions,0.3263,-8.067,4.6636,True
16267.0,1,Loyal Customers,0.0627,9.4459,-6.9598,True
16268.0,4,Lost,0.283,11.5226,8.6735,False
16269.0,1,Loyal Customers,0.132,12.7318,-2.5591,True
16270.0,1,Loyal Customers,0.1723,12.3848,-1.8723,True
16271.0,0,Champions,0.3684,-6.288,5.2403,True
16272.0,4,Lost,0.2584,17.1319,13.3124,False
16273.0,1,Loyal Customers,0.044,4.5206,-0.4599,True
16274.0,1,Loyal Customers,0.1584,13.1028,-2.1408,True
16275.0,4,Lost,0.2544,-1.0244,4.8291,False
16276.0,4,Lost,0.269,-1.9389,4.9575,False
16277.0,1,Loyal Customers,0.0045,3.013,-6.1434,True
16278.0,4,Lost,0.2798,6.3309,8.9242,False
16279.0,0,Champions,0.3889,-5.7881,7.6766,True
16280.0,1,Loyal Customers,0.0089,3.3918,-6.0712,True
16281.0,4,Lost,0.3224,-2.7173,5.5296,False
16282.0,1,Loyal Customers,0.1848,5.961,6.3712,True
16283.0,0,Champions,0.3749,-5.1909,6.3123,True
16284.0,4,Lost,0.3067,6.625,9.9467,False
16285.0,1,Loyal Customers,0.0402,7.7859,-7.4614,True
16286.0,1,Loyal Customers,0.1134,6.7706,-0.8307,True
16287.0,4,Lost,0.2548,1.1741,4.6148,False
16288.0,1,Loyal Customers,0.1111,12.8206,-4.9293,True
16289.0,1,Loyal Customers,0.1144,13.1728,-4.7316,True
16290.0,1,Loyal Customers,0.1468,-0.0755,3.6487,True
16291.0,1,Loyal Customers,0.0247,6.8066,-7.5669,True
16292.0,4,Lost,0.2777,0.5915,5.2764,False
16293.0,0,Champions,0.3892,-7.8633,7.5573,True
16294.0,1,Loyal Customers,0.1082,12.703,-4.9739,True
16295.0,4,Lost,0.3217,0.3867,8.9077,False
16296.0,1,Loyal Customers,0.0711,4.4875,1.1593,True
16297.0,1,Loyal Customers,0.1951,17.8376,9.9082,True
16298.0,4,Lost,0.3206,-4.6464,1.0471,False
16299.0,1,Loyal Customers,0.1091,12.5462,-4.9105,True
16300.0,1,Loyal Customers,0.1494,5.2543,2.416,True
16301.0,1,Loyal Customers,0.0022,2.7249,-6.2046,True
16302.0,4,Lost,0.2519,17.7618,13.2356,False
16303.0,0,Champions,0.4121,-6.718,10.8813,True
16304.0,1,Loyal Customers,0.023,7.2467,-6.6113,True
16305.0,4,Lost,0.2488,17.2996,12.9711,False
16306.0,4,Lost,0.2444,-0.5839,2.3623,False
16307.0,1,Loyal Customers,0.1471,5.213,2.5616,True
16308.0,0,Champions,0.3691,-5.1695,7.0679,True
16309.0,4,Lost,0.2693,11.516,8.1091,False
16310.0,1,Loyal Customers,0.1408,7.426,-0.2515,True
16311.0,4,Lost,0.3039,11.6324,10.0366,False
16312.0,1,Loyal Customers,0.1271,13.8265,-4.2708,True
16313.0,4,Lost,0.3053,13.4526,10.0287,False
16314.0,1,Loyal Customers,0.167,5.3399,2.3077,True
16315.0,1,Loyal Customers,0.1737,11.0885,5.4134,True
16316.0,0,Champions,0.3819,-6.8507,8.2094,True
16317.0,4,Lost,0.2912,-1.4196,5.1444,False
16318.0,4,Lost,0.2906,15.9747,15.2796,False
16319.0,4,Lost,0.2172,17.5388,10.9981,False
16320.0,0,Champions,0.3191,-5.2254,7.2874,True
16321.0,4,Lost,0.2942,-4.4509,0.9217,False
16322.0,4,Lost,0.3069,13.1979,10.1638,False
16323.0,4,Lost,0.228,12.0151,6.5887,False
16324.0,4,Lost,0.2591,5.0651,8.7587,False
16325.0,0,Champions,0.3573,-7.5258,5.9683,True
16326.0,0,Champions,0.4203,-8.8463,8.3944,True
16327.0,3,New Customers,0.4772,-7.6807,11.6488,False
16328.0,1,Loyal Customers,0.0757,9.8015,-6.053,True
16329.0,1,Loyal Customers,0.1569,0.3631,3.4721,True
16330.0,4,Lost,0.3165,-4.4964,0.9125,False
16331.0,1,Loyal Customers,0.1648,-0.3604,3.5071,True
16332.0,0,Champions,0.341,-7.7061,4.146,True
16333.0,2,At Risk,0.7099,-8.5802,13.7149,False
16334.0,1,Loyal Customers,0.1041,12.2017,-4.6147,True
16335.0,1,Loyal Customers,0.1284,-0.7554,3.6247,True
16336.0,0,Champions,0.1843,-1.6112,4.012,True
16337.0,4,Lost,0.2874,17.0778,16.0411,False
16338.0,4,Lost,0.2395,17.9957,12.4005,False
16339.0,1,Loyal Customers,0.1864,18.204,9.197,True
16340.0,4,Lost,0.2825,6.7442,8.0018,False
16341.0,0,Champions,0.3572,-4.4615,5.3793,True
16342.0,4,Lost,0.2817,2.5881,6.5501,False
16343.0,4,Lost,0.3081,5.5656,10.9421,False
16344.0,4,Lost,0.255,2.6621,5.3721,False
16345.0,4,Lost,0.3012,9.9696,8.8487,False
16346.0,1,Loyal Customers,0.1469,15.0147,-2.3168,True
16347.0,0,Champions,0.3682,-7.0993,5.7255,True
16348.0,4,Lost,0.3291,-5.7141,2.2358,False
16349.0,1,Loyal Customers,0.1828,18.0699,8.9524,True
16350.0,0,Champions,0.3422,-6.4097,3.4137,True
16351.0,0,Champions,0.2399,-6.5041,6.1202,True
16352.0,4,Lost,0.3022,12.273,10.2313,False
16353.0,3,New Customers,0.5259,-9.2613,11.8562,False
16354.0,4,Lost,0.3,0.6576,5.6299,False
16355.0,1,Loyal Customers,0.1536,14.004,-2.077,True
16356.0,4,Lost,0.2379,1.449,4.5277,False
16357.0,4,Lost,0.3062,1.9314,8.3522,False
16358.0,4,Lost,0.3494,-2.4257,5.2816,False
16359.0,0,Champions,0.3713,-8.5045,6.2269,True
16360.0,0,Champions,0.3583,-3.882,4.9934,True
16361.0,4,Lost,0.3159,1.8792,8.4993,False
16362.0,4,Lost,0.3126,-3.0238,0.2538,False
16363.0,4,Lost,0.2803,17.6303,15.5513,False
16364.0,4,Lost,0.3075,11.3109,9.9293,False
16365.0,0,Champions,0.3726,-8.3238,6.4365,True
16366.0,4,Lost,0.3211,-0.0434,8.4729,False
16367.0,4,Lost,0.3087,7.244,9.0895,False
16368.0,4,Lost,0.3132,5.5494,11.0114,False
16369.0,0,Champions,0.344,-4.1566,3.4959,True
16370.0,4,Lost,0.2924,0.4282,8.174,False
16371.0,1,Loyal Customers,0.12,13.4843,-4.498,True
16372.0,4,Lost,0.3149,0.1232,6.1093,False
16373.0,1,Loyal Customers,0.1518,8.3036,-0.799,True
16374.0,4,Lost,0.3075,-0.6155,5.6695,False
16375.0,1,Loyal Customers,0.1132,6.9515,-1.0329,True
16376.0,4,Lost,0.3126,10.3306,9.3243,False
16377.0,4,Lost,0.212,6.5548,6.8221,False
16378.0,4,Lost,0.2098,4.9091,5.8475,False
16379.0,4,Lost,0.3354,-0.3621,7.894,False
16380.0,4,Lost,0.2997,8.8103,8.6914,False
16381.0,1,Loyal Customers,0.1454,8.0491,-0.9211,True
16382.0,1,Loyal Customers,0.1418,7.7985,-0.5946,True
16383.0,0,Champions,0.3251,-3.9662,4.0044,True
16384.0,4,Lost,0.2896,0.3798,8.1245,False
16385.0,4,Lost,0.2999,0.7605,5.6402,False
16386.0,4,Lost,0.3085,6.7699,9.8954,False
16387.0,1,Loyal Customers,0.1914,1.4102,3.6404,True
16388.0,1,Loyal Customers,0.037,7.5926,-7.3738,True
16389.0,4,Lost,0.305,0.4638,8.4544,False
16390.0,1,Loyal Customers,0.0934,4.0939,1.5668,True
16391.0,1,Loyal Customers,0.1597,1.5638,2.9983,True
16392.0,4,Lost,0.2059,5.4617,6.521,False
16393.0,0,Champions,0.4294,-8.7962,8.5623,True
16394.0,4,Lost,0.3082,-0.2844,5.6647,False
16395.0,0,Champions,0.3557,-8.0372,6.5343,True
16396.0,1,Loyal Customers,0.1087,12.703,-4.9741,True
16397.0,1,Loyal Customers,0.0468,8.3443,-7.5109,True
16398.0,4,Lost,0.2634,6.7517,7.6142,False
16399.0,4,Lost,0.3063,5.5423,10.9219,False
16400.0,0,Champions,0.3244,-5.6995,4.9118,True
16401.0,3,New Customers,0.4473,-8.6593,9.9427,False
16402.0,1,Loyal Customers,0.202,11.2851,5.8955,True
16403.0,1,Loyal Customers,0.1759,17.7707,8.8208,True
16404.0,4,Lost,0.2779,16.3534,14.1805,False
16405.0,1,Loyal Customers,0.1823,11.3133,5.3573,True
16406.0,4,Lost,0.3051,4.8965,10.6002,False
16407.0,0,Champions,0.3655,-8.3939,5.7954,True
16408.0,1,Loyal Customers,0.0633,9.3185,-6.7113,True
16409.0,0,Champions,0.3903,-6.6584,8.04,True
16410.0,1,Loyal Customers,0.0038,2.7944,-6.1513,True
16411.0,4,Lost,0.3124,1.8676,8.4783,False
16412.0,4,Lost,0.2971,1.442,5.8918,False
16413.0,4,Lost,0.2868,12.1483,9.1475,False
16414.0,4,Lost,0.3089,1.5509,6.0336,False
16415.0,4,Lost,0.2972,5.4879,10.1326,False
16416.0,0,Champions,0.3495,-5.9941,4.1946,True
16417.0,1,Loyal Customers,0.1004,12.0678,-5.4733,True
16418.0,4,Lost,0.3069,0.6775,5.7652,False
16419.0,4,Lost,0.2919,-5.7788,2.3143,False
16420.0,1,Loyal Customers,0.1404,15.8453,-3.0831,True
16421.0,1,Loyal Customers,0.1596,5.2191,4.0522,True
16423.0,4,Lost,0.2949,15.8528,15.4794,False
16424.0,4,Lost,0.2312,11.8922,6.6764,False
16425.0,1,Loyal Customers,0.1817,17.4888,9.5066,True
16426.0,0,Champions,0.3477,-7.3658,3.5921,True
16427.0,1,Loyal Customers,0.1992,11.6443,5.6902,True
16428.0,1,Loyal Customers,0.146,4.6428,2.6379,True
16429.0,4,Lost,0.2611,17.3987,13.67,False
16430.0,4,Lost,0.3072,-4.6441,1.137,False
16431.0,4,Lost,0.2274,5.5066,7.2722,False
16432.0,4,Lost,0.2782,16.9662,14.4699,False
16433.0,4,Lost,0.2967,12.9582,9.7021,False
16434.0,0,Champions,0.353,-7.7819,5.2123,True
16435.0,1,Loyal Customers,0.1109,4.3739,1.7243,True
16436.0,1,Loyal Customers,0.0382,4.4005,-0.3114,True
16437.0,1,Loyal Customers,0.152,8.2995,-0.8046,True
16438.0,4,Lost,0.3187,1.2684,6.0939,False
16439.0,1,Loyal Customers,0.0111,3.7756,-6.0467,True
16440.0,0,Champions,0.3618,-4.0763,5.5168,True
16441.0,4,Lost,0.2971,0.7738,5.6202,False
16442.0,4,Lost,0.3217,1.0874,6.1334,False
16443.0,1,Loyal Customers,0.0908,11.5209,-5.6515,True
16444.0,0,Champions,0.3709,-8.4393,6.9002,True
16445.0,4,Lost,0.3021,2.4847,7.6763,False
16447.0,4,Lost,0.2605,5.5739,8.4288,False
16448.0,4,Lost,0.2273,12.0133,6.5945,False
16449.0,4,Lost,0.2319,11.2588,6.7881,False
16450.0,4,Lost,0.2647,6.6085,7.65,False
16451.0,4,Lost,0.2833,6.2338,9.1042,False
16452.0,1,Loyal Customers,0.0508,4.574,-0.477,True
16453.0,1,Loyal Customers,0.0904,5.5421,-0.6034,True
16454.0,4,Lost,0.2899,2.6342,7.1021,False
16455.0,0,Champions,0.3585,-6.5219,6.6878,True
16456.0,0,Champions,0.3828,-6.7482,9.0343,True
16457.0,4,Lost,0.2146,18.2849,10.8022,False
16458.0,3,New Customers,0.4485,-9.1422,10.5315,False
16459.0,1,Loyal Customers,0.0046,2.6374,-6.282,True
16460.0,4,Lost,0.305,6.3571,10.8513,False
16461.0,4,Lost,0.2548,6.5821,7.4941,False
16462.0,4,Lost,0.2771,4.3351,9.8048,False
16463.0,4,Lost,0.3185,0.2019,8.7345,False
16464.0,4,Lost,0.315,7.2803,9.1957,False
16465.0,1,Loyal Customers,0.1418,6.7874,0.5563,True
16466.0,0,Champions,0.3733,-8.1071,6.7787,True
16467.0,1,Loyal Customers,0.1472,-0.8229,3.6357,True
16468.0,4,Lost,0.2859,5.7075,9.6484,False
16469.0,4,Lost,0.3118,1.2272,6.0507,False
16470.0,0,Champions,0.3373,-7.5822,4.6342,True
16471.0,4,Lost,0.2121,2.2246,4.5579,False
16472.0,1,Loyal Customers,0.1371,6.6442,0.5671,True
16473.0,4,Lost,0.2471,2.6471,5.8232,False
16474.0,4,Lost,0.3377,-4.46,2.2358,False
16475.0,4,Lost,0.2794,2.5173,6.4379,False
16476.0,1,Loyal Customers,0.1295,13.2945,-3.5635,True
16477.0,0,Champions,0.3577,-6.5433,6.7055,True
16478.0,4,Lost,0.2996,4.3166,10.2342,False
16479.0,4,Lost,0.3029,13.3177,10.0617,False
16480.0,4,Lost,0.2799,15.8291,13.5447,False
16481.0,1,Loyal Customers,0.0293,7.4711,-6.4314,True
16482.0,4,Lost,0.2969,16.176,16.4157,False
16483.0,4,Lost,0.2242,18.2267,11.6175,False
16484.0,4,Lost,0.2376,12.0178,6.9316,False
16485.0,4,Lost,0.3101,-1.501,5.4394,False
16486.0,1,Loyal Customers,0.0835,11.0548,-6.1728,True
16487.0,1,Loyal Customers,0.0711,5.0868,-0.5152,True
16488.0,4,Lost,0.2987,4.8189,10.4994,False
16489.0,1,Loyal Customers,0.1525,8.3246,-0.7845,True
16490.0,1,Loyal Customers,0.1259,13.5451,-4.1099,True
16491.0,4,Lost,0.3045,9.2904,8.7859,False
16492.0,1,Loyal Customers,0.0857,10.2512,-5.8255,True
16493.0,4,Lost,0.3116,-4.6924,2.6276,False
16494.0,1,Loyal Customers,0.1908,17.143,10.2024,True
16495.0,4,Lost,0.3134,5.6268,11.0231,False
16496.0,4,Lost,0.3407,-2.4973,2.5562,False
16497.0,3,New Customers,0.4253,-8.6394,9.9099,False
16498.0,4,Lost,0.2388,12.3571,6.9676,False
16499.0,0,Champions,0.2063,-0.7199,3.5276,True
16500.0,4,Lost,0.3296,-6.3863,2.1342,False
16501.0,1,Loyal Customers,0.1614,12.3596,-1.8895,True
16502.0,1,Loyal Customers,0.0544,4.6493,-0.4818,True
16503.0,0,Champions,0.3306,-6.75,5.857,True
16504.0,4,Lost,0.2968,15.633,14.9544,False
16505.0,4,Lost,0.2979,15.6163,14.0867,False
16506.0,4,Lost,0.2959,13.6419,9.6316,False
16507.0,1,Loyal Customers,0.0699,9.8862,-6.9117,True
16508.0,1,Loyal Customers,0.0476,8.2323,-7.1733,True
16509.0,1,Loyal Customers,0.1846,17.4561,9.5481,True
16510.0,4,Lost,0.19,-0.3591,3.4736,False
16511.0,4,Lost,0.3285,-2.3637,1.7272,False
16513.0,4,Lost,0.3176,1.9071,8.4986,False
16515.0,0,Champions,0.3451,-6.3845,5.1072,True
16516.0,4,Lost,0.2895,16.9781,16.443,False
16517.0,1,Loyal Customers,0.19,18.2411,9.3956,True
16518.0,4,Lost,0.296,1.302,8.3834,False
16519.0,4,Lost,0.3052,2.6317,7.5521,False
16520.0,4,Lost,0.2708,-1.5354,4.425,False
16521.0,1,Loyal Customers,0.1522,5.1767,2.6499,True
16522.0,1,Loyal Customers,0.1315,7.3255,-0.3323,True
16523.0,3,New Customers,0.5279,-8.5478,12.1463,False
16524.0,1,Loyal Customers,0.1257,7.2538,-0.8692,True
16525.0,2,At Risk,0.7491,-8.9894,13.521,False
16526.0,4,Lost,0.2426,11.11,7.0432,False
16527.0,4,Lost,0.2872,9.8771,8.7552,False
16528.0,4,Lost,0.3021,16.0065,16.3821,False
16529.0,4,Lost,0.2578,-1.0134,4.883,False
16530.0,1,Loyal Customers,0.0295,6.9695,-7.7643,True
16531.0,0,Champions,0.3473,-7.6273,4.5097,True
16532.0,0,Champions,0.4216,-6.7731,11.0023,True
16533.0,4,Lost,0.3124,6.8403,9.9483,False
16534.0,1,Loyal Customers,0.048,7.9837,-6.0113,True
16535.0,4,Lost,0.3169,6.6962,10.2945,False
16536.0,4,Lost,0.2631,16.7544,13.4332,False
16537.0,1,Loyal Customers,0.0401,7.9159,-7.6302,True
16538.0,1,Loyal Customers,0.0908,4.0877,1.5453,True
16539.0,0,Champions,0.372,-5.979,5.6119,True
16540.0,1,Loyal Customers,0.1351,14.8275,-3.3465,True
16541.0,1,Loyal Customers,0.0073,4.1436,-6.0714,True
16542.0,4,Lost,0.2844,13.1792,9.1524,False
16543.0,1,Loyal Customers,0.0637,9.2146,-6.4159,True
16544.0,1,Loyal Customers,0.1015,3.8561,1.6516,True
16545.0,4,Lost,0.2451,11.139,7.078,False
16546.0,0,Champions,0.2679,-5.1597,7.2712,True
16547.0,1,Loyal Customers,0.0799,10.9003,-6.3772,True
16548.0,1,Loyal Customers,0.0573,9.1894,-7.297,True
16549.0,3,New Customers,0.5567,-8.8469,12.5584,False
16550.0,3,New Customers,0.426,-7.7162,11.1049,False
16551.0,4,Lost,0.3065,-4.8403,2.7159,False
16552.0,4,Lost,0.2105,11.4503,5.9808,False
16553.0,2,At Risk,0.5389,-8.6672,13.0784,False
16554.0,0,Champions,0.3391,-5.2034,3.9037,True
16555.0,4,Lost,0.3245,-2.3467,1.9309,False
16556.0,3,New Customers,0.4213,-7.5672,10.2192,False
16557.0,4,Lost,0.2969,13.4037,9.7219,False
16558.0,3,New Customers,0.5796,-8.9749,12.7221,False
16559.0,1,Loyal Customers,0.1415,15.2096,-2.7103,True
16560.0,0,Champions,0.348,-5.039,4.3943,True
16561.0,4,Lost,0.3073,12.209,10.2471,False
16562.0,1,Loyal Customers,0.1095,12.5367,-4.8058,True
16563.0,0,Champions,0.3507,-4.372,6.1649,True
16564.0,1,Loyal Customers,0.0703,10.3311,-6.8078,True
16565.0,1,Loyal Customers,0.1703,2.2924,2.9509,True
16566.0,4,Lost,0.3125,1.5113,6.0284,False
16567.0,4,Lost,0.2357,10.9428,6.8424,False
16568.0,1,Loyal Customers,0.1427,6.4415,1.0238,True
16569.0,4,Lost,0.3288,-0.0188,6.1534,False
16570.0,3,New Customers,0.4421,-8.3127,9.9623,False
16571.0,0,Champions,0.3693,-5.9795,6.0949,True
16572.0,4,Lost,0.2674,6.0436,8.1235,False
16573.0,4,Lost,0.2773,11.5294,8.4617,False
16574.0,4,Lost,0.2941,6.8278,8.6776,False
16576.0,1,Loyal Customers,0.1394,7.214,-0.0613,True
16577.0,1,Loyal Customers,0.0344,7.5222,-6.4962,True
16578.0,1,Loyal Customers,0.048,8.3868,-7.4371,True
16579.0,1,Loyal Customers,0.1312,13.5257,-3.6217,True
16581.0,4,Lost,0.2274,18.2218,11.7426,False
16582.0,4,Lost,0.2587,17.323,13.549,False
16583.0,1,Loyal Customers,0.158,7.4833,0.5266,True
16584.0,0,Champions,0.3206,-2.8621,5.2242,True
16585.0,1,Loyal Customers,0.066,4.874,-0.3604,True
16586.0,4,Lost,0.2239,6.1979,6.929,False
16587.0,1,Loyal Customers,0.2091,18.2095,10.5659,True
16588.0,1,Loyal Customers,0.1693,1.3458,3.2286,True
16589.0,4,Lost,0.2872,2.4874,6.5311,False
16590.0,1,Loyal Customers,0.148,7.2607,0.3481,True
16591.0,4,Lost,0.2752,17.384,14.6992,False
16592.0,3,New Customers,0.4714,-8.9851,10.8291,False
16593.0,4,Lost,0.3115,-6.3113,2.0346,False
16594.0,4,Lost,0.2723,17.7028,14.5659,False
16595.0,4,Lost,0.31,-0.6706,5.6848,False
16596.0,4,Lost,0.3092,2.6199,7.6033,False
16597.0,4,Lost,0.3,16.5731,16.7537,False
16598.0,1,Loyal Customers,0.1861,18.1906,9.2264,True
16599.0,1,Loyal Customers,0.1458,15.3422,-2.4738,True
16600.0,0,Champions,0.3577,-8.0203,4.6309,True
16601.0,4,Lost,0.2979,5.4387,10.2106,False
16602.0,4,Lost,0.2986,11.0836,9.56,False
16603.0,4,Lost,0.2789,12.4524,8.9104,False
16604.0,1,Loyal Customers,0.0798,5.1533,-0.2555,True
16605.0,1,Loyal Customers,0.0069,2.6286,-6.2835,True
16606.0,1,Loyal Customers,0.1435,7.8497,-0.5458,True
16607.0,3,New Customers,0.4299,-8.8308,8.5565,False
16608.0,1,Loyal Customers,0.1357,6.0748,1.3243,True
16609.0,0,Champions,0.3836,-5.2529,7.267,True
16610.0,4,Lost,0.2124,18.3804,11.0432,False
16611.0,4,Lost,0.2613,-1.2835,2.7374,False
16612.0,0,Champions,0.3507,-5.8942,4.4222,True
16613.0,4,Lost,0.2803,16.0147,13.9209,False
16614.0,4,Lost,0.2469,6.2121,7.5439,False
16615.0,1,Loyal Customers,0.0498,8.2625,-7.0508,True
16616.0,4,Lost,0.3035,12.2492,10.2454,False
16617.0,1,Loyal Customers,0.2065,18.367,10.5289,True
16618.0,4,Lost,0.3335,-2.093,5.4292,False
16619.0,4,Lost,0.2267,-0.7333,4.4243,False
16620.0,4,Lost,0.335,-2.3745,1.6087,False
16621.0,4,Lost,0.2977,2.1643,7.8788,False
16622.0,1,Loyal Customers,0.0823,10.5383,-6.0687,True
16623.0,4,Lost,0.2216,2.3084,4.6829,False
16624.0,4,Lost,0.2809,11.0713,8.5623,False
16625.0,4,Lost,0.2209,0.8472,3.8733,False
16626.0,0,Champions,0.3994,-8.2673,7.4995,True
16627.0,4,Lost,0.2726,16.9357,14.1492,False
16628.0,4,Lost,0.3344,-4.3143,2.9202,False
16629.0,4,Lost,0.2784,12.6154,8.8707,False
16630.0,1,Loyal Customers,0.1364,15.5779,-3.3217,True
16631.0,1,Loyal Customers,0.1449,-0.3565,3.4069,True
16632.0,1,Loyal Customers,0.1108,6.6983,-0.7535,True
16633.0,0,Champions,0.3449,-3.1828,4.1995,True
16634.0,4,Lost,0.2467,-1.0361,2.8784,False
16635.0,1,Loyal Customers,0.1413,13.3976,-2.4357,True
16636.0,0,Champions,0.1813,-1.6522,4.0189,True
16637.0,4,Lost,0.3104,1.0767,8.7191,False
16638.0,0,Champions,0.3587,-8.4007,5.7038,True
16639.0,4,Lost,0.3189,-0.1936,8.2013,False
16640.0,1,Loyal Customers,0.141,15.2362,-2.7216,True
16641.0,4,Lost,0.2673,11.7646,8.0291,False
16642.0,4,Lost,0.3179,6.8241,10.0854,False
16643.0,4,Lost,0.2154,10.808,6.3056,False
16644.0,4,Lost,0.2418,11.0084,6.9564,False
16645.0,1,Loyal Customers,0.0034,2.871,-6.1168,True
16646.0,1,Loyal Customers,0.127,12.7263,-2.7352,True
16647.0,4,Lost,0.246,2.6572,5.8317,False
16648.0,4,Lost,0.297,5.4198,10.2162,False
16649.0,1,Loyal Customers,0.0931,10.7099,-5.6398,True
16650.0,4,Lost,0.3119,-4.7193,2.3247,False
16651.0,1,Loyal Customers,0.0636,9.6536,-7.0315,True
16652.0,2,At Risk,0.5513,-8.0371,13.0687,False
16653.0,4,Lost,0.3128,9.6561,8.9149,False
16654.0,4,Lost,0.2836,-5.6436,2.532,False
16655.0,0,Champions,0.4115,-6.712,8.9836,True
16656.0,2,At Risk,0.5913,-8.4987,13.1095,False
16657.0,4,Lost,0.3164,1.8184,8.5167,False
16658.0,1,Loyal Customers,0.1742,0.7111,2.9978,True
16659.0,4,Lost,0.2241,18.2383,11.6921,False
16660.0,4,Lost,0.3342,-4.433,2.2797,False
16661.0,1,Loyal Customers,0.1017,4.3445,1.3944,True
16662.0,1,Loyal Customers,0.1424,15.2548,-2.6857,True
16663.0,1,Loyal Customers,0.0063,2.8544,-6.1842,True
16664.0,1,Loyal Customers,0.0705,10.3041,-6.8279,True
16665.0,1,Loyal Customers,0.155,15.5765,-2.2852,True
16666.0,4,Lost,0.2982,13.6036,9.7089,False
16667.0,4,Lost,0.2829,11.8989,9.037,False
16668.0,4,Lost,0.3357,-7.7837,4.0047,False
16669.0,4,Lost,0.3142,7.3154,9.1116,False
16670.0,3,New Customers,0.4493,-8.2921,10.3195,False
16671.0,4,Lost,0.3169,7.9798,8.7949,False
16672.0,3,New Customers,0.4569,-8.2932,10.3423,False
16673.0,1,Loyal Customers,0.0269,6.9105,-7.1501,True
16674.0,4,Lost,0.2848,13.0391,9.1125,False
16675.0,1,Loyal Customers,0.1314,6.9361,-0.0298,True
16676.0,4,Lost,0.3309,-2.5001,2.6573,False
16677.0,1,Loyal Customers,0.1477,6.6511,0.9499,True
16678.0,0,Champions,0.3685,-7.8127,5.5427,True
16679.0,1,Loyal Customers,0.1673,5.1607,3.3189,True
16680.0,4,Lost,0.299,5.8353,9.8002,False
16681.0,4,Lost,0.3116,-4.7277,2.3424,False
16682.0,4,Lost,0.3222,0.8595,6.1826,False
16683.0,1,Loyal Customers,0.0876,10.4181,-5.7898,True
16685.0,4,Lost,0.2824,13.0055,9.0558,False
16686.0,0,Champions,0.3871,-7.9286,8.0358,True
16687.0,1,Loyal Customers,0.1436,15.318,-2.609,True
16688.0,4,Lost,0.3245,0.5315,8.9712,False
16689.0,4,Lost,0.2777,12.5899,8.8656,False
16690.0,4,Lost,0.2833,2.5865,6.5596,False
16691.0,1,Loyal Customers,0.1353,7.7365,-0.9387,True
16692.0,4,Lost,0.2297,-0.7389,4.4412,False
16693.0,4,Lost,0.2985,0.5753,5.5877,False
16694.0,1,Loyal Customers,0.0078,2.681,-6.2524,True
16695.0,1,Loyal Customers,0.077,5.1442,-0.5378,True
16696.0,4,Lost,0.2618,2.5956,6.041,False
16697.0,1,Loyal Customers,0.2039,18.432,10.4331,True
16698.0,4,Lost,0.2376,6.4938,7.0423,False
16699.0,1,Loyal Customers,0.1742,0.2164,2.8821,True
16700.0,3,New Customers,0.4804,-8.6129,11.2237,False
16701.0,3,New Customers,0.493,-8.5867,11.5037,False
16702.0,1,Loyal Customers,0.1542,1.5328,2.9855,True
16704.0,1,Loyal Customers,0.061,4.788,-0.1174,True
16706.0,4,Lost,0.2975,4.961,10.4695,False
16707.0,1,Loyal Customers,0.1527,2.5279,2.9203,True
16708.0,4,Lost,0.2906,15.7077,14.1312,False
16709.0,3,New Customers,0.4211,-7.3784,10.9452,False
16710.0,3,New Customers,0.4307,-8.5296,9.4795,False
16711.0,0,Champions,0.3578,-6.0424,4.1188,True
16712.0,0,Champions,0.3843,-7.5953,6.9627,True
16713.0,3,New Customers,0.5667,-8.5524,12.662,False
16714.0,4,Lost,0.2395,2.0497,4.6419,False
16715.0,4,Lost,0.2796,11.5959,8.5531,False
16716.0,4,Lost,0.2259,-0.8137,4.4503,False
16717.0,0,Champions,0.4175,-6.995,9.3216,True
16718.0,0,Champions,0.2097,-1.7058,4.0347,True
16719.0,0,Champions,0.3803,-7.9302,6.7928,True
16720.0,4,Lost,0.3055,6.3357,10.8976,False
16721.0,1,Loyal Customers,0.1978,17.9186,9.9803,True
16722.0,3,New Customers,0.4673,-8.3749,11.0261,False
16723.0,4,Lost,0.2884,0.4332,8.1463,False
16724.0,1,Loyal Customers,0.1377,15.4444,-3.3351,True
16725.0,0,Champions,0.2353,-7.5241,4.4988,True
16726.0,4,Lost,0.333,-4.3737,2.508,False
16727.0,1,Loyal Customers,0.1793,1.2425,3.328,True
16728.0,4,Lost,0.3034,1.2444,8.6069,False
16729.0,3,New Customers,0.4326,-8.4261,9.8846,False
16730.0,4,Lost,0.2943,5.5856,9.9564,False
16731.0,1,Loyal Customers,0.0393,7.7095,-7.4447,True
16732.0,0,Champions,0.3542,-4.0612,6.1271,True
16733.0,1,Loyal Customers,0.0884,10.5952,-5.8054,True
16734.0,4,Lost,0.293,5.3965,10.1423,False
16735.0,0,Champions,0.3854,-6.8606,8.8442,True
16736.0,1,Loyal Customers,0.1446,-1.2467,3.8641,True
16737.0,4,Lost,0.2926,10.9568,8.8429,False
16738.0,1,Loyal Customers,0.1793,18.0523,8.9191,True
16739.0,4,Lost,0.2415,11.0493,7.0036,False
16740.0,1,Loyal Customers,0.143,14.8894,-2.6531,True
16741.0,1,Loyal Customers,0.0486,8.3888,-7.4127,True
16742.0,0,Champions,0.3521,-8.389,5.806,True
16743.0,0,Champions,0.3784,-7.7855,7.0722,True
16744.0,4,Lost,0.3284,-4.692,1.3478,False
16745.0,3,New Customers,0.4021,-7.5142,9.8122,False
16746.0,2,At Risk,0.6447,-8.8806,13.1568,False
16747.0,4,Lost,0.2987,10.9006,9.3683,False
16748.0,0,Champions,0.3746,-8.0292,6.5732,True
16749.0,0,Champions,0.122,-1.6433,3.9888,True
16750.0,4,Lost,0.3004,1.4745,5.9262,False
16751.0,4,Lost,0.3117,8.8232,8.7031,False
16752.0,1,Loyal Customers,0.1544,14.0435,-2.068,True
16753.0,4,Lost,0.2798,17.2079,15.0036,False
16755.0,0,Champions,0.3082,-3.8634,4.0432,True
16756.0,4,Lost,0.2456,-0.6037,2.4082,False
16757.0,1,Loyal Customers,0.1768,11.2651,5.3452,True
16758.0,4,Lost,0.2789,16.5279,14.4208,False
16759.0,4,Lost,0.3128,6.1575,11.0072,False
16760.0,1,Loyal Customers,0.1287,13.5555,-3.9802,True
16761.0,4,Lost,0.2652,17.1434,13.8189,False
16762.0,4,Lost,0.3175,7.4033,8.9358,False
16763.0,4,Lost,0.235,10.8885,6.7495,False
16764.0,0,Champions,0.3664,-8.239,5.5414,True
16765.0,1,Loyal Customers,0.1895,11.2322,5.4856,True
16766.0,4,Lost,0.2074,6.6739,6.7847,False
16767.0,3,New Customers,0.4318,-7.3786,10.3622,False
16768.0,4,Lost,0.3238,-6.6562,2.8543,False
16769.0,4,Lost,0.2176,2.2296,4.58,False
16770.0,4,Lost,0.3228,-6.4157,3.0559,False
16771.0,0,Champions,0.363,-5.9939,5.6769,True
16772.0,0,Champions,0.1838,-1.6402,4.0115,True
16773.0,4,Lost,0.2879,4.5063,9.6278,False
16774.0,4,Lost,0.3117,-5.8096,2.242,False
16775.0,0,Champions,0.3749,-8.4366,6.3609,True
16776.0,4,Lost,0.2869,11.7626,9.0795,False
16777.0,4,Lost,0.2955,0.3714,5.5019,False
16778.0,4,Lost,0.2761,13.0777,8.6911,False
16780.0,4,Lost,0.2729,5.2463,8.8562,False
16781.0,1,Loyal Customers,0.1643,6.6624,1.1832,True
16782.0,3,New Customers,0.5294,-9.266,11.9054,False
16783.0,1,Loyal Customers,0.128,13.0661,-3.4136,True
16784.0,4,Lost,0.3143,1.1705,6.0596,False
16785.0,1,Loyal Customers,0.1409,13.2414,-2.473,True
16786.0,1,Loyal Customers,0.1409,15.8484,-3.0282,True
16787.0,1,Loyal Customers,0.16,1.6466,3.0166,True
16788.0,4,Lost,0.2867,-0.9101,5.1266,False
16789.0,4,Lost,0.2982,16.6509,16.7435,False
16790.0,4,Lost,0.3321,-2.4452,1.1519,False
16791.0,0,Champions,0.378,-8.0337,7.0187,True
16792.0,4,Lost,0.2041,1.7058,4.056,False
16793.0,4,Lost,0.2805,17.1851,15.0147,False
16794.0,0,Champions,0.363,-8.1667,4.8951,True
16795.0,1,Loyal Customers,0.1907,-1.0574,4.148,True
16796.0,4,Lost,0.2683,17.0575,13.9917,False
16797.0,1,Loyal Customers,0.1753,0.292,3.4797,True
16798.0,1,Loyal Customers,0.0916,4.296,1.5128,True
16799.0,1,Loyal Customers,0.134,7.2402,-0.196,True
16800.0,4,Lost,0.3122,15.5477,13.3914,False
16801.0,4,Lost,0.2635,0.4057,7.8971,False
16802.0,1,Loyal Customers,0.0347,4.5088,-0.3896,True
16803.0,4,Lost,0.2784,16.7782,14.3773,False
16804.0,4,Lost,0.3032,4.8741,10.5524,False
16805.0,4,Lost,0.2544,1.1438,4.5865,False
16806.0,4,Lost,0.2768,2.4776,6.3071,False
16807.0,4,Lost,0.2834,-1.7709,2.7218,False
16808.0,4,Lost,0.2665,13.0076,8.5084,False
16809.0,4,Lost,0.3343,-6.6889,2.8626,False
16810.0,4,Lost,0.2362,10.9683,6.881,False
16811.0,4,Lost,0.3082,11.9748,10.2385,False
16812.0,4,Lost,0.1935,-0.9171,4.0962,False
16813.0,4,Lost,0.3424,-7.3737,3.4686,False
16814.0,3,New Customers,0.5508,-8.966,12.6058,False
16815.0,1,Loyal Customers,0.1239,6.9162,-0.6465,True
16816.0,4,Lost,0.2716,2.5731,6.394,False
16817.0,0,Champions,0.3669,-8.2474,5.5626,True
16818.0,0,Champions,0.3661,-7.1023,5.5658,True
16819.0,1,Loyal Customers,0.1163,6.9819,-0.9965,True
16820.0,4,Lost,0.2681,16.57,13.7088,False
16821.0,1,Loyal Customers,0.1466,15.8009,-2.5171,True
16822.0,1,Loyal Customers,0.024,6.8654,-7.1642,True
16823.0,4,Lost,0.2536,-5.3437,2.9749,False
16824.0,4,Lost,0.3081,5.5668,10.9379,False
16825.0,4,Lost,0.3192,-0.782,5.7693,False
16826.0,4,Lost,0.2843,16.2921,14.9646,False
16827.0,1,Loyal Customers,0.1558,2.3806,3.0268,True
16828.0,4,Lost,0.2668,13.0743,8.6436,False
16829.0,4,Lost,0.246,11.976,7.1722,False
16830.0,4,Lost,0.3083,0.9255,8.6877,False
16831.0,1,Loyal Customers,0.0719,10.4012,-6.762,True
16832.0,4,Lost,0.2411,1.6222,4.9078,False
16833.0,4,Lost,0.345,-2.5085,2.5771,False
16834.0,4,Lost,0.2223,10.8338,6.4016,False
16835.0,4,Lost,0.2816,-1.2776,2.5971,False
16836.0,4,Lost,0.3021,2.1616,7.9213,False
16837.0,0,Champions,0.3555,-7.2179,5.2988,True
16838.0,4,Lost,0.2434,2.3561,4.8447,False
16839.0,2,At Risk,0.7055,-8.9063,13.5355,False
16840.0,1,Loyal Customers,0.0596,4.818,-0.4889,True
16841.0,0,Champions,0.3669,-7.2785,6.6403,True
16842.0,4,Lost,0.2814,6.5459,8.5305,False
16843.0,2,At Risk,0.6323,-8.7381,13.3311,False
16844.0,1,Loyal Customers,0.0823,5.2502,-0.0923,True
16845.0,1,Loyal Customers,0.0526,8.3418,-7.1034,True
16846.0,4,Lost,0.2964,5.8668,9.7374,False
16847.0,4,Lost,0.2937,11.7525,9.4541,False
16848.0,4,Lost,0.3054,0.4371,8.4587,False
16849.0,4,Lost,0.226,18.2357,11.721,False
16850.0,1,Loyal Customers,0.1691,17.3813,9.3666,True
16851.0,4,Lost,0.3083,4.4211,10.5284,False
16852.0,4,Lost,0.3007,13.729,9.6949,False
16854.0,1,Loyal Customers,0.1524,6.0073,1.4586,True
16855.0,4,Lost,0.2975,13.1738,9.8581,False
16856.0,4,Lost,0.3041,4.4023,10.5076,False
16857.0,1,Loyal Customers,0.1251,13.1571,-3.6508,True
16858.0,0,Champions,0.2359,-6.1581,6.518,True
16859.0,4,Lost,0.2825,-5.0102,2.5455,False
16860.0,1,Loyal Customers,0.143,5.1585,2.0967,True
16861.0,4,Lost,0.2987,0.9691,5.7245,False
16862.0,1,Loyal Customers,0.0944,4.0871,1.4261,True
16863.0,4,Lost,0.3062,6.5575,9.9894,False
16864.0,1,Loyal Customers,0.132,7.3649,-0.3725,True
16865.0,1,Loyal Customers,0.1387,15.5347,-3.2626,True
16866.0,4,Lost,0.2508,4.9478,8.4486,False
16867.0,1,Loyal Customers,0.0209,6.7309,-7.7,True
16868.0,1,Loyal Customers,0.1505,5.2609,4.0385,True
16869.0,4,Lost,0.3096,2.0894,8.2847,False
16870.0,1,Loyal Customers,0.1158,12.5619,-3.6058,True
16871.0,0,Champions,0.3419,-3.1781,4.1864,True
16872.0,4,Lost,0.2979,-2.962,0.7172,False
16873.0,3,New Customers,0.5236,-7.6373,12.4537,False
16874.0,1,Loyal Customers,0.1493,15.1084,-2.2256,True
16875.0,0,Champions,0.3553,-6.5858,6.6527,True
16876.0,1,Loyal Customers,0.138,15.4809,-3.2816,True
16877.0,4,Lost,0.3194,-3.1124,0.199,False
16878.0,4,Lost,0.2664,17.9236,14.6251,False
16880.0,4,Lost,0.3301,-5.6855,2.288,False
16881.0,4,Lost,0.279,16.3663,14.2416,False
16882.0,4,Lost,0.2876,5.5609,9.691,False
16883.0,0,Champions,0.3014,-8.6478,6.6766,True
16884.0,4,Lost,0.3069,1.1918,8.648,False
16885.0,4,Lost,0.3113,2.4501,7.9328,False
16886.0,1,Loyal Customers,0.1168,13.3225,-4.6715,True
16887.0,4,Lost,0.3,5.4123,10.4403,False
16888.0,1,Loyal Customers,0.1482,5.2737,4.0285,True
16889.0,4,Lost,0.2678,-1.5158,4.4382,False
16890.0,1,Loyal Customers,0.1153,4.0183,1.9565,True
16891.0,0,Champions,0.3522,-7.6993,4.1336,True
16892.0,4,Lost,0.3252,-4.5581,0.9448,False
16893.0,1,Loyal Customers,0.1591,8.3629,-0.6872,True
16894.0,1,Loyal Customers,0.1192,4.633,1.6361,True
16895.0,4,Lost,0.2991,0.6838,5.5961,False
16896.0,1,Loyal Customers,0.0762,10.6976,-6.5409,True
16897.0,1,Loyal Customers,0.1852,11.303,5.3476,True
16898.0,4,Lost,0.3135,0.8581,6.0617,False
16899.0,4,Lost,0.3378,-5.8493,2.0758,False
16900.0,4,Lost,0.3104,6.4642,10.641,False
16901.0,1,Loyal Customers,0.0068,3.1518,-6.109,True
16902.0,4,Lost,0.2763,8.7457,8.6539,False
16903.0,4,Lost,0.3079,6.7184,9.9215,False
16904.0,0,Champions,0.4178,-8.5803,8.5437,True
16905.0,0,Champions,0.4062,-8.0779,8.1824,True
16906.0,4,Lost,0.3015,-4.7713,1.7673,False
16907.0,4,Lost,0.3315,-6.6834,2.8489,False
16908.0,1,Loyal Customers,0.0103,3.5133,-6.0595,True
16909.0,4,Lost,0.2762,16.6271,14.2818,False
16910.0,4,Lost,0.3366,-5.9434,2.0605,False
16911.0,1,Loyal Customers,0.0478,4.5612,-0.5065,True
16912.0,0,Champions,0.384,-7.8916,7.4498,True
16913.0,1,Loyal Customers,0.1932,4.9121,5.7353,True
16914.0,4,Lost,0.2886,16.7564,15.7793,False
16915.0,4,Lost,0.3424,-7.5679,3.7099,False
16916.0,4,Lost,0.3133,1.1152,8.7603,False
16917.0,4,Lost,0.2154,6.5063,6.9392,False
16918.0,0,Champions,0.3608,-8.4584,6.4757,True
16919.0,0,Champions,0.3634,-8.8181,8.4638,True
16920.0,1,Loyal Customers,0.1381,13.7662,-2.8468,True
16921.0,4,Lost,0.2866,4.5287,9.5932,False
16922.0,1,Loyal Customers,0.0757,8.7918,-6.0306,True
16923.0,3,New Customers,0.5536,-8.7716,12.5237,False
16924.0,4,Lost,0.3083,6.4324,10.7501,False
16925.0,1,Loyal Customers,0.0826,11.0519,-6.188,True
16926.0,1,Loyal Customers,0.1787,0.6317,3.3409,True
16927.0,4,Lost,0.2655,5.2015,8.738,False
16928.0,0,Champions,0.393,-8.9419,8.1972,True
16929.0,4,Lost,0.3312,-4.6841,1.3105,False
16930.0,4,Lost,0.2999,4.4126,10.3775,False
16931.0,0,Champions,0.4238,-8.7728,8.4838,True
16932.0,4,Lost,0.2898,4.5166,9.6237,False
16933.0,0,Champions,0.3629,-5.9105,4.3822,True
16934.0,4,Lost,0.319,-2.3651,2.1986,False
16935.0,1,Loyal Customers,0.1573,5.2352,4.0342,True
16936.0,4,Lost,0.2997,11.9419,9.8925,False
16937.0,1,Loyal Customers,0.1003,11.8051,-5.1958,True
16938.0,0,Champions,0.4119,-6.223,8.7046,True
16939.0,1,Loyal Customers,0.1126,4.0393,1.9358,True
16940.0,0,Champions,0.3837,-5.6242,7.7999,True
16941.0,1,Loyal Customers,0.052,8.895,-7.4335,True
16942.0,4,Lost,0.3409,-6.6257,2.9508,False
16943.0,4,Lost,0.2417,1.094,4.2365,False
16944.0,1,Loyal Customers,0.0538,8.8872,-7.4061,True
16945.0,3,New Customers,0.4866,-9.1268,11.4785,False
16946.0,1,Loyal Customers,0.1711,0.7447,3.2464,True
16947.0,4,Lost,0.2273,1.335,4.2912,False
16948.0,4,Lost,0.2705,-0.9496,1.9975,False
16949.0,4,Lost,0.3286,-2.5846,0.6883,False
16950.0,0,Champions,0.3508,-6.003,5.6286,True
16951.0,4,Lost,0.2678,6.3686,7.8767,False
16952.0,4,Lost,0.2768,1.1384,5.4096,False
16953.0,4,Lost,0.2885,16.9171,16.5572,False
16954.0,0,Champions,0.4295,-8.3886,9.0776,True
16955.0,4,Lost,0.2553,-1.0135,2.4702,False
16956.0,4,Lost,0.2972,15.7728,15.876,False
16957.0,4,Lost,0.2113,11.5324,5.9633,False
16958.0,1,Loyal Customers,0.1345,12.5935,-2.4005,True
16959.0,4,Lost,0.2666,17.9073,14.4419,False
16960.0,4,Lost,0.3295,-5.5817,2.5243,False
16961.0,4,Lost,0.2689,5.6034,8.6565,False
16962.0,1,Loyal Customers,0.1371,14.7875,-3.2224,True
16963.0,4,Lost,0.2258,18.2341,11.6934,False
16964.0,1,Loyal Customers,0.0077,4.3469,-0.5904,True
16965.0,4,Lost,0.2108,18.2619,10.6504,False
16966.0,4,Lost,0.3412,-4.3405,2.6417,False
16967.0,4,Lost,0.2279,17.6294,11.7171,False
16968.0,4,Lost,0.3072,12.6931,10.2655,False
16969.0,4,Lost,0.2983,5.3812,10.3014,False
16970.0,1,Loyal Customers,0.0469,8.6426,-7.5001,True
16971.0,4,Lost,0.2898,15.9392,15.1648,False
16972.0,1,Loyal Customers,0.1578,6.9555,0.8894,True
16973.0,1,Loyal Customers,0.1452,15.8138,-2.5793,True
16974.0,1,Loyal Customers,0.0952,5.5264,-0.4833,True
16975.0,1,Loyal Customers,0.1459,4.9368,2.7918,True
16976.0,1,Loyal Customers,0.1952,18.0565,9.891,True
16977.0,1,Loyal Customers,0.154,2.5127,2.9526,True
16978.0,4,Lost,0.284,5.6616,9.5791,False
16979.0,0,Champions,0.3573,-6.0436,4.1106,True
16980.0,4,Lost,0.2216,6.1736,6.8841,False
16982.0,4,Lost,0.2808,16.3976,14.4713,False
16983.0,0,Champions,0.3701,-7.0176,5.9281,True
16984.0,3,New Customers,0.4301,-7.2015,11.4964,False
16985.0,3,New Customers,0.496,-8.2484,11.7017,False
16986.0,0,Champions,0.3792,-6.5928,7.1591,True
16987.0,0,Champions,0.3583,-7.5392,4.7038,True
16988.0,4,Lost,0.306,12.9307,10.2315,False
16989.0,4,Lost,0.3253,-2.7415,0.3822,False
16990.0,4,Lost,0.2185,11.9764,6.3941,False
16991.0,1,Loyal Customers,0.1433,12.5032,-2.2389,True
16992.0,0,Champions,0.3998,-6.882,8.041,True
16993.0,1,Loyal Customers,0.1407,5.3996,1.7197,True
16996.0,0,Champions,0.3368,-6.4153,3.2992,True
16997.0,1,Loyal Customers,0.1978,5.2015,5.9698,True
16998.0,4,Lost,0.2548,1.6894,5.1209,False
16999.0,4,Lost,0.3001,12.3071,10.2009,False
17000.0,1,Loyal Customers,0.1474,7.9854,-0.3826,True
17001.0,3,New Customers,0.4345,-8.1998,9.4151,False
17002.0,0,Champions,0.3151,-4.2518,3.305,True
17003.0,1,Loyal Customers,0.1556,2.3978,2.8164,True
17004.0,4,Lost,0.322,-1.9836,5.4397,False
17005.0,1,Loyal Customers,0.1214,6.2955,0.1749,True
17006.0,4,Lost,0.3379,-5.8572,2.0716,False
17007.0,4,Lost,0.3097,-4.6499,1.1121,False
17008.0,1,Loyal Customers,0.1271,14.2546,-4.4182,True
17009.0,1,Loyal Customers,0.0797,10.4195,-6.1013,True
17010.0,4,Lost,0.2957,16.3117,16.4242,False
17011.0,4,Lost,0.3022,5.4891,10.6675,False
17012.0,1,Loyal Customers,0.0109,4.0376,-6.0572,True
17014.0,4,Lost,0.31,5.3613,10.9209,False
17015.0,4,Lost,0.3185,8.1231,8.7697,False
17016.0,1,Loyal Customers,0.0733,8.8218,-6.0547,True
17017.0,3,New Customers,0.5597,-8.4755,12.5523,False
17018.0,4,Lost,0.3271,-2.479,2.6804,False
17019.0,0,Champions,0.375,-6.8943,6.0949,True
17020.0,1,Loyal Customers,0.0952,5.402,0.3947,True
17021.0,1,Loyal Customers,0.1491,0.335,2.9537,True
17022.0,4,Lost,0.2938,13.426,9.5491,False
17023.0,1,Loyal Customers,0.1467,4.7301,2.6812,True
17024.0,4,Lost,0.2883,4.2468,9.8968,False
17025.0,4,Lost,0.3059,-0.1869,5.6414,False
17026.0,4,Lost,0.233,4.9552,8.2112,False
17027.0,4,Lost,0.3061,-6.5641,2.4775,False
17028.0,1,Loyal Customers,0.0907,4.8643,1.1774,True
17029.0,4,Lost,0.2991,-4.8855,2.6434,False
17030.0,4,Lost,0.2763,17.6763,15.0622,False
17031.0,0,Champions,0.3455,-3.1583,4.1609,True
17032.0,0,Champions,0.1357,-0.8285,3.6256,True
17033.0,4,Lost,0.2909,0.4227,8.1595,False
17034.0,4,Lost,0.3212,0.1953,6.2197,False
17035.0,4,Lost,0.2161,2.9873,5.2122,False
17036.0,1,Loyal Customers,0.1471,15.3856,-2.4042,True
17037.0,4,Lost,0.2818,15.6054,13.3212,False
17038.0,4,Lost,0.3007,11.1236,9.6338,False
17039.0,1,Loyal Customers,0.0813,5.2677,1.3569,True
17040.0,4,Lost,0.253,11.9396,7.5041,False
17041.0,4,Lost,0.3246,-2.3896,1.4623,False
17042.0,4,Lost,0.3232,0.8434,6.1903,False
17043.0,0,Champions,0.3402,-5.24,3.7235,True
17044.0,3,New Customers,0.4795,-7.4639,11.881,False
17045.0,4,Lost,0.2756,1.0888,5.3361,False
17046.0,4,Lost,0.2723,-0.8969,5.0015,False
17047.0,4,Lost,0.3092,-2.4284,2.8326,False
17048.0,4,Lost,0.2953,-4.8987,2.6062,False
17049.0,3,New Customers,0.4785,-7.8903,11.2671,False
17050.0,0,Champions,0.3497,-6.4275,6.7449,True
17051.0,4,Lost,0.2386,2.7947,5.3139,False
17052.0,4,Lost,0.2946,15.7045,15.0754,False
17053.0,4,Lost,0.2539,17.092,13.0804,False
17054.0,4,Lost,0.3173,0.0864,6.1336,False
17055.0,1,Loyal Customers,0.1223,13.3516,-4.1493,True
17056.0,1,Loyal Customers,0.0021,2.7857,-6.1594,True
17057.0,1,Loyal Customers,0.0621,9.1238,-6.3967,True
17058.0,4,Lost,0.288,6.4629,8.9733,False
17059.0,0,Champions,0.3839,-5.8032,7.6343,True
17060.0,1,Loyal Customers,0.1954,18.0597,9.8829,True
17061.0,0,Champions,0.366,-6.438,7.4141,True
17062.0,4,Lost,0.2015,0.0421,2.89,False
17063.0,0,Champions,0.3709,-7.8844,6.4256,True
17064.0,4,Lost,0.293,5.8821,9.685,False
17065.0,1,Loyal Customers,0.0461,4.5955,-0.5585,True
17066.0,1,Loyal Customers,0.0083,3.3393,-6.0789,True
17067.0,1,Loyal Customers,0.0168,4.3826,-0.3191,True
17068.0,3,New Customers,0.5336,-9.2999,12.0381,False
17069.0,0,Champions,0.3997,-7.0508,8.2363,True
17070.0,4,Lost,0.2625,11.9612,7.6871,False
17071.0,0,Champions,0.3702,-7.8076,6.595,True
17072.0,1,Loyal Customers,0.0501,8.2874,-7.0823,True
17073.0,4,Lost,0.3201,0.1624,8.6909,False
17074.0,1,Loyal Customers,0.0743,10.1259,-6.3453,True
17075.0,0,Champions,0.3457,-7.2366,3.7913,True
17076.0,4,Lost,0.315,-2.6482,0.6117,False
17077.0,1,Loyal Customers,0.0696,9.4769,-6.2735,True
17078.0,4,Lost,0.2933,12.9591,9.5949,False
17079.0,4,Lost,0.2703,17.8935,14.6732,False
17080.0,4,Lost,0.3193,-4.6248,1.0089,False
17081.0,4,Lost,0.3157,-3.0149,0.2273,False
17082.0,0,Champions,0.3634,-4.6032,6.4897,True
17083.0,0,Champions,0.3307,-5.4653,5.7259,True
17084.0,0,Champions,0.3616,-4.3515,6.4742,True
17085.0,3,New Customers,0.4242,-8.9785,10.8477,False
17086.0,4,Lost,0.3377,-2.3929,2.104,False
17087.0,1,Loyal Customers,0.0034,3.1993,-6.0951,True
17088.0,4,Lost,0.3234,-0.2888,7.9947,False
17089.0,1,Loyal Customers,0.1452,15.7898,-2.5601,True
17090.0,0,Champions,0.3712,-8.1586,5.6471,True
17091.0,3,New Customers,0.4496,-8.1316,10.2303,False
17092.0,0,Champions,0.3806,-6.3385,7.7127,True
17093.0,1,Loyal Customers,0.0625,9.2767,-6.6727,True
17094.0,1,Loyal Customers,0.1774,11.1182,5.411,True
17095.0,0,Champions,0.3407,-4.1927,3.3837,True
17096.0,0,Champions,0.37,-7.0126,5.946,True
17097.0,4,Lost,0.3375,-6.528,2.4284,False
17098.0,1,Loyal Customers,0.158,5.2245,4.0193,True
17099.0,1,Loyal Customers,0.0916,12.0651,-3.8308,True
17100.0,4,Lost,0.3087,10.3649,9.3339,False
17101.0,4,Lost,0.3451,-4.2147,3.2713,False
17102.0,1,Loyal Customers,0.1942,18.5942,10.0539,True
17103.0,1,Loyal Customers,0.0126,4.1101,-6.0689,True
17104.0,1,Loyal Customers,0.1344,13.0317,-2.937,True
17105.0,4,Lost,0.2472,11.1444,7.1083,False
17106.0,1,Loyal Customers,0.1489,13.5437,-2.2173,True
17107.0,3,New Customers,0.527,-7.8636,12.9356,False
17108.0,1,Loyal Customers,0.0328,7.4114,-7.3875,True
17109.0,4,Lost,0.3235,-6.2787,2.0645,False
17110.0,4,Lost,0.2452,5.1282,8.4331,False
17111.0,4,Lost,0.2902,12.3437,9.2821,False
17112.0,1,Loyal Customers,0.0987,11.7483,-5.244,True
17113.0,1,Loyal Customers,0.1109,-0.5001,3.524,True
17114.0,4,Lost,0.3262,-6.231,1.936,False
17115.0,0,Champions,0.3494,-4.169,3.6321,True
17116.0,1,Loyal Customers,0.0422,7.9122,-6.3992,True
17117.0,1,Loyal Customers,0.1849,18.1463,9.069,True
17118.0,1,Loyal Customers,0.1732,17.7363,8.8019,True
17119.0,4,Lost,0.3098,11.7082,10.1737,False
17120.0,4,Lost,0.2098,17.9561,10.4629,False
17121.0,1,Loyal Customers,0.1408,14.1539,-2.6677,True
17122.0,4,Lost,0.2672,2.5922,6.1545,False
17123.0,4,Lost,0.2527,5.9067,7.77,False
17124.0,4,Lost,0.2292,17.6644,11.7707,False
17125.0,4,Lost,0.2836,16.6704,15.3096,False
17126.0,4,Lost,0.2865,-5.8722,2.9437,False
17127.0,1,Loyal Customers,0.1515,0.7909,3.1246,True
17128.0,1,Loyal Customers,0.1663,17.6663,8.7838,True
17129.0,1,Loyal Customers,0.0894,11.7296,-5.794,True
17131.0,4,Lost,0.3416,-1.8949,5.5256,False
17132.0,1,Loyal Customers,0.1363,6.086,1.3351,True
17133.0,3,New Customers,0.5192,-7.6447,12.465,False
17134.0,4,Lost,0.2705,5.2729,8.7695,False
17135.0,0,Champions,0.3426,-7.3716,3.6314,True
17136.0,1,Loyal Customers,0.0344,7.4612,-7.1577,True
17137.0,1,Loyal Customers,0.159,0.3236,2.9275,True
17138.0,0,Champions,0.2629,-5.4065,6.5566,True
17139.0,2,At Risk,0.6187,-8.3061,13.2479,False
17140.0,1,Loyal Customers,0.2063,17.5142,10.4549,True
17141.0,1,Loyal Customers,0.1481,2.5335,2.7848,True
17142.0,4,Lost,0.228,2.2182,4.6234,False
17143.0,1,Loyal Customers,0.1459,6.6284,0.9219,True
17144.0,4,Lost,0.3158,10.3374,9.3343,False
17145.0,1,Loyal Customers,0.1415,-1.4374,3.9452,True
17146.0,0,Champions,0.3664,-6.8726,8.2863,True
17147.0,0,Champions,0.3542,-5.9258,4.3844,True
17148.0,4,Lost,0.2809,17.5673,15.6076,False
17149.0,1,Loyal Customers,0.119,13.4563,-4.5673,True
17150.0,1,Loyal Customers,0.1781,0.1958,2.9386,True
17151.0,1,Loyal Customers,0.0047,3.2234,-6.0912,True
17152.0,4,Lost,0.2559,-0.9998,4.8647,False
17153.0,4,Lost,0.2935,16.2426,16.2746,False
17154.0,4,Lost,0.2743,16.9182,14.2495,False
17155.0,4,Lost,0.32,-4.6035,0.9612,False
17156.0,1,Loyal Customers,0.1084,12.2543,-3.7534,True
17157.0,0,Champions,0.4115,-8.2638,8.4029,True
17158.0,4,Lost,0.3241,-1.0528,5.8071,False
17159.0,4,Lost,0.3298,-1.1974,5.8205,False
17160.0,3,New Customers,0.4657,-7.736,11.3138,False
17161.0,1,Loyal Customers,0.1315,12.5421,-2.3771,True
17162.0,4,Lost,0.3341,-7.3836,3.5145,False
17163.0,4,Lost,0.3083,2.4097,7.9008,False
17164.0,4,Lost,0.3353,-4.2583,3.1644,False
17165.0,4,Lost,0.2216,-0.7421,2.939,False
17166.0,4,Lost,0.2898,13.4172,9.3084,False
17167.0,1,Loyal Customers,0.1626,5.1409,3.1916,True
17168.0,1,Loyal Customers,0.1029,12.2984,-4.0757,True
17169.0,4,Lost,0.2974,6.5719,9.1699,False
17170.0,1,Loyal Customers,0.1532,8.2373,-0.883,True
17171.0,1,Loyal Customers,0.1906,11.341,5.4416,True
17172.0,4,Lost,0.2862,6.1922,9.1757,False
17173.0,0,Champions,0.3667,-4.9873,5.38,True
17174.0,4,Lost,0.2126,18.3622,11.0662,False
17175.0,4,Lost,0.3095,0.3488,8.5551,False
17176.0,4,Lost,0.2354,5.6892,7.2303,False
17177.0,1,Loyal Customers,0.0967,11.8808,-5.5011,True
17178.0,1,Loyal Customers,0.0091,4.1802,-6.0905,True
17179.0,4,Lost,0.2608,-1.1581,2.5994,False
17180.0,0,Champions,0.333,-7.6244,4.4586,True
17181.0,4,Lost,0.2885,4.544,9.5953,False
17182.0,1,Loyal Customers,0.1352,7.596,-0.7376,True
17183.0,0,Champions,0.3549,-3.7468,4.8658,True
17184.0,1,Loyal Customers,0.0742,5.1421,-0.5597,True
17185.0,1,Loyal Customers,0.0678,4.6552,0.0348,True
17186.0,4,Lost,0.2857,13.3994,9.2684,False
17187.0,4,Lost,0.2169,11.4773,6.0092,False
17188.0,0,Champions,0.3879,-7.4223,7.2374,True
17189.0,4,Lost,0.2802,0.9506,5.3621,False
17190.0,4,Lost,0.3149,-4.7497,2.0887,False
17191.0,0,Champions,0.3892,-7.8375,7.7255,True
17192.0,1,Loyal Customers,0.0835,11.1734,-6.1343,True
17193.0,0,Champions,0.3369,-6.3742,3.4638,True
17194.0,4,Lost,0.2049,5.4653,6.5176,False
17195.0,1,Loyal Customers,0.0417,7.886,-6.1065,True
17196.0,1,Loyal Customers,0.1312,13.3948,-3.4742,True
17197.0,4,Lost,0.3019,15.5759,13.427,False
17198.0,4,Lost,0.312,7.1795,9.3862,False
17199.0,1,Loyal Customers,0.0657,9.7715,-6.9758,True
17200.0,1,Loyal Customers,0.1553,2.5098,3.0143,True
17201.0,4,Lost,0.3027,0.8536,8.583,False
17202.0,1,Loyal Customers,0.1314,14.7503,-3.9497,True
17203.0,0,Champions,0.3836,-6.0308,7.6968,True
17204.0,0,Champions,0.3236,-5.7299,7.383,True
17205.0,4,Lost,0.2969,6.369,9.5435,False
17206.0,4,Lost,0.2816,17.2081,15.1148,False
17207.0,1,Loyal Customers,0.0394,7.6585,-6.6486,True
17208.0,1,Loyal Customers,0.141,15.7802,-3.0667,True
17209.0,1,Loyal Customers,0.0498,4.4372,-0.2092,True
17210.0,1,Loyal Customers,0.144,14.8196,-2.5558,True
17211.0,0,Champions,0.374,-7.7073,6.8235,True
17212.0,4,Lost,0.2132,5.5229,6.6593,False
17213.0,0,Champions,0.3841,-6.982,7.6412,True
17214.0,4,Lost,0.3029,-2.9837,0.6398,False
17215.0,1,Loyal Customers,0.1143,13.0764,-4.7297,True
17216.0,1,Loyal Customers,0.076,10.7282,-6.5336,True
17217.0,4,Lost,0.2107,11.948,6.0581,False
17218.0,0,Champions,0.3977,-8.3958,7.4313,True
17219.0,4,Lost,0.2933,13.4023,9.5079,False
17220.0,0,Champions,0.4009,-8.6022,7.8887,True
17221.0,4,Lost,0.3207,0.9654,6.1607,False
17222.0,4,Lost,0.3081,-2.4076,1.341,False
17223.0,1,Loyal Customers,0.1911,5.5393,6.235,True
17224.0,1,Loyal Customers,0.0981,11.9608,-5.4941,True
17225.0,1,Loyal Customers,0.0656,9.7492,-7.0121,True
17226.0,1,Loyal Customers,0.1919,5.5758,6.2604,True
17227.0,0,Champions,0.3473,-7.8978,4.3259,True
17228.0,0,Champions,0.3667,-8.1842,5.6447,True
17229.0,4,Lost,0.2681,13.0115,8.5332,False
17230.0,3,New Customers,0.3696,-7.7141,11.1716,False
17231.0,3,New Customers,0.4525,-8.7759,10.2788,False
17232.0,4,Lost,0.3073,12.8058,10.2689,False
17233.0,4,Lost,0.2987,4.9866,10.4685,False
17234.0,4,Lost,0.228,18.1726,11.8179,False
17235.0,4,Lost,0.3334,-5.641,2.3743,False
17236.0,0,Champions,0.3485,-7.8924,4.2951,True
17237.0,4,Lost,0.3169,1.5281,8.6605,False
17238.0,3,New Customers,0.4814,-9.1044,11.3052,False
17239.0,4,Lost,0.1967,1.8117,3.5766,False
17240.0,1,Loyal Customers,0.0599,9.3889,-7.1354,True
17241.0,0,Champions,0.2083,-6.4794,5.9555,True
17242.0,4,Lost,0.3055,-2.3596,5.1033,False
17243.0,2,At Risk,0.7515,-9.0949,13.2997,False
17244.0,4,Lost,0.3135,-0.7282,5.6761,False
17245.0,4,Lost,0.2245,11.9898,6.5389,False
17246.0,1,Loyal Customers,0.081,5.3439,-0.6274,True
17247.0,4,Lost,0.2981,15.837,16.0317,False
17248.0,4,Lost,0.2615,11.8127,7.7631,False
17249.0,1,Loyal Customers,0.1269,14.2752,-4.424,True
17250.0,4,Lost,0.3064,12.9166,10.2362,False
17251.0,1,Loyal Customers,0.1688,5.1616,3.305,True
17252.0,4,Lost,0.2601,12.1486,7.5217,False
17253.0,4,Lost,0.2955,16.378,16.4629,False
17254.0,4,Lost,0.3097,4.6036,10.636,False
17255.0,4,Lost,0.302,2.1466,7.939,False
17256.0,4,Lost,0.2735,1.6437,5.5592,False
17257.0,1,Loyal Customers,0.1282,7.5188,-0.923,True
17258.0,1,Loyal Customers,0.1471,7.9799,-0.387,True
17259.0,4,Lost,0.2782,-1.5561,2.6874,False
17260.0,1,Loyal Customers,0.1349,15.5091,-3.3558,True
17261.0,1,Loyal Customers,0.0962,11.5667,-5.3061,True
17262.0,0,Champions,0.3414,-7.4394,4.8897,True
17263.0,4,Lost,0.2167,18.3503,11.1879,False
17264.0,1,Loyal Customers,0.1318,13.5378,-3.644,True
17265.0,4,Lost,0.254,11.8071,7.6582,False
17266.0,4,Lost,0.3165,1.541,6.0428,False
17267.0,4,Lost,0.2555,12.1664,7.426,False
17268.0,0,Champions,0.3047,-7.6081,4.0847,True
17269.0,1,Loyal Customers,0.1507,13.3948,-2.2335,True
17270.0,1,Loyal Customers,0.1204,6.5342,-0.1161,True
17271.0,1,Loyal Customers,0.004,3.2056,-6.1116,True
17272.0,4,Lost,0.3198,-0.3274,7.93,False
17273.0,1,Loyal Customers,0.1299,14.667,-4.0293,True
17274.0,4,Lost,0.2964,11.8542,9.7047,False
17275.0,1,Loyal Customers,0.1462,15.8157,-2.5452,True
17276.0,1,Loyal Customers,0.1438,13.3652,-2.3808,True
17277.0,4,Lost,0.2246,10.7767,6.4951,False
17278.0,4,Lost,0.2086,11.8726,5.9661,False
17279.0,4,Lost,0.2793,17.3528,15.0757,False
17280.0,1,Loyal Customers,0.1239,13.8518,-4.4095,True
17281.0,1,Loyal Customers,0.1715,0.749,3.0049,True
17282.0,4,Lost,0.2891,-1.5086,5.0374,False
17283.0,1,Loyal Customers,0.1489,15.3216,-2.304,True
17284.0,0,Champions,0.3312,-5.2308,3.8864,True
17285.0,1,Loyal Customers,0.0534,4.617,-0.4184,True
17286.0,4,Lost,0.3017,4.4476,10.4568,False
17287.0,0,Champions,0.3951,-8.6024,7.7438,True
17288.0,0,Champions,0.3554,-7.563,4.6819,True
17289.0,0,Champions,0.3354,-6.4381,3.2405,True
17290.0,4,Lost,0.3364,-5.9516,2.0591,False
17291.0,1,Loyal Customers,0.1826,17.2607,9.8878,True
17292.0,1,Loyal Customers,0.1147,6.8552,-0.8706,True
17293.0,0,Champions,0.3879,-8.4539,6.9465,True
17294.0,1,Loyal Customers,0.0372,4.4797,-0.4211,True
17295.0,4,Lost,0.3011,4.9863,10.495,False
17296.0,1,Loyal Customers,0.0082,3.9063,-6.0367,True
17297.0,4,Lost,0.2952,16.6034,16.6699,False
17298.0,4,Lost,0.2822,0.9592,5.3669,False
17299.0,4,Lost,0.3216,-2.9168,0.2414,False
17300.0,1,Loyal Customers,0.1492,8.0359,-0.3976,True
17301.0,4,Lost,0.2988,13.19,9.9174,False
17302.0,4,Lost,0.3196,0.5915,6.2063,False
17303.0,1,Loyal Customers,0.157,14.9503,-2.1238,True
17304.0,1,Loyal Customers,0.0848,11.1805,-6.1013,True
17305.0,1,Loyal Customers,0.0655,5.2509,1.3907,True
17306.0,3,New Customers,0.478,-8.1325,11.2545,False
17307.0,0,Champions,0.2188,-6.3772,6.3038,True
17308.0,0,Champions,0.2042,-1.7142,4.0427,True
17309.0,4,Lost,0.2712,4.6805,9.3255,False
17310.0,1,Loyal Customers,0.1594,6.5882,1.222,True
17311.0,0,Champions,0.3294,-3.8046,5.232,True
17312.0,4,Lost,0.2575,5.2707,8.6145,False
17313.0,4,Lost,0.3193,8.4456,8.682,False
17314.0,0,Champions,0.3963,-8.0862,8.1046,True
17315.0,3,New Customers,0.5344,-9.2893,11.9291,False
17316.0,1,Loyal Customers,0.1313,14.688,-4.0269,True
17317.0,4,Lost,0.3218,-2.1495,5.5282,False
17318.0,1,Loyal Customers,0.0079,2.8162,-6.2073,True
17319.0,1,Loyal Customers,0.0288,6.9362,-7.7875,True
17320.0,0,Champions,0.3113,-3.3895,4.3395,True
17321.0,4,Lost,0.3331,-2.3753,1.5614,False
17322.0,1,Loyal Customers,0.1699,0.9733,3.1718,True
17323.0,0,Champions,0.3427,-7.7888,4.0913,True
17324.0,0,Champions,0.3515,-7.9628,4.5406,True
17325.0,1,Loyal Customers,0.1998,5.1041,5.8911,True
17326.0,1,Loyal Customers,0.1414,7.8209,-0.6578,True
17327.0,1,Loyal Customers,0.1382,7.8722,-0.9696,True
17328.0,1,Loyal Customers,0.0282,6.9824,-7.6963,True
17329.0,4,Lost,0.3182,0.9143,6.1395,False
17330.0,4,Lost,0.3042,2.6767,7.4191,False
17331.0,4,Lost,0.2523,17.8432,13.3372,False
17332.0,1,Loyal Customers,0.107,4.0714,1.3741,True
17333.0,4,Lost,0.2721,16.5009,13.8897,False
17334.0,1,Loyal Customers,0.1912,5.1976,5.9163,True
17335.0,1,Loyal Customers,0.1536,7.5396,0.4602,True
17336.0,1,Loyal Customers,0.1096,12.7897,-4.9588,True
17337.0,4,Lost,0.2739,-1.0833,4.9581,False
17338.0,3,New Customers,0.4976,-7.7134,11.9163,False
17339.0,4,Lost,0.272,4.6881,9.3252,False
17340.0,2,At Risk,0.6338,-8.2631,13.4674,False
17341.0,4,Lost,0.2721,-0.8877,5.02,False
17342.0,1,Loyal Customers,0.17,1.4612,3.1414,True
17343.0,1,Loyal Customers,0.1855,0.1722,2.8954,True
17344.0,4,Lost,0.2905,12.3962,9.2806,False
17345.0,4,Lost,0.3383,-7.351,3.43,False
17346.0,0,Champions,0.4328,-8.8575,8.4806,True
17347.0,4,Lost,0.2685,17.4563,14.2642,False
17348.0,0,Champions,0.3476,-6.3085,3.6285,True
17349.0,4,Lost,0.2491,1.3342,4.6377,False
17350.0,4,Lost,0.3378,-4.4166,2.293,False
17351.0,0,Champions,0.3399,-7.8948,4.3066,True
17352.0,1,Loyal Customers,0.0179,6.7167,-7.6977,True
17353.0,0,Champions,0.2993,-2.6411,5.2958,True
17354.0,4,Lost,0.3297,-2.624,5.4547,False
17355.0,1,Loyal Customers,0.1473,14.6288,-2.3648,True
17356.0,4,Lost,0.1963,1.4442,3.6832,False
17357.0,4,Lost,0.2983,12.9503,9.791,False
17358.0,4,Lost,0.1988,1.4734,3.743,False
17359.0,4,Lost,0.3022,13.3977,10.0346,False
17360.0,4,Lost,0.3225,-2.6149,0.6129,False
17361.0,4,Lost,0.3023,1.19,5.8535,False
17362.0,4,Lost,0.232,-0.5727,2.3781,False
17363.0,1,Loyal Customers,0.1575,5.0863,3.0314,True
17364.0,3,New Customers,0.5304,-8.5514,12.1833,False
17365.0,3,New Customers,0.4412,-7.3539,10.4268,False
17366.0,1,Loyal Customers,0.1421,6.3759,1.0972,True
17367.0,1,Loyal Customers,0.2059,18.3521,10.499,True
17368.0,0,Champions,0.3615,-8.4109,5.7917,True
17369.0,1,Loyal Customers,0.1283,12.5199,-2.3415,True
17370.0,4,Lost,0.2842,2.5867,6.5574,False
17371.0,4,Lost,0.3148,-3.1932,0.2566,False
17372.0,0,Champions,0.4099,-8.9366,8.2097,True
17373.0,4,Lost,0.3148,-4.6484,1.0994,False
17374.0,4,Lost,0.2262,5.5292,7.1444,False
17375.0,4,Lost,0.2359,2.8335,5.2874,False
17376.0,4,Lost,0.2851,2.5761,6.5441,False
17377.0,2,At Risk,0.7297,-9.1477,13.1637,False
17378.0,1,Loyal Customers,0.1485,15.7668,-2.4434,True
17379.0,4,Lost,0.3014,15.5204,15.4503,False
17380.0,1,Loyal Customers,0.1376,4.5368,2.5252,True
17382.0,4,Lost,0.3035,-6.3005,2.047,False
17383.0,4,Lost,0.3054,13.2917,10.1232,False
17384.0,4,Lost,0.3045,4.7588,10.5594,False
17385.0,4,Lost,0.2978,15.9305,16.1954,False
17386.0,0,Champions,0.3501,-4.1699,3.6802,True
17387.0,4,Lost,0.3053,11.0955,9.7312,False
17388.0,0,Champions,0.3299,-7.4959,4.836,True
17390.0,1,Loyal Customers,0.1313,14.7385,-3.9732,True
17391.0,4,Lost,0.2431,11.9717,7.1078,False
17392.0,1,Loyal Customers,0.189,5.1775,5.8738,True
17393.0,1,Loyal Customers,0.1409,7.7656,-0.5202,True
17394.0,4,Lost,0.2141,18.2908,10.7747,False
17395.0,1,Loyal Customers,0.0952,11.8995,-5.5475,True
17396.0,3,New Customers,0.436,-7.3416,10.8665,False
17397.0,4,Lost,0.3131,7.1921,9.3657,False
17398.0,4,Lost,0.2674,5.303,8.7242,False
17400.0,0,Champions,0.3299,-5.4069,6.6325,True
17401.0,1,Loyal Customers,0.082,11.0767,-6.2148,True
17402.0,0,Champions,0.4219,-8.7869,8.4805,True
17403.0,4,Lost,0.2936,12.9197,9.5922,False
17405.0,4,Lost,0.3189,6.7387,10.2772,False
17406.0,0,Champions,0.2612,-6.3171,6.4745,True
17407.0,1,Loyal Customers,0.1404,13.1887,-2.5215,True
17408.0,4,Lost,0.2433,4.9881,8.287,False
17409.0,0,Champions,0.353,-6.8776,10.7678,True
17410.0,4,Lost,0.3202,0.3413,6.2329,False
17411.0,4,Lost,0.3247,-0.0039,6.168,False
17412.0,0,Champions,0.3962,-8.1282,7.462,True
17413.0,1,Loyal Customers,0.1458,7.3434,0.2957,True
17414.0,4,Lost,0.3253,-2.4683,2.6389,False
17415.0,4,Lost,0.2747,16.4082,13.8669,False
17416.0,2,At Risk,0.5746,-8.1826,13.0838,False
17417.0,1,Loyal Customers,0.0794,10.6705,-6.2636,True
17418.0,4,Lost,0.2973,5.4164,10.2318,False
17419.0,0,Champions,0.4261,-8.1226,9.3505,True
17420.0,4,Lost,0.3071,-2.9722,0.6142,False
17421.0,1,Loyal Customers,0.1628,5.1617,3.0183,True
17422.0,0,Champions,0.3673,-7.0419,5.7978,True
17423.0,4,Lost,0.3018,6.583,9.4726,False
17425.0,4,Lost,0.3054,11.1373,9.754,False
17426.0,3,New Customers,0.4363,-7.1666,10.4883,False
17427.0,4,Lost,0.2725,17.9132,14.8633,False
17429.0,4,Lost,0.2766,0.4655,5.297,False
17430.0,4,Lost,0.3043,2.2684,7.8983,False
17431.0,1,Loyal Customers,0.1786,17.3835,9.5483,True
17432.0,4,Lost,0.3366,-6.6959,2.8791,False
17433.0,4,Lost,0.2748,11.7768,8.2537,False
17434.0,4,Lost,0.3466,-4.2937,2.9529,False
17435.0,1,Loyal Customers,0.1378,13.8347,-2.852,True
17436.0,4,Lost,0.3167,1.5357,6.0457,False
17437.0,1,Loyal Customers,0.09,10.3764,-5.7844,True
17438.0,4,Lost,0.2263,0.9662,4.0236,False
17439.0,1,Loyal Customers,0.0381,7.6213,-6.6221,True
17440.0,4,Lost,0.2484,2.652,5.9304,False
17441.0,1,Loyal Customers,0.0068,3.7491,-6.0276,True
17442.0,0,Champions,0.3826,-7.882,7.509,True
17443.0,4,Lost,0.2182,17.4513,10.7616,False
17444.0,4,Lost,0.285,-2.1484,5.0473,False
17446.0,4,Lost,0.2325,12.2948,6.8365,False
17447.0,4,Lost,0.2939,11.959,9.593,False
17448.0,2,At Risk,0.4071,-9.0358,12.8613,False
17449.0,0,Champions,0.3964,-7.1577,7.4752,True
17451.0,4,Lost,0.3382,-4.5735,2.0032,False
17453.0,4,Lost,0.3021,12.309,10.2381,False
17454.0,4,Lost,0.2656,-6.1337,2.8111,False
17455.0,4,Lost,0.2192,18.2679,11.3919,False
17456.0,1,Loyal Customers,0.1711,6.4789,1.293,True
17457.0,0,Champions,0.362,-6.9886,8.4031,True
17458.0,4,Lost,0.3039,12.1299,10.2119,False
17459.0,4,Lost,0.2943,11.5924,9.469,False
17460.0,0,Champions,0.3295,-8.3611,5.6766,True
17461.0,4,Lost,0.3062,6.3115,10.925,False
17462.0,4,Lost,0.2876,11.6142,8.9947,False
17463.0,0,Champions,0.3434,-4.1994,3.3579,True
17464.0,4,Lost,0.2547,5.9719,7.8309,False
17465.0,1,Loyal Customers,0.1765,-0.6564,3.5085,True
17466.0,4,Lost,0.3091,11.1587,9.8154,False
17467.0,1,Loyal Customers,0.1412,15.8053,-3.0621,True
17468.0,4,Lost,0.3039,4.1585,10.0745,False
17469.0,0,Champions,0.402,-8.0704,8.1999,True
17470.0,0,Champions,0.3449,-7.4146,4.9422,True
17471.0,1,Loyal Customers,0.1116,12.4901,-4.2234,True
17472.0,4,Lost,0.2428,2.6802,5.2466,False
17473.0,1,Loyal Customers,0.1448,7.2258,0.3068,True
17474.0,1,Loyal Customers,0.0706,5.2177,0.6827,True
17475.0,4,Lost,0.2709,17.6364,14.4865,False
17476.0,1,Loyal Customers,0.1485,7.5481,0.3275,True
17477.0,1,Loyal Customers,0.0692,5.0879,0.8145,True
17478.0,1,Loyal Customers,0.1542,6.2185,1.3332,True
17479.0,1,Loyal Customers,0.0483,8.1262,-6.3652,True
17480.0,4,Lost,0.2834,10.8456,8.5269,False
17481.0,4,Lost,0.3232,0.4833,8.9396,False
17482.0,1,Loyal Customers,0.1154,6.0349,0.1894,True
17483.0,4,Lost,0.2894,2.4943,6.6081,False
17484.0,1,Loyal Customers,0.0715,5.1012,-0.5134,True
17486.0,1,Loyal Customers,0.1996,17.6201,10.2696,True
17487.0,1,Loyal Customers,0.0066,2.8683,-6.2243,True
17488.0,1,Loyal Customers,0.0444,7.964,-6.4921,True
17489.0,4,Lost,0.284,12.8896,9.0706,False
17490.0,0,Champions,0.3571,-6.1061,4.0328,True
17491.0,0,Champions,0.4206,-7.8328,8.7603,True
17492.0,4,Lost,0.2197,5.931,6.8202,False
17493.0,1,Loyal Customers,0.1452,15.8431,-2.5948,True
17494.0,1,Loyal Customers,0.097,11.9899,-5.5334,True
17495.0,4,Lost,0.313,6.1932,10.9765,False
17496.0,1,Loyal Customers,0.181,1.2447,3.3559,True
17497.0,1,Loyal Customers,0.1482,8.1613,-0.8704,True
17498.0,4,Lost,0.2732,17.2186,14.4237,False
17499.0,4,Lost,0.2031,6.5362,6.7897,False
17500.0,4,Lost,0.3138,6.9003,9.9144,False
17501.0,4,Lost,0.2169,11.9895,6.2701,False
17502.0,4,Lost,0.3135,2.489,7.8901,False
17503.0,4,Lost,0.3092,11.9049,10.2147,False
17504.0,3,New Customers,0.3883,-7.6884,11.1202,False
17505.0,4,Lost,0.2774,-1.5418,4.8663,False
17506.0,4,Lost,0.2736,16.9834,14.2737,False
17507.0,1,Loyal Customers,0.2045,11.1529,5.9547,True
17508.0,0,Champions,0.2655,-5.6195,6.5407,True
17509.0,0,Champions,0.377,-5.5872,7.7144,True
17510.0,4,Lost,0.2997,12.1929,10.0978,False
17512.0,0,Champions,0.4048,-8.1645,8.4514,True
17513.0,4,Lost,0.2918,6.5171,9.0572,False
17514.0,4,Lost,0.2582,11.8326,7.6892,False
17515.0,4,Lost,0.3295,-6.7002,2.8318,False
17516.0,4,Lost,0.3196,-3.0074,0.1781,False
17517.0,1,Loyal Customers,0.1768,17.859,8.8269,True
17518.0,1,Loyal Customers,0.1341,7.6091,-0.6988,True
17519.0,0,Champions,0.3974,-7.7392,7.9537,True
17520.0,4,Lost,0.2858,15.9389,14.2741,False
17521.0,4,Lost,0.3154,0.1802,6.1136,False
17522.0,4,Lost,0.324,0.7981,6.2275,False
17523.0,4,Lost,0.3122,2.5098,7.8333,False
17524.0,1,Loyal Customers,0.1659,5.2145,4.0863,True
17525.0,1,Loyal Customers,0.1747,5.2308,2.9958,True
17526.0,0,Champions,0.382,-7.2579,6.7836,True
17527.0,4,Lost,0.2986,1.379,8.4143,False
17528.0,0,Champions,0.3665,-5.0086,5.2932,True
17529.0,1,Loyal Customers,0.0717,5.0873,0.861,True
17530.0,0,Champions,0.3698,-7.8009,5.5409,True
17531.0,4,Lost,0.2452,6.2738,7.4985,False
17532.0,1,Loyal Customers,0.1443,15.8647,-2.7086,True
17533.0,1,Loyal Customers,0.124,14.2175,-4.4527,True
17534.0,4,Lost,0.3109,-0.422,5.7146,False
17535.0,1,Loyal Customers,0.1888,18.2035,9.3325,True
17536.0,4,Lost,0.2383,4.9929,8.2573,False
17537.0,4,Lost,0.3028,10.6453,9.3848,False
17538.0,4,Lost,0.2911,16.9315,16.5197,False
17539.0,1,Loyal Customers,0.0732,4.4489,1.1591,True
17540.0,4,Lost,0.3241,-2.4245,1.2667,False
17541.0,1,Loyal Customers,0.0947,11.7962,-5.5188,True
17542.0,1,Loyal Customers,0.2002,4.8882,5.7984,True
17543.0,1,Loyal Customers,0.0784,10.789,-6.4566,True
17544.0,1,Loyal Customers,0.1598,5.1145,3.0654,True
17545.0,4,Lost,0.3149,-2.492,1.0561,False
17547.0,1,Loyal Customers,0.1599,7.1608,0.7425,True
17548.0,4,Lost,0.2226,2.8833,5.2215,False
17549.0,4,Lost,0.2951,13.6176,9.5511,False
17550.0,0,Champions,0.2746,-5.609,3.1693,True
17551.0,1,Loyal Customers,0.1586,14.5542,-2.0296,True
17552.0,0,Champions,0.345,-7.6834,5.5216,True
17553.0,0,Champions,0.3059,-3.5839,5.6469,True
17554.0,4,Lost,0.3363,-1.0616,5.8676,False
17555.0,4,Lost,0.3165,0.7723,6.1763,False
17556.0,4,Lost,0.2232,12.0294,6.4485,False
17557.0,4,Lost,0.3099,2.6277,7.5949,False
17558.0,1,Loyal Customers,0.1441,14.7965,-2.5742,True
17559.0,1,Loyal Customers,0.0941,11.6668,-5.5065,True
17560.0,4,Lost,0.3048,-5.6652,2.4481,False
17561.0,4,Lost,0.3099,2.4406,7.9782,False
17562.0,4,Lost,0.3248,-4.6428,1.065,False
17563.0,1,Loyal Customers,0.0732,5.0407,-0.3222,True
17564.0,4,Lost,0.3017,4.6282,10.5074,False
17565.0,1,Loyal Customers,0.0635,9.6261,-7.0422,True
17566.0,4,Lost,0.3118,10.4388,9.4035,False
17567.0,0,Champions,0.3899,-5.8169,7.4681,True
17568.0,1,Loyal Customers,0.0482,8.1478,-6.3875,True
17569.0,1,Loyal Customers,0.1701,17.3698,9.382,True
17570.0,1,Loyal Customers,0.1464,15.8349,-2.5598,True
17571.0,4,Lost,0.313,-0.4806,5.7339,False
17572.0,4,Lost,0.3036,-6.4941,2.3511,False
17573.0,4,Lost,0.2987,4.4178,10.3548,False
17574.0,1,Loyal Customers,0.2041,18.3253,10.4308,True
17575.0,1,Loyal Customers,0.0316,7.2766,-7.3916,True
17576.0,3,New Customers,0.519,-9.2875,11.8791,False
17577.0,1,Loyal Customers,0.0454,4.4891,-0.4542,True
17578.0,4,Lost,0.2408,-0.6044,2.3329,False
17579.0,4,Lost,0.316,2.3894,8.0794,False
17580.0,4,Lost,0.2148,1.7243,4.1848,False
17581.0,2,At Risk,0.6582,-8.8958,13.2193,False
17582.0,4,Lost,0.234,0.9743,4.0496,False
17583.0,1,Loyal Customers,0.0746,10.5063,-6.6503,True
17584.0,0,Champions,0.3818,-5.0428,7.0632,True
17585.0,4,Lost,0.2993,-4.8816,2.6285,False
17586.0,1,Loyal Customers,0.051,8.4663,-7.3978,True
17587.0,1,Loyal Customers,0.0475,8.3746,-7.4077,True
17588.0,0,Champions,0.3144,-3.8885,4.0583,True
17589.0,3,New Customers,0.5084,-7.8376,12.5005,False
17590.0,4,Lost,0.3245,7.4022,9.026,False
17591.0,0,Champions,0.3257,-5.2321,3.8863,True
17592.0,1,Loyal Customers,0.002,2.8323,-6.117,True
17593.0,3,New Customers,0.4332,-6.9936,10.7227,False
17594.0,4,Lost,0.3071,-1.953,5.3377,False
17595.0,4,Lost,0.3032,12.8907,10.191,False
17596.0,0,Champions,0.3874,-7.1322,7.4385,True
17597.0,0,Champions,0.2705,-3.1069,5.0981,True
17598.0,1,Loyal Customers,0.151,13.9964,-2.0877,True
17599.0,1,Loyal Customers,0.1068,12.6717,-5.0382,True
17600.0,4,Lost,0.2952,16.454,16.4833,False
17601.0,4,Lost,0.2114,11.4821,5.9695,False
17602.0,0,Champions,0.4327,-7.1274,9.7812,True
17603.0,4,Lost,0.3004,-0.1287,8.0432,False
17604.0,4,Lost,0.2374,-0.7199,2.1658,False
17605.0,1,Loyal Customers,0.0627,9.4979,-7.0518,True
17606.0,1,Loyal Customers,0.002,2.6984,-6.2195,True
17607.0,1,Loyal Customers,0.152,14.4108,-2.0511,True
17608.0,4,Lost,0.3011,2.6473,7.4199,False
17609.0,0,Champions,0.3342,-7.6916,4.0892,True
17610.0,1,Loyal Customers,0.1115,4.5219,1.596,True
17611.0,3,New Customers,0.4779,-8.9639,11.0189,False
17612.0,0,Champions,0.394,-8.1485,8.4083,True
17613.0,0,Champions,0.385,-7.6706,7.36,True
17614.0,4,Lost,0.2825,16.3654,14.5536,False
17615.0,4,Lost,0.2698,-0.8594,2.0379,False
17616.0,4,Lost,0.2514,2.5597,5.2119,False
17617.0,1,Loyal Customers,0.0785,9.7558,-6.0091,True
17618.0,0,Champions,0.3779,-6.8926,6.1075,True
17619.0,1,Loyal Customers,0.1765,17.727,8.8698,True
17620.0,4,Lost,0.2771,17.8454,15.2743,False
17621.0,0,Champions,0.3472,-3.5023,4.6209,True
17622.0,1,Loyal Customers,0.0751,5.1281,0.7587,True
17623.0,4,Lost,0.3341,-4.3033,3.009,False
17624.0,4,Lost,0.323,-0.0915,8.422,False
17625.0,0,Champions,0.3926,-5.5862,7.7072,True
17626.0,1,Loyal Customers,0.0587,9.1023,-6.5397,True
17627.0,1,Loyal Customers,0.1097,12.4522,-4.2897,True
17628.0,4,Lost,0.2685,17.924,14.619,False
17629.0,0,Champions,0.3535,-7.1204,4.0318,True
17630.0,4,Lost,0.2406,11.9592,7.0719,False
17631.0,4,Lost,0.328,-4.6281,1.0081,False
17633.0,4,Lost,0.3305,-4.4107,2.4603,False
17634.0,0,Champions,0.3376,-6.3333,3.4966,True
17635.0,1,Loyal Customers,0.1501,5.231,2.5578,True
17636.0,4,Lost,0.2965,15.8297,15.9516,False
17637.0,4,Lost,0.2977,11.9345,9.7722,False
17638.0,1,Loyal Customers,0.0512,4.7485,-0.1124,True
17639.0,4,Lost,0.2089,1.7183,4.0834,False
17640.0,0,Champions,0.3203,-3.3821,4.4934,True
17642.0,4,Lost,0.2862,-0.857,5.103,False
17643.0,1,Loyal Customers,0.1586,7.4898,0.5364,True
17644.0,0,Champions,0.4287,-8.3911,9.0594,True
17646.0,0,Champions,0.2948,-6.5323,6.2641,True
17647.0,4,Lost,0.2834,4.5198,9.582,False
17648.0,4,Lost,0.3155,-1.4288,5.5241,False
17649.0,4,Lost,0.2706,6.6564,7.6999,False
17650.0,4,Lost,0.2941,16.4594,16.4834,False
17651.0,0,Champions,0.4099,-7.7133,8.5779,True
17652.0,0,Champions,0.3834,-6.9084,7.3172,True
17653.0,4,Lost,0.3091,0.9583,8.6772,False
17654.0,1,Loyal Customers,0.1894,18.3545,9.5116,True
17655.0,0,Champions,0.3652,-5.4979,5.4202,True
17656.0,4,Lost,0.3033,-0.4811,5.6596,False
17657.0,1,Loyal Customers,0.1273,14.1759,-4.3196,True
17658.0,4,Lost,0.3003,11.7929,9.8696,False
17659.0,0,Champions,0.3776,-7.9741,6.7095,True
17660.0,4,Lost,0.2504,12.1263,7.3457,False
17662.0,1,Loyal Customers,0.0393,4.4745,-0.4355,True
17663.0,0,Champions,0.3996,-8.0819,8.2466,True
17664.0,4,Lost,0.3159,1.0573,8.7851,False
17665.0,1,Loyal Customers,0.1076,12.2503,-3.7614,True
17666.0,4,Lost,0.3364,-1.1394,5.8719,False
17667.0,0,Champions,0.3469,-5.4804,5.5976,True
17668.0,4,Lost,0.3071,13.0611,10.2074,False
17669.0,0,Champions,0.3884,-5.9948,8.0766,True
17670.0,4,Lost,0.2105,18.2578,10.6607,False
17671.0,4,Lost,0.3363,-1.807,5.5654,False
17672.0,0,Champions,0.3732,-5.3374,7.4098,True
17673.0,0,Champions,0.3867,-7.6043,6.9432,True
17674.0,4,Lost,0.2843,10.9188,8.5924,False
17676.0,0,Champions,0.3585,-7.0605,4.1541,True
17678.0,1,Loyal Customers,0.2037,11.1824,5.9203,True
17679.0,0,Champions,0.3422,-4.2753,5.0334,True
17680.0,4,Lost,0.3023,4.7492,10.5577,False
17681.0,1,Loyal Customers,0.0775,4.139,1.3208,True
17682.0,0,Champions,0.3815,-6.5573,6.8279,True
17683.0,1,Loyal Customers,0.1595,5.0938,3.1818,True
17684.0,4,Lost,0.2857,16.7142,15.4255,False
17685.0,0,Champions,0.4012,-6.6531,8.1367,True
17686.0,0,Champions,0.4297,-6.8059,10.8631,True
17687.0,1,Loyal Customers,0.1351,13.0997,-2.9594,True
17688.0,1,Loyal Customers,0.1443,14.4078,-2.4977,True
17689.0,1,Loyal Customers,0.1494,8.2303,-0.7878,True
17690.0,3,New Customers,0.4362,-8.3291,9.9555,False
17691.0,1,Loyal Customers,0.1728,2.292,2.9677,True
17692.0,0,Champions,0.3163,-7.316,5.3254,True
17693.0,4,Lost,0.2474,17.8141,13.1867,False
17694.0,4,Lost,0.2706,6.6584,7.699,False
17695.0,4,Lost,0.2803,-0.7971,5.0849,False
17696.0,3,New Customers,0.4534,-8.9531,10.7596,False
17697.0,1,Loyal Customers,0.209,17.8827,10.4722,True
17698.0,1,Loyal Customers,0.1964,18.4163,9.7968,True
17699.0,1,Loyal Customers,0.1149,6.6856,-0.7091,True
17700.0,0,Champions,0.4162,-6.9252,9.1518,True
17701.0,1,Loyal Customers,0.2032,17.5887,10.3568,True
17702.0,0,Champions,0.3432,-3.4532,4.5807,True
17703.0,4,Lost,0.3084,1.1848,8.6656,False
17704.0,4,Lost,0.2461,10.9783,7.0262,False
17705.0,0,Champions,0.3522,-7.7293,4.1934,True
17706.0,2,At Risk,0.6542,-8.7023,13.4543,False
17707.0,4,Lost,0.2508,-0.8329,2.1255,False
17708.0,4,Lost,0.2434,2.7117,5.2974,False
17709.0,4,Lost,0.2503,1.4375,4.6907,False
17710.0,1,Loyal Customers,0.132,13.5178,-3.6181,True
17711.0,4,Lost,0.3036,12.9121,10.2076,False
17712.0,4,Lost,0.2892,15.7958,14.5653,False
17713.0,1,Loyal Customers,0.1687,1.4784,3.1117,True
17714.0,4,Lost,0.1989,0.659,3.5502,False
17715.0,4,Lost,0.2278,11.6969,6.6253,False
17716.0,3,New Customers,0.5642,-8.178,12.9116,False
17717.0,1,Loyal Customers,0.1343,13.5191,-3.2988,True
17718.0,4,Lost,0.2145,11.4854,6.0082,False
17719.0,0,Champions,0.3927,-7.5781,8.147,True
17720.0,0,Champions,0.3496,-7.0461,4.1733,True
17721.0,1,Loyal Customers,0.0366,7.5635,-6.6548,True
17722.0,0,Champions,0.3313,-4.0711,6.0685,True
17723.0,0,Champions,0.3094,-4.3124,4.9155,True
17724.0,4,Lost,0.2905,6.3312,9.1961,False
17725.0,0,Champions,0.3652,-7.1047,5.6797,True
17726.0,1,Loyal Customers,0.1695,0.1586,2.8767,True
17727.0,4,Lost,0.3086,15.5673,13.4206,False
17728.0,0,Champions,0.3661,-3.9875,5.9901,True
17729.0,1,Loyal Customers,0.064,8.7562,-6.1563,True
17730.0,3,New Customers,0.4516,-8.2434,10.1944,False
17731.0,4,Lost,0.3038,-2.269,1.645,False
17732.0,0,Champions,0.1996,-0.7006,3.5125,True
17733.0,4,Lost,0.2964,11.337,9.6098,False
17734.0,4,Lost,0.3103,-2.5089,1.0718,False
17735.0,2,At Risk,0.5951,-8.2942,13.0962,False
17736.0,4,Lost,0.3068,4.4331,10.5421,False
17737.0,4,Lost,0.3015,13.6604,9.7151,False
17738.0,0,Champions,0.3791,-7.6335,6.9274,True
17739.0,3,New Customers,0.4424,-7.7292,10.1493,False
17740.0,1,Loyal Customers,0.1604,2.186,3.0646,True
17741.0,1,Loyal Customers,0.1388,7.9029,-0.9836,True
17742.0,0,Champions,0.3077,-7.6475,4.356,True
17743.0,1,Loyal Customers,0.1214,13.3419,-4.1832,True
17744.0,0,Champions,0.3495,-4.1736,3.4927,True
17745.0,1,Loyal Customers,0.1167,6.4713,-0.1305,True
17746.0,4,Lost,0.2225,2.6294,4.9992,False
17747.0,4,Lost,0.2554,17.9269,13.7,False
17748.0,1,Loyal Customers,0.091,10.4176,-5.7805,True
17749.0,4,Lost,0.2469,5.9426,7.6667,False
17750.0,4,Lost,0.3425,-6.6964,2.8823,False
17751.0,1,Loyal Customers,0.1314,14.7369,-3.9717,True
17752.0,1,Loyal Customers,0.1555,15.6761,-2.3428,True
17753.0,1,Loyal Customers,0.1245,2.8711,2.5341,True
17754.0,0,Champions,0.3917,-7.4281,7.2482,True
17756.0,1,Loyal Customers,0.1624,5.1631,3.409,True
17757.0,3,New Customers,0.564,-9.2747,12.4803,False
17758.0,0,Champions,0.3878,-6.8352,7.3873,True
17759.0,4,Lost,0.3207,0.2112,6.2175,False
17760.0,4,Lost,0.3163,-3.0644,0.2003,False
17761.0,4,Lost,0.2966,15.6367,14.1469,False
17762.0,1,Loyal Customers,0.1168,13.323,-4.6673,True
17763.0,4,Lost,0.2021,3.4989,5.2801,False
17764.0,4,Lost,0.3115,-0.3489,5.7115,False
17765.0,4,Lost,0.2504,2.6235,5.862,False
17766.0,1,Loyal Customers,0.152,8.3109,-0.8048,True
17767.0,4,Lost,0.3023,12.7357,10.2107,False
17768.0,0,Champions,0.3595,-4.2297,4.9108,True
17769.0,3,New Customers,0.431,-7.5502,9.7305,False
17770.0,4,Lost,0.2449,1.1786,4.4319,False
17771.0,4,Lost,0.2899,2.5906,6.5902,False
17772.0,4,Lost,0.3061,4.4307,10.5312,False
17773.0,1,Loyal Customers,0.1018,5.6172,-0.0222,True
17774.0,0,Champions,0.3259,-5.6237,4.9891,True
17775.0,1,Loyal Customers,0.1975,18.6063,10.1023,True
17776.0,1,Loyal Customers,0.1501,8.2637,-0.7348,True
17777.0,4,Lost,0.3042,5.5297,10.8411,False
17778.0,1,Loyal Customers,0.0339,7.4816,-7.3397,True
17779.0,4,Lost,0.3057,5.5492,10.899,False
17780.0,1,Loyal Customers,0.039,4.3839,-0.2855,True
17781.0,4,Lost,0.2408,12.3736,6.987,False
17782.0,1,Loyal Customers,0.1564,7.2337,0.6522,True
17783.0,4,Lost,0.2812,4.5763,9.504,False
17784.0,1,Loyal Customers,0.0783,10.7835,-6.4659,True
17785.0,4,Lost,0.2892,4.5011,9.6475,False
17786.0,4,Lost,0.2721,13.0282,8.6154,False
17787.0,4,Lost,0.2808,-1.8233,5.0365,False
17788.0,4,Lost,0.2879,10.3892,8.6767,False
17789.0,1,Loyal Customers,0.194,11.3561,5.5145,True
17790.0,0,Champions,0.3742,-8.7063,6.9315,True
17791.0,4,Lost,0.2896,16.9799,16.4332,False
17792.0,1,Loyal Customers,0.118,6.7999,-0.7966,True
17793.0,4,Lost,0.2946,15.8445,15.601,False
17794.0,1,Loyal Customers,0.0256,4.3831,-0.5413,True
17795.0,4,Lost,0.2344,12.0845,6.7676,False
17796.0,4,Lost,0.3174,-4.7108,1.5231,False
17797.0,4,Lost,0.3357,-5.6103,2.4579,False
17798.0,1,Loyal Customers,0.0663,9.7109,-6.9307,True
17799.0,0,Champions,0.4244,-8.3643,9.1809,True
17800.0,4,Lost,0.3214,-6.5363,2.3815,False
17801.0,1,Loyal Customers,0.1328,4.5466,2.4469,True
17802.0,0,Champions,0.3578,-6.1276,7.2008,True
17803.0,1,Loyal Customers,0.1435,15.2357,-2.6616,True
17804.0,1,Loyal Customers,0.1577,5.2639,4.059,True
17805.0,4,Lost,0.2853,10.7784,8.5747,False
17806.0,4,Lost,0.3033,15.5336,14.9413,False
17807.0,1,Loyal Customers,0.1507,5.2686,4.0523,True
17808.0,1,Loyal Customers,0.0882,3.9663,1.5063,True
17809.0,3,New Customers,0.4945,-7.9728,11.8528,False
17810.0,1,Loyal Customers,0.036,4.4539,-0.4427,True
17811.0,3,New Customers,0.543,-9.2925,12.0589,False
17812.0,4,Lost,0.3258,-4.6461,1.0818,False
17813.0,4,Lost,0.3286,-0.6355,5.9654,False
17814.0,1,Loyal Customers,0.1723,5.8174,1.6594,True
17815.0,1,Loyal Customers,0.1486,13.2541,-2.2072,True
17816.0,4,Lost,0.2992,1.6793,6.0806,False
17817.0,4,Lost,0.3221,-3.1236,0.1859,False
17818.0,1,Loyal Customers,0.0021,2.8101,-6.1394,True
17819.0,0,Champions,0.3879,-6.5542,8.851,True
17820.0,1,Loyal Customers,0.1508,15.3977,-2.2881,True
17821.0,1,Loyal Customers,0.1399,14.0265,-2.7341,True
17822.0,1,Loyal Customers,0.1692,-0.254,3.6713,True
17823.0,1,Loyal Customers,0.1384,7.3239,-0.1963,True
17824.0,4,Lost,0.2837,16.4377,15.135,False
17825.0,1,Loyal Customers,0.0742,4.2011,1.2831,True
17826.0,1,Loyal Customers,0.1502,15.6352,-2.351,True
17827.0,4,Lost,0.3431,-2.5061,2.5743,False
17828.0,4,Lost,0.3231,-0.213,8.1512,False
17829.0,0,Champions,0.2532,-4.9405,6.7713,True
17830.0,4,Lost,0.3099,4.456,10.5732,False
17831.0,4,Lost,0.2874,16.9402,16.5484,False
17832.0,4,Lost,0.2821,17.4709,15.5742,False
17833.0,1,Loyal Customers,0.0111,3.849,-6.0448,True
17834.0,1,Loyal Customers,0.144,6.8301,0.5341,True
17835.0,4,Lost,0.3089,4.436,10.5393,False
17836.0,4,Lost,0.2828,17.5092,15.7047,False
17837.0,4,Lost,0.3222,-5.8276,2.1445,False
17838.0,0,Champions,0.4102,-6.7335,9.0112,True
17839.0,4,Lost,0.2879,16.055,15.1352,False
17840.0,1,Loyal Customers,0.1224,13.5141,-4.3036,True
17842.0,1,Loyal Customers,0.0615,8.7075,-6.1464,True
17843.0,1,Loyal Customers,0.1841,11.2787,5.3613,True
17844.0,4,Lost,0.2576,17.9395,13.8021,False
17845.0,1,Loyal Customers,0.0903,4.0539,1.4142,True
17846.0,4,Lost,0.2934,8.6769,8.6841,False
17847.0,1,Loyal Customers,0.0948,5.5969,-0.6753,True
17848.0,0,Champions,0.3888,-8.9328,8.1976,True
17849.0,4,Lost,0.2435,-0.6381,2.3241,False
17851.0,1,Loyal Customers,0.1624,0.3006,3.0908,True
17852.0,4,Lost,0.3144,1.4784,6.0322,False
17853.0,1,Loyal Customers,0.1617,5.3419,2.2004,True
17854.0,4,Lost,0.2521,-0.7437,2.1669,False
17855.0,1,Loyal Customers,0.1544,14.0276,-2.066,True
17856.0,4,Lost,0.3262,0.221,8.7737,False
17857.0,2,At Risk,0.7443,-8.6066,13.7101,False
17858.0,3,New Customers,0.5432,-8.6236,12.3568,False
17859.0,1,Loyal Customers,0.1784,17.9093,8.8285,True
17860.0,1,Loyal Customers,0.1716,1.8132,3.0332,True
17861.0,0,Champions,0.4108,-8.1583,8.3041,True
17862.0,1,Loyal Customers,0.1934,1.478,3.3896,True
17863.0,0,Champions,0.3815,-6.675,8.082,True
17864.0,4,Lost,0.3175,1.105,6.1153,False
17865.0,2,At Risk,0.7566,-8.9402,13.5622,False
17866.0,4,Lost,0.2626,6.1984,7.9389,False
17867.0,0,Champions,0.3448,-8.1054,4.7567,True
17868.0,1,Loyal Customers,0.1466,14.9796,-2.3205,True
17869.0,4,Lost,0.2858,-4.5408,1.2892,False
17870.0,0,Champions,0.3714,-8.1817,5.6169,True
17871.0,4,Lost,0.2421,1.1864,4.4122,False
17872.0,1,Loyal Customers,0.1483,15.0408,-2.2427,True
17873.0,0,Champions,0.3983,-8.159,9.3246,True
17874.0,4,Lost,0.2468,-0.6722,2.1149,False
17875.0,1,Loyal Customers,0.023,6.8501,-7.1901,True
17876.0,1,Loyal Customers,0.1891,-1.6154,3.9936,True
17877.0,4,Lost,0.2345,18.0079,12.0834,False
17878.0,4,Lost,0.3066,7.2081,8.7905,False
17879.0,4,Lost,0.2321,18.0533,12.0777,False
17880.0,1,Loyal Customers,0.1681,5.1593,3.2961,True
17881.0,1,Loyal Customers,0.1786,17.9387,8.8686,True
17882.0,1,Loyal Customers,0.153,8.3339,-0.7573,True
17883.0,4,Lost,0.3275,-4.6273,1.0134,False
17884.0,0,Champions,0.3875,-8.6957,6.9704,True
17885.0,4,Lost,0.2981,16.2452,16.5813,False
17886.0,4,Lost,0.3215,-2.4165,1.3199,False
17887.0,4,Lost,0.2494,17.9156,13.2667,False
17888.0,0,Champions,0.376,-8.7742,7.148,True
17889.0,4,Lost,0.2396,-0.6904,2.2049,False
17890.0,1,Loyal Customers,0.1797,10.9262,5.5925,True
17891.0,4,Lost,0.2373,18.0121,12.3336,False
17892.0,4,Lost,0.2859,4.3644,9.8057,False
17893.0,4,Lost,0.2104,18.3638,10.894,False
17894.0,0,Champions,0.3465,-8.6595,6.6729,True
17895.0,4,Lost,0.2838,17.4345,15.8275,False
17896.0,4,Lost,0.2945,16.0111,16.1008,False
17897.0,0,Champions,0.2849,-5.6207,3.1803,True
17898.0,4,Lost,0.2773,2.5957,6.5073,False
17899.0,4,Lost,0.2378,18.0579,12.3477,False
17900.0,4,Lost,0.2271,12.236,6.7559,False
17901.0,4,Lost,0.2971,4.2167,10.0433,False
17902.0,1,Loyal Customers,0.0809,10.5165,-6.0965,True
17903.0,1,Loyal Customers,0.1454,13.9275,-2.34,True
17904.0,4,Lost,0.2944,16.3307,16.3813,False
17905.0,0,Champions,0.3335,-8.0028,4.7825,True
17906.0,1,Loyal Customers,0.2009,18.5829,10.1996,True
17907.0,1,Loyal Customers,0.0437,7.9617,-6.6731,True
17908.0,1,Loyal Customers,0.1774,0.628,3.3391,True
17909.0,1,Loyal Customers,0.0026,2.8012,-6.1422,True
17910.0,1,Loyal Customers,0.0088,3.4855,-6.0605,True
17911.0,4,Lost,0.3017,15.5324,15.6229,False
17912.0,4,Lost,0.1918,1.8131,3.9536,False
17913.0,0,Champions,0.3557,-8.0763,6.497,True
17914.0,4,Lost,0.3033,15.5489,15.6969,False
17915.0,1,Loyal Customers,0.0797,10.426,-6.0898,True
17916.0,1,Loyal Customers,0.0477,4.6334,-0.5084,True
17917.0,4,Lost,0.2917,4.4095,9.8388,False
17918.0,1,Loyal Customers,0.107,4.0203,1.855,True
17919.0,4,Lost,0.292,8.7445,8.7199,False
17920.0,2,At Risk,0.7622,-8.9996,13.4912,False
17921.0,0,Champions,0.3295,-7.1364,4.0636,True
17922.0,1,Loyal Customers,0.0819,10.7474,-6.1726,True
17923.0,1,Loyal Customers,0.1974,4.9539,5.8108,True
17924.0,0,Champions,0.3608,-4.9965,5.2109,True
17925.0,1,Loyal Customers,0.1554,13.9144,-2.086,True
17926.0,4,Lost,0.2702,0.8936,5.1619,False
17927.0,1,Loyal Customers,0.0109,3.7514,-6.062,True
17928.0,4,Lost,0.2917,4.4017,9.8484,False
17929.0,0,Champions,0.3649,-7.7956,5.525,True
17930.0,0,Champions,0.3734,-7.5952,6.9883,True
17931.0,0,Champions,0.3247,-8.1198,6.5144,True
17932.0,4,Lost,0.3116,7.2826,9.1365,False
17933.0,1,Loyal Customers,0.045,8.2795,-7.538,True
17934.0,4,Lost,0.2984,6.4728,9.4814,False
17935.0,4,Lost,0.2684,-0.9437,1.9974,False
17936.0,4,Lost,0.3036,15.5055,15.5941,False
17937.0,0,Champions,0.3698,-4.7838,6.2874,True
17938.0,1,Loyal Customers,0.1316,14.7445,-3.9736,True
17939.0,4,Lost,0.2367,18.0936,12.3279,False
17941.0,4,Lost,0.274,0.3806,8.0028,False
17942.0,4,Lost,0.2982,16.6415,16.7311,False
17944.0,1,Loyal Customers,0.1294,14.3895,-4.3283,True
17945.0,1,Loyal Customers,0.0269,4.3655,-0.3136,True
17946.0,4,Lost,0.2102,11.9719,6.0673,False
17947.0,4,Lost,0.2877,16.9235,15.9256,False
17948.0,4,Lost,0.2455,17.329,12.8637,False
17950.0,4,Lost,0.3054,-4.7615,1.7448,False
17951.0,4,Lost,0.3137,-0.1311,8.2714,False
17952.0,1,Loyal Customers,0.1652,2.2779,2.9058,True
17953.0,1,Loyal Customers,0.083,10.8889,-6.1542,True
17954.0,0,Champions,0.3967,-8.4781,7.3965,True
17955.0,4,Lost,0.2447,-0.7845,2.099,False
17956.0,1,Loyal Customers,0.1993,18.5926,10.1557,True
17957.0,4,Lost,0.2751,17.8438,15.1032,False
17958.0,4,Lost,0.2685,10.9108,8.2021,False
17959.0,1,Loyal Customers,0.0616,9.4633,-7.1064,True
17960.0,4,Lost,0.2376,4.9634,8.2412,False
17961.0,3,New Customers,0.5779,-9.2048,12.8833,False
17962.0,4,Lost,0.2594,2.6158,5.9429,False
17963.0,1,Loyal Customers,0.1252,2.8181,2.571,True
17964.0,4,Lost,0.2998,11.1635,9.6519,False
17965.0,3,New Customers,0.4524,-9.0853,10.6727,False
17966.0,0,Champions,0.334,-7.3863,3.6788,True
17967.0,1,Loyal Customers,0.1565,8.3516,-0.7195,True
17968.0,1,Loyal Customers,0.1678,2.2023,2.9478,True
17969.0,0,Champions,0.3121,-8.6833,6.8128,True
17970.0,4,Lost,0.2225,17.4285,10.7814,False
17971.0,1,Loyal Customers,0.0798,10.7058,-6.2338,True
17972.0,1,Loyal Customers,0.2038,18.4072,10.4216,True
17973.0,4,Lost,0.2838,16.3126,14.9896,False
17974.0,4,Lost,0.3278,-2.359,1.8076,False
17975.0,3,New Customers,0.4465,-8.7178,10.1454,False
17976.0,1,Loyal Customers,0.1587,13.1333,-2.1417,True
17977.0,4,Lost,0.3123,9.278,8.7938,False
17978.0,1,Loyal Customers,0.1792,1.1976,3.3456,True
17979.0,4,Lost,0.3034,2.2049,7.9238,False
17980.0,4,Lost,0.2543,2.5805,5.273,False
17981.0,1,Loyal Customers,0.1365,14.8048,-3.2585,True
17982.0,1,Loyal Customers,0.0254,6.838,-7.491,True
17983.0,1,Loyal Customers,0.1421,15.228,-2.7022,True
17984.0,4,Lost,0.2675,0.7162,5.1292,False
17985.0,4,Lost,0.3,15.6298,14.28,False
17986.0,4,Lost,0.2779,17.83,15.3273,False
17987.0,4,Lost,0.2487,1.1964,4.5737,False
17988.0,4,Lost,0.3344,-7.779,4.0297,False
17989.0,1,Loyal Customers,0.1494,15.0641,-2.2219,True
17990.0,4,Lost,0.2371,-0.7615,2.8268,False
17991.0,4,Lost,0.2182,4.9725,8.1224,False
17992.0,1,Loyal Customers,0.1457,14.8165,-2.4579,True
17993.0,1,Loyal Customers,0.0527,8.3519,-7.1631,True
17994.0,0,Champions,0.3069,-7.6585,4.5005,True
17995.0,1,Loyal Customers,0.1974,4.9776,5.809,True
17996.0,1,Loyal Customers,0.1574,5.2386,4.0396,True
17997.0,4,Lost,0.3143,-5.6831,2.3934,False
17998.0,1,Loyal Customers,0.1595,5.1999,3.9551,True
17999.0,4,Lost,0.3002,5.4873,10.1724,False
18000.0,1,Loyal Customers,0.0728,10.4089,-6.7483,True
18001.0,4,Lost,0.3208,-3.0191,0.1996,False
18002.0,1,Loyal Customers,0.1583,2.5094,3.0405,True
18003.0,1,Loyal Customers,0.1524,14.3749,-2.0617,True
18004.0,1,Loyal Customers,0.1555,15.5344,-2.233,True
18005.0,4,Lost,0.3046,13.4989,10.0099,False
18006.0,4,Lost,0.312,1.4933,8.6419,False
18007.0,1,Loyal Customers,0.1436,14.9839,-2.6376,True
18008.0,2,At Risk,0.5945,-8.2453,13.2706,False
18009.0,4,Lost,0.2514,-5.4892,2.9546,False
18010.0,1,Loyal Customers,0.1983,18.3751,9.88,True
18011.0,1,Loyal Customers,0.1584,7.4881,0.519,True
18012.0,1,Loyal Customers,0.008,2.6877,-6.2534,True
18013.0,4,Lost,0.2424,12.3675,6.997,False
18014.0,4,Lost,0.2912,16.6276,16.2632,False
18015.0,4,Lost,0.3004,16.5121,16.7642,False
18016.0,4,Lost,0.3288,-4.4211,2.3692,False
18017.0,4,Lost,0.2842,2.4545,6.5094,False
18018.0,4,Lost,0.2679,2.5886,6.3896,False
18019.0,4,Lost,0.2797,17.8145,15.3753,False
18020.0,1,Loyal Customers,0.0818,10.6581,-6.1371,True
18021.0,1,Loyal Customers,0.0986,5.6486,-0.6714,True
18022.0,4,Lost,0.318,-0.406,5.8196,False
18024.0,4,Lost,0.2459,12.0696,7.2193,False
18025.0,1,Loyal Customers,0.1742,0.2254,2.8802,True
18026.0,1,Loyal Customers,0.1273,5.3404,1.6556,True
18027.0,4,Lost,0.2617,17.9045,13.953,False
18028.0,1,Loyal Customers,0.066,9.6563,-6.8923,True
18029.0,1,Loyal Customers,0.0453,8.0213,-6.3412,True
18030.0,4,Lost,0.3043,13.5359,9.9623,False
18031.0,1,Loyal Customers,0.1526,13.9057,-2.1021,True
18032.0,1,Loyal Customers,0.1656,17.716,8.7564,True
18033.0,4,Lost,0.2753,17.8636,15.1458,False
18034.0,4,Lost,0.3071,6.3509,10.8797,False
18035.0,4,Lost,0.3129,0.1548,6.1054,False
18036.0,4,Lost,0.3333,-7.5972,3.7649,False
18037.0,4,Lost,0.2747,-7.7838,4.0629,False
18038.0,1,Loyal Customers,0.0764,10.6292,-6.4699,True
18039.0,1,Loyal Customers,0.1636,2.4781,3.0065,True
18040.0,4,Lost,0.3,13.0449,10.0189,False
18041.0,3,New Customers,0.5058,-9.2792,11.8371,False
18042.0,4,Lost,0.2847,13.1558,9.158,False
18043.0,4,Lost,0.307,6.4351,10.6872,False
18044.0,0,Champions,0.3884,-8.5087,6.9799,True
18045.0,4,Lost,0.2846,16.9788,15.651,False
18046.0,1,Loyal Customers,0.0387,7.6846,-7.4396,True
18047.0,1,Loyal Customers,0.1526,8.3115,-0.7542,True
18048.0,4,Lost,0.2282,4.9949,8.1674,False
18049.0,1,Loyal Customers,0.1327,7.0626,-0.0492,True
18050.0,1,Loyal Customers,0.1625,8.3663,-0.6942,True
18051.0,1,Loyal Customers,0.0884,-0.4749,3.4764,True
18052.0,3,New Customers,0.218,-7.0175,11.5613,False
18053.0,4,Lost,0.2842,4.9774,9.6241,False
18054.0,1,Loyal Customers,0.143,15.2673,-2.6674,True
18055.0,3,New Customers,0.4814,-7.5771,11.8019,False
18056.0,1,Loyal Customers,0.1933,11.1458,5.7893,True
18057.0,1,Loyal Customers,0.1619,5.2133,2.6925,True
18058.0,4,Lost,0.3117,6.1495,10.9993,False
18059.0,4,Lost,0.3001,4.2506,10.1689,False
18060.0,1,Loyal Customers,0.1531,6.2888,1.2789,True
18061.0,3,New Customers,0.4463,-9.1013,10.5661,False
18062.0,4,Lost,0.2646,-1.2214,2.6256,False
18063.0,1,Loyal Customers,0.1464,8.0337,-0.9604,True
18064.0,0,Champions,0.332,-6.4351,6.6342,True
18065.0,3,New Customers,0.4468,-9.1236,10.5263,False
18066.0,4,Lost,0.2943,6.971,8.5318,False
18067.0,4,Lost,0.2895,15.88,14.9977,False
18068.0,1,Loyal Customers,0.1843,18.1283,9.0489,True
18069.0,0,Champions,0.3761,-6.5837,6.856,True
18070.0,1,Loyal Customers,0.0327,7.3782,-6.6404,True
18071.0,4,Lost,0.2272,-0.4276,2.86,False
18072.0,4,Lost,0.2281,17.7961,11.8154,False
18073.0,0,Champions,0.3338,-6.7989,6.1,True
18074.0,1,Loyal Customers,0.1713,5.9067,1.6042,True
18075.0,0,Champions,0.4165,-8.4127,8.93,True
18076.0,1,Loyal Customers,0.1479,15.5523,-2.4033,True
18077.0,0,Champions,0.398,-8.3684,7.4911,True
18078.0,4,Lost,0.231,2.8049,5.1978,False
18079.0,0,Champions,0.3495,-4.0145,5.9977,True
18080.0,4,Lost,0.3118,9.6427,8.9126,False
18081.0,4,Lost,0.2953,4.3565,10.0521,False
18082.0,4,Lost,0.2993,15.6275,14.1656,False
18083.0,1,Loyal Customers,0.145,13.521,-2.3383,True
18084.0,4,Lost,0.3098,6.3125,10.9039,False
18085.0,4,Lost,0.196,0.7613,3.6512,False
18086.0,1,Loyal Customers,0.1904,18.4078,9.6236,True
18087.0,3,New Customers,0.5002,-7.8087,12.5771,False
18088.0,4,Lost,0.2778,17.4633,15.0958,False
18089.0,1,Loyal Customers,0.1245,12.8425,-3.3403,True
18090.0,1,Loyal Customers,0.1336,13.5059,-3.398,True
18091.0,1,Loyal Customers,0.0642,9.0524,-6.2521,True
18092.0,3,New Customers,0.5609,-7.952,13.0102,False
18093.0,0,Champions,0.3402,-5.3194,6.5316,True
18094.0,0,Champions,0.3834,-6.7252,8.9001,True
18095.0,4,Lost,0.2142,-1.0162,4.2027,False
18096.0,4,Lost,0.3323,-2.3767,1.7105,False
18097.0,0,Champions,0.3851,-6.6327,6.9451,True
18098.0,1,Loyal Customers,0.1469,13.3344,-2.2947,True
18099.0,4,Lost,0.251,17.8327,13.3084,False
18100.0,1,Loyal Customers,0.0829,9.8901,-5.8967,True
18101.0,4,Lost,0.3143,1.486,6.0136,False
18103.0,1,Loyal Customers,0.0786,10.8223,-6.4492,True
18104.0,4,Lost,0.2955,15.6208,14.1289,False
18105.0,4,Lost,0.2865,17.1862,16.1,False
18106.0,4,Lost,0.1984,0.0339,2.9201,False
18107.0,1,Loyal Customers,0.123,13.6259,-4.3689,True
18108.0,4,Lost,0.2136,5.5721,6.7085,False
18109.0,3,New Customers,0.5253,-9.248,11.8792,False
18110.0,4,Lost,0.3006,12.5923,10.195,False
18111.0,1,Loyal Customers,0.0664,9.0223,-6.183,True
18112.0,4,Lost,0.3134,2.2743,8.1815,False
18113.0,1,Loyal Customers,0.1524,15.5686,-2.2988,True
18114.0,1,Loyal Customers,0.1855,18.0281,9.3855,True
18115.0,1,Loyal Customers,0.0168,6.7284,-7.6938,True
18116.0,0,Champions,0.3317,-8.0434,4.6397,True
18117.0,4,Lost,0.2941,15.852,15.5968,False
18118.0,3,New Customers,0.4565,-9.1071,10.6103,False
18119.0,1,Loyal Customers,0.1557,14.4107,-2.0323,True
18120.0,4,Lost,0.2149,18.3488,11.0969,False
18121.0,4,Lost,0.2514,11.1565,7.1814,False
18122.0,4,Lost,0.3342,-2.3809,1.7538,False
18123.0,4,Lost,0.3048,5.5215,10.8581,False
18124.0,1,Loyal Customers,0.11,12.8053,-4.9599,True
18125.0,4,Lost,0.3111,1.0873,8.73,False
18126.0,4,Lost,0.2784,17.3005,15.0199,False
18127.0,4,Lost,0.3077,2.638,7.5609,False
18128.0,1,Loyal Customers,0.0878,10.2241,-5.8133,True
18129.0,1,Loyal Customers,0.2031,18.4564,10.3759,True
18130.0,4,Lost,0.3136,6.7819,10.0591,False
18131.0,1,Loyal Customers,0.0465,8.227,-7.2042,True
18132.0,1,Loyal Customers,0.0986,11.721,-5.2182,True
18133.0,4,Lost,0.2268,16.8851,10.4662,False
18134.0,1,Loyal Customers,0.0658,4.9425,-0.317,True
18135.0,4,Lost,0.3278,-6.8017,2.6882,False
18136.0,4,Lost,0.3068,-0.3761,5.6708,False
18137.0,1,Loyal Customers,0.0808,5.2947,-0.609,True
18138.0,1,Loyal Customers,0.1825,18.0616,8.991,True
18139.0,0,Champions,0.4198,-6.7717,10.9857,True
18140.0,1,Loyal Customers,0.1149,12.5091,-3.477,True
18141.0,1,Loyal Customers,0.1514,6.6922,0.9795,True
18142.0,4,Lost,0.2528,10.9332,7.0912,False
18143.0,4,Lost,0.2688,10.8927,8.2136,False
18144.0,0,Champions,0.4103,-8.2551,8.3933,True
18145.0,0,Champions,0.396,-6.3607,7.7147,True
18146.0,4,Lost,0.2477,12.3736,7.0509,False
18147.0,4,Lost,0.2866,13.4096,9.2756,False
18148.0,1,Loyal Customers,0.0389,7.7864,-7.5811,True
18149.0,4,Lost,0.3165,-4.7017,1.8868,False
18150.0,4,Lost,0.3,4.99,10.4888,False
18151.0,4,Lost,0.2833,-1.5926,2.6568,False
18152.0,1,Loyal Customers,0.0435,7.9723,-6.3387,True
18153.0,1,Loyal Customers,0.0358,7.4852,-7.0761,True
18154.0,4,Lost,0.3217,1.0293,6.1491,False
18155.0,4,Lost,0.2799,4.6038,9.4701,False
18156.0,4,Lost,0.3103,10.3921,9.3752,False
18157.0,1,Loyal Customers,0.0712,9.8688,-6.4758,True
18158.0,4,Lost,0.3053,12.5437,10.2676,False
18159.0,1,Loyal Customers,0.1852,17.2578,9.9009,True
18160.0,4,Lost,0.2958,6.3361,9.5113,False
18161.0,4,Lost,0.3311,-2.3754,1.6811,False
18162.0,1,Loyal Customers,0.0079,3.9756,-6.0327,True
18163.0,1,Loyal Customers,0.0728,8.4687,-5.9757,True
18164.0,4,Lost,0.2907,15.8459,15.0328,False
18165.0,4,Lost,0.2325,17.6533,11.824,False
18166.0,1,Loyal Customers,0.0491,8.414,-7.4125,True
18167.0,4,Lost,0.3147,7.3185,9.1179,False
18168.0,0,Champions,0.3171,-8.2489,6.654,True
18169.0,4,Lost,0.2783,17.3083,15.0218,False
18170.0,0,Champions,0.3458,-6.0008,4.1246,True
18171.0,0,Champions,0.3292,-6.2545,3.5895,True
18172.0,2,At Risk,0.6575,-8.989,13.1079,False
18173.0,4,Lost,0.3114,-2.0635,5.2692,False
18174.0,4,Lost,0.3022,13.6634,9.7242,False
18175.0,1,Loyal Customers,0.028,6.9432,-7.2026,True
18176.0,1,Loyal Customers,0.1613,14.0609,-2.0351,True
18177.0,0,Champions,0.3376,-6.3864,3.414,True
18178.0,0,Champions,0.3554,-6.2459,8.2755,True
18179.0,0,Champions,0.3486,-5.2547,3.6166,True
18180.0,4,Lost,0.3357,-2.3719,1.7728,False
18181.0,4,Lost,0.3169,0.3772,6.1987,False
18182.0,1,Loyal Customers,0.1161,12.8999,-4.1229,True
18183.0,4,Lost,0.2191,11.3037,6.2804,False
18184.0,4,Lost,0.2949,16.7564,16.6823,False
18185.0,1,Loyal Customers,0.2033,17.9056,10.3251,True
18186.0,1,Loyal Customers,0.0109,3.8591,-6.0648,True
18187.0,1,Loyal Customers,0.0533,8.0373,-6.0013,True
18188.0,0,Champions,0.3511,-3.6928,4.7949,True
18189.0,4,Lost,0.2926,6.9443,8.4907,False
18190.0,4,Lost,0.2423,1.4117,4.6017,False
18191.0,1,Loyal Customers,0.2035,11.2595,5.8952,True
18192.0,4,Lost,0.2841,15.6458,13.374,False
18193.0,4,Lost,0.2546,6.2972,7.6526,False
18194.0,0,Champions,0.3358,-4.1763,5.9905,True
18195.0,1,Loyal Customers,0.1444,15.8773,-2.6442,True
18196.0,4,Lost,0.289,0.3469,8.1137,False
18197.0,1,Loyal Customers,0.0693,9.7919,-6.4782,True
18198.0,0,Champions,0.4119,-8.0314,8.379,True
18199.0,1,Loyal Customers,0.027,7.2232,-6.6495,True
18200.0,4,Lost,0.2595,17.8168,13.758,False
18201.0,1,Loyal Customers,0.0125,4.1503,-6.0717,True
18202.0,4,Lost,0.2429,6.3725,7.4042,False
18203.0,4,Lost,0.2508,2.6436,5.8511,False
18204.0,4,Lost,0.3035,8.2212,8.7225,False
18205.0,4,Lost,0.2952,12.0093,9.6832,False
18206.0,1,Loyal Customers,0.0798,10.1489,-5.9596,True
18207.0,1,Loyal Customers,0.1049,12.2337,-3.7657,True
18208.0,1,Loyal Customers,0.0752,9.7074,-6.0412,True
18209.0,4,Lost,0.2905,16.9007,16.3467,False
18210.0,0,Champions,0.3519,-4.1682,3.63,True
18211.0,4,Lost,0.3078,1.5239,6.0319,False
18212.0,1,Loyal Customers,0.1777,10.9674,5.5354,True
18213.0,1,Loyal Customers,0.2072,18.1918,10.5112,True
18214.0,1,Loyal Customers,0.1161,4.6239,1.5823,True
18215.0,4,Lost,0.3045,-1.4464,5.3707,False
18216.0,4,Lost,0.2943,15.6704,14.9039,False
18217.0,4,Lost,0.3088,1.6383,8.5519,False
18218.0,4,Lost,0.2375,2.3311,4.7853,False
18219.0,0,Champions,0.3871,-8.4426,6.9166,True
18220.0,4,Lost,0.2465,-1.076,2.943,False
18221.0,4,Lost,0.3231,-2.4999,0.9564,False
18222.0,4,Lost,0.2686,16.6102,13.8203,False
18223.0,3,New Customers,0.55,-8.3457,12.5377,False
18224.0,1,Loyal Customers,0.1952,18.4274,9.7743,True
18225.0,3,New Customers,0.538,-8.4257,12.3097,False
18226.0,3,New Customers,0.5054,-8.4963,12.1145,False
18227.0,4,Lost,0.2195,11.9526,6.4225,False
18228.0,4,Lost,0.2902,11.0733,8.7812,False
18229.0,3,New Customers,0.5088,-8.6113,11.7068,False
18230.0,0,Champions,0.3747,-5.4703,6.1653,True
18231.0,3,New Customers,0.3825,-9.1052,10.6476,False
18232.0,4,Lost,0.2825,2.498,6.4961,False
18233.0,1,Loyal Customers,0.1738,17.3518,9.5611,True
18234.0,1,Loyal Customers,0.0784,10.6046,-6.2258,True
18235.0,4,Lost,0.3004,8.1875,8.7014,False
18236.0,0,Champions,0.3398,-7.8709,4.219,True
18237.0,4,Lost,0.3224,0.9333,6.1711,False
18238.0,1,Loyal Customers,0.0947,11.3945,-5.3146,True
18239.0,4,Lost,0.2529,-1.2406,3.2153,False
18240.0,4,Lost,0.2874,15.8888,14.892,False
18241.0,0,Champions,0.3863,-8.7381,7.0214,True
18242.0,0,Champions,0.3373,-5.008,5.1535,True
18243.0,1,Loyal Customers,0.1391,13.216,-2.5693,True
18244.0,1,Loyal Customers,0.1353,7.0789,-0.0435,True
18245.0,0,Champions,0.4303,-8.3672,9.1614,True
18246.0,4,Lost,0.3058,6.3025,10.9192,False
18247.0,1,Loyal Customers,0.148,4.8318,2.7654,True
18248.0,4,Lost,0.2637,11.1731,7.7679,False
18249.0,4,Lost,0.2947,16.7309,16.6918,False
18250.0,1,Loyal Customers,0.1791,17.4161,9.5052,True
18251.0,2,At Risk,0.6408,-8.4509,13.6717,False
18252.0,4,Lost,0.3154,-4.7516,1.7751,False
18253.0,1,Loyal Customers,0.0433,7.9095,-6.5357,True
18254.0,1,Loyal Customers,0.0678,9.5437,-6.4081,True
18255.0,4,Lost,0.2708,13.0067,8.5615,False
18256.0,1,Loyal Customers,0.1441,15.8549,-2.6477,True
18257.0,0,Champions,0.3741,-7.1074,7.0429,True
18258.0,1,Loyal Customers,0.152,-0.3516,3.5052,True
18259.0,0,Champions,0.3636,-4.7591,6.2821,True
18260.0,3,New Customers,0.4195,-8.3036,11.2984,False
18261.0,4,Lost,0.2898,13.0717,9.3792,False
18262.0,4,Lost,0.2562,5.2164,8.6211,False
18263.0,4,Lost,0.3112,7.182,9.3869,False
18264.0,1,Loyal Customers,0.1057,12.2329,-3.7611,True
18265.0,4,Lost,0.2844,11.0536,8.646,False
18266.0,1,Loyal Customers,0.1273,13.5146,-3.9531,True
18267.0,1,Loyal Customers,0.0304,7.1917,-6.8629,True
18268.0,4,Lost,0.2785,-1.2544,2.5995,False
18269.0,1,Loyal Customers,0.1562,14.4798,-2.006,True
18270.0,4,Lost,0.2959,4.6775,10.4222,False
18271.0,1,Loyal Customers,0.0641,4.8423,-0.0507,True
18272.0,0,Champions,0.3784,-5.489,6.215,True
18273.0,4,Lost,0.3118,2.69,7.3913,False
18274.0,4,Lost,0.2906,16.6069,16.1723,False
18275.0,1,Loyal Customers,0.0779,5.1343,0.0641,True
18276.0,4,Lost,0.3173,-2.39,1.4201,False
18277.0,4,Lost,0.3027,0.6172,5.6288,False
18278.0,4,Lost,0.2784,12.6038,8.8694,False
18279.0,1,Loyal Customers,0.0925,11.3669,-5.3998,True
18280.0,1,Loyal Customers,0.1965,11.2509,5.7498,True
18281.0,4,Lost,0.232,12.2357,6.7936,False
18282.0,4,Lost,0.302,13.6524,9.723,False
18283.0,0,Champions,0.3879,-8.7435,7.0474,True
18284.0,1,Loyal Customers,0.131,12.9931,-3.0137,True
18285.0,1,Loyal Customers,0.0375,7.6147,-6.4356,True
18286.0,1,Loyal Customers,0.1265,6.0135,1.332,True
18287.0,0,Champions,0.3544,-4.6979,6.1495,True
