loan_id,grade,pd_12m,survival_at_12m,survival_at_24m,survival_at_36m,risk_tier,loan_amnt,int_rate
L0000,C,0.1252,0.8748,0.8205,0.7616,MEDIUM,26608.04,14.34
L0001,F,0.1187,0.8813,0.813,0.7827,MEDIUM,25618.49,13.32
L0002,D,0.4088,0.5912,0.5256,0.4533,VERY_HIGH,7872.63,9.4
L0003,C,0.1198,0.8802,0.851,0.7942,MEDIUM,32677.17,20.18
L0004,B,0.1297,0.8703,0.8413,0.8119,MEDIUM,22054.17,16.92
L0005,B,0.3441,0.6559,0.6198,0.5421,VERY_HIGH,15911.77,26.64
L0006,A,0.2079,0.7921,0.7504,0.6993,HIGH,27696.16,5.8
L0007,E,0.3518,0.6482,0.6037,0.5793,VERY_HIGH,12720.96,21.1
L0008,D,0.0388,0.9612,0.9004,0.8428,LOW,25805.3,24.07
L0009,D,0.2245,0.7755,0.7521,0.7169,HIGH,6191.34,23.99
L0010,A,0.0248,0.9752,0.9531,0.8849,LOW,30182.24,27.15
L0011,F,0.0376,0.9624,0.9189,0.8498,LOW,18445.13,23.23
L0012,E,0.4088,0.5912,0.5294,0.4507,VERY_HIGH,24100.79,28.2
L0013,B,0.0713,0.9287,0.8971,0.847,MEDIUM,11637.13,13.32
L0014,B,0.2443,0.7557,0.6972,0.6499,HIGH,25312.21,17.58
L0015,B,0.1909,0.8091,0.7735,0.7083,HIGH,28167.21,5.35
L0016,B,0.1628,0.8372,0.764,0.7361,HIGH,19196.4,5.17
L0017,C,0.4059,0.5941,0.5204,0.4676,VERY_HIGH,23531.81,11.0
L0018,C,0.0196,0.9804,0.9426,0.8898,LOW,18689.78,7.52
L0019,B,0.3021,0.6979,0.6641,0.6387,VERY_HIGH,31822.74,11.51
L0020,D,0.4339,0.5661,0.5214,0.4763,VERY_HIGH,19936.08,9.43
L0021,A,0.2565,0.7435,0.7091,0.6379,HIGH,30254.26,5.71
L0022,B,0.4222,0.5778,0.5175,0.4461,VERY_HIGH,29040.56,27.73
L0023,C,0.033,0.967,0.8974,0.8714,LOW,17315.14,5.21
L0024,C,0.1943,0.8057,0.7453,0.7199,HIGH,11902.53,23.4
L0025,D,0.1245,0.8755,0.806,0.7702,MEDIUM,17182.46,8.8
L0026,B,0.3316,0.6684,0.6246,0.5521,VERY_HIGH,29786.52,27.81
L0027,C,0.4418,0.5582,0.5288,0.5011,VERY_HIGH,11828.98,27.32
L0028,C,0.1229,0.8771,0.8128,0.7496,MEDIUM,20733.09,21.35
L0029,A,0.2978,0.7022,0.6606,0.6345,HIGH,29182.9,21.81
L0030,D,0.0972,0.9028,0.8425,0.7851,MEDIUM,15604.32,5.13
L0031,B,0.2587,0.7413,0.7051,0.6637,HIGH,24266.29,29.62
L0032,A,0.2141,0.7859,0.761,0.6937,HIGH,12368.95,26.95
L0033,F,0.4377,0.5623,0.4827,0.4487,VERY_HIGH,8278.38,27.38
L0034,F,0.2778,0.7222,0.6928,0.6344,HIGH,28831.53,21.48
L0035,E,0.1638,0.8362,0.7569,0.7228,HIGH,7969.06,13.62
L0036,B,0.0602,0.9398,0.8612,0.7984,MEDIUM,13141.44,27.34
L0037,A,0.0765,0.9235,0.8559,0.7835,MEDIUM,30653.28,12.29
L0038,D,0.1091,0.8909,0.8313,0.8037,MEDIUM,15394.08,19.07
L0039,C,0.1204,0.8796,0.8249,0.7529,MEDIUM,34191.36,7.49
L0040,A,0.3843,0.6157,0.5437,0.4881,VERY_HIGH,34392.03,28.05
L0041,C,0.2569,0.7431,0.7057,0.6781,HIGH,13048.28,8.52
L0042,A,0.2403,0.7597,0.7116,0.6659,HIGH,6229.35,10.62
L0043,E,0.0605,0.9395,0.8823,0.8526,MEDIUM,26151.9,18.95
L0044,B,0.3885,0.6115,0.5668,0.5048,VERY_HIGH,18529.6,24.1
L0045,D,0.328,0.672,0.6264,0.5609,VERY_HIGH,8022.59,20.48
L0046,B,0.0398,0.9602,0.9204,0.8941,LOW,26225.68,10.8
L0047,C,0.3214,0.6786,0.6247,0.5743,VERY_HIGH,5935.25,5.02
L0048,C,0.2492,0.7508,0.6798,0.6109,HIGH,31105.9,23.93
L0049,B,0.046,0.954,0.9219,0.8457,LOW,9159.58,29.63
L0050,F,0.2117,0.7883,0.7122,0.6614,HIGH,8819.36,25.25
L0051,D,0.2233,0.7767,0.7154,0.6384,HIGH,10270.17,16.51
L0052,F,0.0829,0.9171,0.8477,0.7956,MEDIUM,33807.99,27.59
L0053,E,0.4261,0.5739,0.5205,0.4768,VERY_HIGH,25795.08,15.25
L0054,C,0.384,0.616,0.5492,0.4783,VERY_HIGH,29041.15,18.12
L0055,F,0.3044,0.6956,0.6746,0.625,VERY_HIGH,16929.05,16.93
L0056,A,0.2134,0.7866,0.7175,0.6692,HIGH,15089.38,16.19
L0057,B,0.1912,0.8088,0.7864,0.737,HIGH,12034.52,24.38
L0058,A,0.2964,0.7036,0.6302,0.5594,HIGH,19419.44,18.17
L0059,B,0.25,0.75,0.6705,0.6006,HIGH,21554.86,12.92
L0060,C,0.0374,0.9626,0.925,0.8808,LOW,23953.25,11.45
L0061,B,0.2355,0.7645,0.7319,0.6919,HIGH,12713.56,5.94
L0062,E,0.3648,0.6352,0.5693,0.5198,VERY_HIGH,33459.62,19.58
L0063,C,0.2121,0.7879,0.7527,0.6983,HIGH,10092.75,10.75
L0064,B,0.0329,0.9671,0.8952,0.8609,LOW,33969.6,8.7
L0065,C,0.356,0.644,0.6178,0.5502,VERY_HIGH,5445.68,21.35
L0066,A,0.0986,0.9014,0.8738,0.8246,MEDIUM,19433.77,22.03
L0067,E,0.1238,0.8762,0.7975,0.7575,MEDIUM,15001.04,23.8
L0068,A,0.0825,0.9175,0.8571,0.8307,MEDIUM,18473.7,17.59
L0069,G,0.1553,0.8447,0.7739,0.7396,HIGH,22119.94,27.35
L0070,D,0.343,0.657,0.6175,0.5405,VERY_HIGH,18067.67,28.41
L0071,B,0.2385,0.7615,0.7009,0.6626,HIGH,17445.41,25.18
L0072,A,0.1001,0.8999,0.8442,0.8141,MEDIUM,26981.7,20.89
L0073,E,0.3962,0.6038,0.5476,0.5,VERY_HIGH,25576.29,12.59
L0074,D,0.397,0.603,0.542,0.5036,VERY_HIGH,29998.14,29.57
L0075,D,0.3931,0.6069,0.5524,0.5303,VERY_HIGH,12498.77,11.85
L0076,D,0.1151,0.8849,0.8392,0.7998,MEDIUM,23285.86,10.07
L0077,A,0.2085,0.7915,0.7549,0.7023,HIGH,22555.84,16.05
L0078,C,0.4434,0.5566,0.4905,0.4374,VERY_HIGH,16092.13,6.42
L0079,A,0.3497,0.6503,0.6167,0.5753,VERY_HIGH,19581.73,29.46
L0080,E,0.022,0.978,0.9165,0.8697,LOW,14413.46,19.71
L0081,D,0.0387,0.9613,0.9273,0.8494,LOW,9255.33,18.92
L0082,B,0.2141,0.7859,0.7284,0.6858,HIGH,11414.04,21.39
L0083,A,0.4101,0.5899,0.5251,0.4896,VERY_HIGH,8165.41,17.43
L0084,B,0.247,0.753,0.7199,0.6853,HIGH,25492.09,5.8
L0085,B,0.229,0.771,0.7474,0.6999,HIGH,24821.82,20.31
L0086,D,0.0564,0.9436,0.9157,0.8501,MEDIUM,33518.19,22.9
L0087,D,0.299,0.701,0.6446,0.6122,HIGH,26890.35,15.42
L0088,E,0.3717,0.6283,0.5573,0.4947,VERY_HIGH,6561.38,23.93
L0089,C,0.1774,0.8226,0.7999,0.7786,HIGH,31527.36,10.68
L0090,A,0.3513,0.6487,0.5847,0.5396,VERY_HIGH,30880.25,10.53
L0091,D,0.4344,0.5656,0.5251,0.4585,VERY_HIGH,18299.61,9.04
L0092,D,0.0997,0.9003,0.8516,0.8113,MEDIUM,22575.89,14.3
L0093,C,0.2403,0.7597,0.684,0.6302,HIGH,34282.35,26.18
L0094,D,0.1363,0.8637,0.8238,0.7915,MEDIUM,20969.13,25.7
L0095,C,0.3589,0.6411,0.5932,0.5287,VERY_HIGH,32159.65,14.57
L0096,C,0.2641,0.7359,0.7151,0.692,HIGH,7491.16,19.73
L0097,C,0.2892,0.7108,0.6859,0.6147,HIGH,10731.56,23.02
L0098,A,0.3611,0.6389,0.6034,0.5715,VERY_HIGH,18222.65,11.03
L0099,A,0.1842,0.8158,0.7941,0.7216,HIGH,22542.7,9.2
L0100,A,0.4126,0.5874,0.5295,0.4883,VERY_HIGH,29486.84,29.3
L0101,D,0.2445,0.7555,0.7099,0.6465,HIGH,34647.86,20.44
L0102,B,0.0795,0.9205,0.8676,0.8284,MEDIUM,16665.54,29.54
L0103,C,0.3162,0.6838,0.6533,0.5789,VERY_HIGH,6422.47,13.44
L0104,E,0.359,0.641,0.6032,0.5756,VERY_HIGH,29035.15,22.58
L0105,B,0.1494,0.8506,0.7908,0.7601,MEDIUM,23131.42,10.57
L0106,C,0.3872,0.6128,0.5349,0.4853,VERY_HIGH,10956.29,11.53
L0107,D,0.4087,0.5913,0.5683,0.5434,VERY_HIGH,19844.85,17.8
L0108,B,0.1318,0.8682,0.7948,0.763,MEDIUM,27269.31,12.99
L0109,A,0.4427,0.5573,0.5027,0.4261,VERY_HIGH,28112.35,9.19
L0110,B,0.0719,0.9281,0.8743,0.7957,MEDIUM,19988.55,11.57
L0111,B,0.0989,0.9011,0.8511,0.8085,MEDIUM,14156.44,5.89
L0112,F,0.0911,0.9089,0.8847,0.8093,MEDIUM,34212.28,22.61
L0113,E,0.4034,0.5966,0.5712,0.5185,VERY_HIGH,24900.88,17.3
L0114,D,0.2979,0.7021,0.646,0.6098,HIGH,17247.13,7.36
L0115,E,0.0769,0.9231,0.8826,0.8205,MEDIUM,13413.9,9.29
L0116,E,0.2037,0.7963,0.7213,0.6618,HIGH,26933.09,7.56
L0117,B,0.2807,0.7193,0.6749,0.5956,HIGH,12265.5,20.31
L0118,E,0.0467,0.9533,0.9247,0.8888,LOW,10151.3,7.36
L0119,C,0.3983,0.6017,0.5388,0.4785,VERY_HIGH,20895.02,23.86
L0120,E,0.3636,0.6364,0.5988,0.5757,VERY_HIGH,13699.62,5.51
L0121,E,0.2323,0.7677,0.7162,0.6894,HIGH,23867.15,11.23
L0122,B,0.4355,0.5645,0.5026,0.4824,VERY_HIGH,8538.16,27.27
L0123,A,0.1938,0.8062,0.7322,0.6522,HIGH,24648.23,22.96
L0124,B,0.443,0.557,0.4895,0.4214,VERY_HIGH,13498.9,6.82
L0125,C,0.3039,0.6961,0.6355,0.5683,VERY_HIGH,5007.29,25.53
L0126,E,0.2893,0.7107,0.6499,0.5993,HIGH,8808.08,17.33
L0127,E,0.083,0.917,0.8402,0.8022,MEDIUM,33008.46,26.17
L0128,A,0.398,0.602,0.5643,0.5352,VERY_HIGH,31020.64,20.02
L0129,C,0.1981,0.8019,0.7818,0.7447,HIGH,12008.27,22.05
L0130,C,0.0814,0.9186,0.8823,0.8397,MEDIUM,28351.16,29.84
L0131,B,0.0155,0.9845,0.9514,0.886,LOW,23257.15,10.81
L0132,A,0.2563,0.7437,0.684,0.6316,HIGH,34127.14,20.6
L0133,B,0.2421,0.7579,0.6999,0.6753,HIGH,16208.17,16.51
L0134,F,0.3265,0.6735,0.6179,0.5968,VERY_HIGH,25443.82,5.99
L0135,B,0.4017,0.5983,0.5773,0.5512,VERY_HIGH,6906.07,5.36
L0136,C,0.0449,0.9551,0.8914,0.8468,LOW,16887.42,7.98
L0137,D,0.3319,0.6681,0.6287,0.5527,VERY_HIGH,33914.53,21.23
L0138,C,0.0925,0.9075,0.8476,0.7894,MEDIUM,21169.43,19.18
L0139,G,0.3876,0.6124,0.559,0.4909,VERY_HIGH,13636.39,18.84
L0140,F,0.3704,0.6296,0.589,0.541,VERY_HIGH,8608.13,5.8
L0141,B,0.2479,0.7521,0.724,0.6823,HIGH,26105.85,16.73
L0142,C,0.3225,0.6775,0.6518,0.6253,VERY_HIGH,24345.68,28.12
L0143,B,0.1483,0.8517,0.7818,0.7092,MEDIUM,16218.16,14.94
L0144,B,0.2173,0.7827,0.7076,0.6406,HIGH,33528.24,20.62
L0145,A,0.3715,0.6285,0.5695,0.5394,VERY_HIGH,5666.08,24.5
L0146,D,0.2121,0.7879,0.7617,0.711,HIGH,14111.72,24.6
L0147,C,0.1674,0.8326,0.7885,0.7393,HIGH,32632.08,17.98
L0148,A,0.2275,0.7725,0.7088,0.6513,HIGH,14628.06,26.45
L0149,B,0.3744,0.6256,0.5588,0.482,VERY_HIGH,12567.59,14.78
L0150,E,0.1575,0.8425,0.8154,0.7606,HIGH,21026.61,27.22
L0151,B,0.0865,0.9135,0.8935,0.8411,MEDIUM,29714.05,11.01
L0152,A,0.3233,0.6767,0.614,0.591,VERY_HIGH,8094.4,12.01
L0153,C,0.3734,0.6266,0.5852,0.5614,VERY_HIGH,33290.62,6.33
L0154,G,0.0543,0.9457,0.9104,0.8792,MEDIUM,28852.19,24.89
L0155,B,0.1155,0.8845,0.8637,0.8418,MEDIUM,10437.51,15.43
L0156,D,0.0725,0.9275,0.8751,0.8105,MEDIUM,26360.24,10.73
L0157,D,0.1631,0.8369,0.7658,0.7024,HIGH,16548.76,10.79
L0158,B,0.2082,0.7918,0.7143,0.6861,HIGH,17068.84,27.53
L0159,D,0.3395,0.6605,0.6066,0.5364,VERY_HIGH,28498.7,25.85
L0160,C,0.2965,0.7035,0.6526,0.6233,HIGH,33883.54,18.84
L0161,D,0.2832,0.7168,0.6917,0.6536,HIGH,8799.68,20.4
L0162,D,0.165,0.835,0.7821,0.7472,HIGH,17618.91,16.86
L0163,C,0.3802,0.6198,0.577,0.5347,VERY_HIGH,19428.25,14.79
L0164,A,0.2174,0.7826,0.7262,0.6909,HIGH,16289.35,27.89
L0165,E,0.4408,0.5592,0.5159,0.4666,VERY_HIGH,15895.67,8.14
L0166,B,0.289,0.711,0.6766,0.6322,HIGH,6568.06,15.46
L0167,B,0.0656,0.9344,0.9087,0.8295,MEDIUM,25566.16,13.61
L0168,A,0.3075,0.6925,0.6536,0.6302,VERY_HIGH,18086.43,17.45
L0169,C,0.153,0.847,0.8212,0.7927,HIGH,10843.81,16.44
L0170,D,0.312,0.688,0.6574,0.6342,VERY_HIGH,29481.01,17.97
L0171,A,0.0406,0.9594,0.8802,0.8226,LOW,29076.82,8.5
L0172,C,0.0869,0.9131,0.8665,0.8432,MEDIUM,19591.75,17.83
L0173,B,0.3865,0.6135,0.5616,0.4914,VERY_HIGH,13953.52,11.06
L0174,D,0.11,0.89,0.8176,0.7669,MEDIUM,24142.78,9.61
L0175,B,0.3783,0.6217,0.542,0.4904,VERY_HIGH,13644.56,6.62
L0176,D,0.1329,0.8671,0.8121,0.7584,MEDIUM,12080.24,24.07
L0177,C,0.2929,0.7071,0.6384,0.6082,HIGH,26915.44,15.69
L0178,F,0.3154,0.6846,0.645,0.6131,VERY_HIGH,6209.76,20.67
L0179,A,0.2356,0.7644,0.7261,0.687,HIGH,7843.05,23.19
L0180,B,0.1443,0.8557,0.8115,0.7559,MEDIUM,5203.65,21.98
L0181,A,0.1036,0.8964,0.836,0.8034,MEDIUM,9588.3,16.76
L0182,F,0.0246,0.9754,0.9145,0.8875,LOW,7069.7,14.7
L0183,E,0.1437,0.8563,0.8174,0.7392,MEDIUM,34874.07,14.4
L0184,B,0.2974,0.7026,0.6746,0.6533,HIGH,13664.3,21.0
L0185,D,0.4229,0.5771,0.5192,0.451,VERY_HIGH,9478.04,17.37
L0186,E,0.3933,0.6067,0.579,0.5117,VERY_HIGH,12229.89,26.23
L0187,C,0.3471,0.6529,0.5982,0.5604,VERY_HIGH,33083.77,26.87
L0188,C,0.3569,0.6431,0.5815,0.5534,VERY_HIGH,20604.81,9.26
L0189,B,0.3026,0.6974,0.6354,0.6067,VERY_HIGH,15944.54,8.41
L0190,A,0.1245,0.8755,0.8103,0.7485,MEDIUM,31201.74,20.76
L0191,E,0.4092,0.5908,0.5184,0.4598,VERY_HIGH,16849.71,12.53
L0192,E,0.3051,0.6949,0.6449,0.5779,VERY_HIGH,15050.26,5.46
L0193,D,0.2566,0.7434,0.6796,0.6034,HIGH,11218.48,27.22
L0194,B,0.0588,0.9412,0.884,0.8225,MEDIUM,16333.9,10.67
L0195,B,0.2067,0.7933,0.7621,0.7327,HIGH,14500.53,28.23
L0196,D,0.2126,0.7874,0.7659,0.7313,HIGH,25319.12,22.94
L0197,E,0.3904,0.6096,0.5725,0.502,VERY_HIGH,13687.48,24.07
L0198,E,0.2505,0.7495,0.7029,0.6703,HIGH,22315.99,10.04
L0199,D,0.1774,0.8226,0.7656,0.7412,HIGH,6976.76,10.85
L0200,D,0.4398,0.5602,0.4892,0.427,VERY_HIGH,10738.67,18.03
L0201,A,0.0587,0.9413,0.9095,0.8653,MEDIUM,17222.16,9.3
L0202,B,0.1959,0.8041,0.7766,0.7014,HIGH,33108.48,12.64
L0203,E,0.0285,0.9715,0.8937,0.8347,LOW,16317.56,13.04
L0204,D,0.3356,0.6644,0.6379,0.6125,VERY_HIGH,24922.22,8.99
L0205,A,0.414,0.586,0.5373,0.4604,VERY_HIGH,12652.62,10.13
L0206,A,0.1332,0.8668,0.8117,0.7762,MEDIUM,8811.01,24.71
L0207,D,0.3877,0.6123,0.5598,0.5196,VERY_HIGH,6756.1,9.18
L0208,A,0.1386,0.8614,0.8362,0.7921,MEDIUM,14162.4,5.71
L0209,B,0.4107,0.5893,0.5659,0.5428,VERY_HIGH,9729.83,20.73
L0210,C,0.3417,0.6583,0.632,0.5822,VERY_HIGH,10220.31,29.4
L0211,D,0.3642,0.6358,0.5807,0.5533,VERY_HIGH,27822.78,13.28
L0212,D,0.0179,0.9821,0.9294,0.8853,LOW,5475.14,7.97
L0213,B,0.4336,0.5664,0.5324,0.4914,VERY_HIGH,21734.3,19.26
L0214,D,0.3297,0.6703,0.612,0.5456,VERY_HIGH,16383.84,27.66
L0215,B,0.1441,0.8559,0.7867,0.7185,MEDIUM,20196.5,24.6
L0216,B,0.3749,0.6251,0.6026,0.5734,VERY_HIGH,21884.91,20.56
L0217,D,0.1339,0.8661,0.8162,0.7742,MEDIUM,14401.03,12.88
L0218,D,0.394,0.606,0.5446,0.5022,VERY_HIGH,13853.27,18.55
L0219,E,0.0595,0.9405,0.9054,0.8763,MEDIUM,27002.06,7.28
L0220,D,0.3196,0.6804,0.6419,0.574,VERY_HIGH,31138.31,21.97
L0221,C,0.2479,0.7521,0.6953,0.6329,HIGH,10777.45,23.13
L0222,A,0.0525,0.9475,0.8736,0.8422,MEDIUM,7928.56,29.13
L0223,C,0.1164,0.8836,0.815,0.773,MEDIUM,31933.87,11.51
L0224,B,0.0155,0.9845,0.9295,0.9032,LOW,15496.86,5.46
L0225,B,0.2163,0.7837,0.7199,0.6622,HIGH,21539.52,18.64
L0226,G,0.1426,0.8574,0.8155,0.7882,MEDIUM,15786.29,22.67
L0227,C,0.2733,0.7267,0.6682,0.589,HIGH,8774.07,24.76
L0228,E,0.1408,0.8592,0.8112,0.7444,MEDIUM,22679.95,9.84
L0229,D,0.142,0.858,0.8266,0.7832,MEDIUM,20754.23,11.54
L0230,D,0.337,0.663,0.6009,0.5462,VERY_HIGH,11089.81,17.81
L0231,C,0.0312,0.9688,0.9154,0.8407,LOW,18556.07,13.27
L0232,C,0.4073,0.5927,0.5512,0.498,VERY_HIGH,28908.43,26.51
L0233,C,0.385,0.615,0.5403,0.5098,VERY_HIGH,22712.78,16.84
L0234,B,0.3038,0.6962,0.6749,0.6322,VERY_HIGH,7907.52,24.99
L0235,D,0.271,0.729,0.6901,0.6195,HIGH,21440.64,19.52
L0236,B,0.4026,0.5974,0.574,0.5153,VERY_HIGH,26082.15,24.33
L0237,A,0.0915,0.9085,0.8425,0.7835,MEDIUM,28781.1,13.32
L0238,D,0.0447,0.9553,0.8932,0.8212,LOW,23873.53,25.79
L0239,B,0.1154,0.8846,0.8447,0.7711,MEDIUM,9579.74,11.86
L0240,F,0.3596,0.6404,0.5799,0.5047,VERY_HIGH,26305.2,18.65
L0241,F,0.0253,0.9747,0.9309,0.9052,LOW,25320.26,10.35
L0242,E,0.2664,0.7336,0.6682,0.6156,HIGH,5732.81,16.89
L0243,C,0.448,0.552,0.5047,0.4403,VERY_HIGH,17352.43,12.95
L0244,A,0.3865,0.6135,0.5688,0.5034,VERY_HIGH,14988.51,11.67
L0245,F,0.2394,0.7606,0.6845,0.6281,HIGH,25082.36,29.17
L0246,C,0.038,0.962,0.9269,0.8969,LOW,11484.07,9.0
L0247,F,0.3758,0.6242,0.597,0.5292,VERY_HIGH,22726.16,24.68
L0248,F,0.2736,0.7264,0.6713,0.6081,HIGH,32396.18,29.6
L0249,E,0.0606,0.9394,0.8612,0.836,MEDIUM,28934.07,5.5
L0250,B,0.0513,0.9487,0.906,0.8582,MEDIUM,32643.73,22.48
L0251,C,0.4102,0.5898,0.5661,0.5357,VERY_HIGH,34355.18,11.32
L0252,E,0.3044,0.6956,0.6552,0.615,VERY_HIGH,5320.1,6.01
L0253,B,0.3749,0.6251,0.5747,0.5536,VERY_HIGH,23682.24,15.07
L0254,B,0.3968,0.6032,0.5735,0.5295,VERY_HIGH,17385.18,28.38
L0255,C,0.2616,0.7384,0.6789,0.6259,HIGH,30795.63,5.29
L0256,F,0.2377,0.7623,0.6824,0.6252,HIGH,12554.44,19.7
L0257,D,0.1994,0.8006,0.7535,0.6937,HIGH,34430.88,17.53
L0258,C,0.1495,0.8505,0.8092,0.739,MEDIUM,23411.24,26.83
L0259,A,0.2012,0.7988,0.7548,0.7219,HIGH,28806.12,7.1
L0260,D,0.3505,0.6495,0.6226,0.5954,VERY_HIGH,7567.99,22.04
L0261,G,0.2748,0.7252,0.6522,0.5811,HIGH,10503.74,22.0
L0262,A,0.4027,0.5973,0.5524,0.523,VERY_HIGH,27752.11,21.73
L0263,C,0.2051,0.7949,0.7517,0.6732,HIGH,5659.6,28.56
L0264,E,0.2771,0.7229,0.6633,0.5927,HIGH,29506.34,25.58
L0265,D,0.2878,0.7122,0.6657,0.6156,HIGH,5418.47,6.05
L0266,D,0.2703,0.7297,0.6708,0.5919,HIGH,24713.57,16.78
L0267,D,0.3192,0.6808,0.6571,0.6313,VERY_HIGH,15952.82,14.95
L0268,C,0.1145,0.8855,0.8167,0.7785,MEDIUM,23344.85,12.75
L0269,B,0.2354,0.7646,0.6882,0.6299,HIGH,25880.94,16.28
L0270,E,0.0559,0.9441,0.8852,0.8442,MEDIUM,15274.26,14.6
L0271,E,0.1792,0.8208,0.7435,0.6678,HIGH,8238.87,15.81
L0272,E,0.2246,0.7754,0.7463,0.7224,HIGH,7089.38,29.48
L0273,E,0.297,0.703,0.6544,0.6014,HIGH,22668.08,7.22
L0274,C,0.4282,0.5718,0.5157,0.4602,VERY_HIGH,20619.66,28.06
L0275,C,0.2743,0.7257,0.6708,0.6116,HIGH,27266.03,17.01
L0276,D,0.3372,0.6628,0.6187,0.5834,VERY_HIGH,20292.07,20.59
L0277,D,0.2328,0.7672,0.7269,0.685,HIGH,17673.37,25.75
L0278,D,0.289,0.711,0.6834,0.6128,HIGH,16942.62,14.01
L0279,D,0.0412,0.9588,0.9153,0.8836,LOW,5793.41,15.76
L0280,E,0.1219,0.8781,0.8483,0.7787,MEDIUM,15066.72,15.24
L0281,B,0.1692,0.8308,0.7667,0.7129,HIGH,34280.6,14.37
L0282,C,0.2179,0.7821,0.7496,0.6839,HIGH,31206.67,28.14
L0283,A,0.0301,0.9699,0.9464,0.8836,LOW,14881.34,25.72
L0284,C,0.0716,0.9284,0.8753,0.8428,MEDIUM,22633.86,7.72
L0285,A,0.1318,0.8682,0.8125,0.7584,MEDIUM,30418.9,7.7
L0286,C,0.4375,0.5625,0.4902,0.4181,VERY_HIGH,18238.23,15.7
L0287,C,0.1558,0.8442,0.7896,0.7437,HIGH,5538.74,7.47
L0288,B,0.2221,0.7779,0.7372,0.6592,HIGH,7235.31,20.48
L0289,C,0.0963,0.9037,0.8355,0.7884,MEDIUM,20311.78,8.59
L0290,A,0.2787,0.7213,0.6689,0.6403,HIGH,34083.18,18.06
L0291,A,0.1335,0.8665,0.8417,0.7983,MEDIUM,25796.29,5.18
L0292,E,0.1011,0.8989,0.8449,0.7678,MEDIUM,7127.49,12.91
L0293,C,0.2373,0.7627,0.6882,0.649,HIGH,10680.83,21.93
L0294,A,0.0124,0.9876,0.9438,0.8717,LOW,28139.69,17.1
L0295,C,0.0134,0.9866,0.9488,0.8759,LOW,30243.19,29.46
L0296,D,0.1064,0.8936,0.865,0.824,MEDIUM,23530.84,26.85
L0297,B,0.0262,0.9738,0.9447,0.9197,LOW,24332.7,13.98
L0298,D,0.0575,0.9425,0.8965,0.833,MEDIUM,5850.12,6.14
L0299,A,0.1591,0.8409,0.7852,0.7465,HIGH,29855.91,26.14
L0300,A,0.3631,0.6369,0.6121,0.5451,VERY_HIGH,28648.26,27.78
L0301,C,0.2617,0.7383,0.6619,0.6153,HIGH,12771.05,25.52
L0302,C,0.2356,0.7644,0.6991,0.65,HIGH,26260.3,8.2
L0303,D,0.1391,0.8609,0.8057,0.739,MEDIUM,11445.64,29.95
L0304,D,0.42,0.58,0.5103,0.4674,VERY_HIGH,6209.9,11.46
L0305,G,0.1847,0.8153,0.7905,0.7439,HIGH,11034.1,23.11
L0306,C,0.0483,0.9517,0.9031,0.8605,LOW,10358.87,27.7
L0307,B,0.2815,0.7185,0.6607,0.6187,HIGH,15132.44,10.89
L0308,D,0.0601,0.9399,0.8702,0.8186,MEDIUM,17553.48,27.71
L0309,B,0.1619,0.8381,0.7711,0.7026,HIGH,20256.17,12.74
L0310,C,0.2333,0.7667,0.7301,0.6884,HIGH,19302.62,29.41
L0311,A,0.3947,0.6053,0.5288,0.4773,VERY_HIGH,13120.24,12.03
L0312,A,0.2272,0.7728,0.7453,0.6851,HIGH,5875.12,28.84
L0313,F,0.319,0.681,0.6085,0.5723,VERY_HIGH,23153.05,6.34
L0314,E,0.4468,0.5532,0.4749,0.4382,VERY_HIGH,16872.34,22.73
L0315,D,0.0679,0.9321,0.9015,0.8255,MEDIUM,13960.16,18.3
L0316,C,0.1309,0.8691,0.8058,0.7424,MEDIUM,31008.23,16.95
L0317,B,0.1836,0.8164,0.794,0.7394,HIGH,27402.3,10.59
L0318,B,0.1956,0.8044,0.7601,0.7012,HIGH,30732.97,22.64
L0319,B,0.1908,0.8092,0.7582,0.7364,HIGH,19849.48,9.77
L0320,C,0.4093,0.5907,0.5359,0.4788,VERY_HIGH,8927.94,18.82
L0321,D,0.3242,0.6758,0.5996,0.549,VERY_HIGH,25886.64,11.33
L0322,D,0.2775,0.7225,0.6622,0.6095,HIGH,11182.21,28.89
L0323,B,0.1461,0.8539,0.805,0.7634,MEDIUM,18236.89,5.72
L0324,F,0.3725,0.6275,0.5589,0.534,VERY_HIGH,6950.02,9.99
L0325,D,0.4302,0.5698,0.4928,0.4612,VERY_HIGH,29759.25,11.06
L0326,C,0.3713,0.6287,0.6074,0.5304,VERY_HIGH,8778.22,15.35
L0327,D,0.0107,0.9893,0.9103,0.8658,LOW,32092.93,10.82
L0328,C,0.29,0.71,0.6848,0.6368,HIGH,30926.92,17.28
L0329,B,0.0325,0.9675,0.8986,0.8754,LOW,18937.48,26.81
L0330,C,0.1233,0.8767,0.8399,0.8176,MEDIUM,27331.05,22.8
L0331,D,0.0362,0.9638,0.9359,0.8729,LOW,23583.35,19.5
L0332,A,0.2757,0.7243,0.6779,0.6256,HIGH,29092.27,7.23
L0333,A,0.3121,0.6879,0.6293,0.5788,VERY_HIGH,17954.15,22.35
L0334,A,0.0604,0.9396,0.8967,0.8621,MEDIUM,28574.25,9.16
L0335,A,0.1789,0.8211,0.7978,0.7331,HIGH,18873.7,24.66
L0336,E,0.2107,0.7893,0.7333,0.7032,HIGH,33228.97,11.25
L0337,D,0.1724,0.8276,0.7535,0.7221,HIGH,19591.16,15.43
L0338,C,0.0633,0.9367,0.8937,0.8461,MEDIUM,18878.58,13.76
L0339,A,0.1943,0.8057,0.7727,0.7355,HIGH,28552.16,26.47
L0340,C,0.3405,0.6595,0.6129,0.5781,VERY_HIGH,29647.33,8.16
L0341,C,0.0412,0.9588,0.9359,0.8772,LOW,21634.67,19.14
L0342,B,0.0453,0.9547,0.8855,0.8264,LOW,10393.93,8.55
L0343,C,0.1661,0.8339,0.7643,0.6948,HIGH,19032.75,22.62
L0344,C,0.4244,0.5756,0.5203,0.4752,VERY_HIGH,34042.18,27.63
L0345,D,0.3042,0.6958,0.6546,0.6302,VERY_HIGH,27589.59,15.87
L0346,D,0.3086,0.6914,0.6234,0.587,VERY_HIGH,29334.88,17.2
L0347,A,0.1692,0.8308,0.7775,0.6987,HIGH,5984.76,28.19
L0348,C,0.2712,0.7288,0.6592,0.6034,HIGH,19035.78,18.02
L0349,D,0.0145,0.9855,0.9276,0.865,LOW,24398.63,17.19
L0350,C,0.2899,0.7101,0.643,0.6226,HIGH,29900.98,19.46
L0351,E,0.4118,0.5882,0.5323,0.4812,VERY_HIGH,6478.21,22.23
L0352,D,0.2795,0.7205,0.6757,0.6534,HIGH,30573.17,7.67
L0353,B,0.3944,0.6056,0.5281,0.4739,VERY_HIGH,21452.03,25.53
L0354,A,0.3285,0.6715,0.619,0.5438,VERY_HIGH,10919.42,15.89
L0355,D,0.063,0.937,0.8807,0.8026,MEDIUM,14517.66,6.81
L0356,A,0.4071,0.5929,0.5597,0.5073,VERY_HIGH,13457.89,24.65
L0357,C,0.0392,0.9608,0.9033,0.8558,LOW,20925.77,14.42
L0358,F,0.2449,0.7551,0.7008,0.6241,HIGH,6550.57,7.51
L0359,C,0.0725,0.9275,0.8964,0.836,MEDIUM,9756.08,20.84
L0360,C,0.0152,0.9848,0.9612,0.9373,LOW,29380.79,27.0
L0361,D,0.1957,0.8043,0.748,0.7001,HIGH,8978.12,27.19
L0362,C,0.1398,0.8602,0.7944,0.76,MEDIUM,12001.89,28.94
L0363,C,0.2238,0.7762,0.7248,0.6766,HIGH,18601.12,26.69
L0364,F,0.264,0.736,0.7024,0.6551,HIGH,20513.63,5.05
L0365,C,0.0292,0.9708,0.9108,0.8559,LOW,27908.31,14.51
L0366,F,0.0641,0.9359,0.9111,0.8697,MEDIUM,18419.97,25.46
L0367,E,0.2558,0.7442,0.6977,0.6678,HIGH,28695.94,14.16
L0368,B,0.161,0.839,0.8092,0.759,HIGH,23550.39,20.04
L0369,A,0.3308,0.6692,0.6381,0.5683,VERY_HIGH,8392.99,20.16
L0370,A,0.297,0.703,0.6709,0.6111,HIGH,9689.94,14.13
L0371,A,0.3821,0.6179,0.5747,0.5344,VERY_HIGH,18111.01,27.61
L0372,A,0.3147,0.6853,0.6622,0.5861,VERY_HIGH,16906.68,17.58
L0373,D,0.1992,0.8008,0.7569,0.6822,HIGH,27306.33,16.62
L0374,A,0.3061,0.6939,0.6432,0.6106,VERY_HIGH,22422.11,29.94
L0375,B,0.1312,0.8688,0.8198,0.7974,MEDIUM,16643.99,17.34
L0376,E,0.1448,0.8552,0.8122,0.7477,MEDIUM,10122.81,9.46
L0377,A,0.3572,0.6428,0.5725,0.5028,VERY_HIGH,11805.11,17.83
L0378,E,0.2064,0.7936,0.7649,0.6868,HIGH,22265.03,25.35
L0379,B,0.3613,0.6387,0.5884,0.515,VERY_HIGH,17703.16,24.42
L0380,A,0.3719,0.6281,0.6044,0.5484,VERY_HIGH,20447.83,24.71
L0381,D,0.3873,0.6127,0.5884,0.5366,VERY_HIGH,10120.32,22.7
L0382,D,0.4133,0.5867,0.5323,0.5106,VERY_HIGH,24887.19,11.36
L0383,E,0.1996,0.8004,0.7464,0.7116,HIGH,30576.16,26.55
L0384,D,0.1503,0.8497,0.777,0.7294,HIGH,12738.19,27.34
L0385,E,0.2662,0.7338,0.6803,0.6226,HIGH,19745.43,9.85
L0386,B,0.1733,0.8267,0.7491,0.6957,HIGH,34265.82,8.26
L0387,B,0.2745,0.7255,0.7026,0.638,HIGH,14997.25,29.39
L0388,D,0.3205,0.6795,0.6536,0.6168,VERY_HIGH,22851.39,26.71
L0389,E,0.3129,0.6871,0.6645,0.6106,VERY_HIGH,7705.87,27.33
L0390,G,0.1748,0.8252,0.7941,0.7688,HIGH,23180.45,27.16
L0391,C,0.0834,0.9166,0.8641,0.8193,MEDIUM,7688.95,18.54
L0392,C,0.1994,0.8006,0.7419,0.6769,HIGH,33777.06,21.16
L0393,D,0.0727,0.9273,0.9046,0.843,MEDIUM,26469.88,18.63
L0394,B,0.4016,0.5984,0.5216,0.4422,VERY_HIGH,28644.79,6.28
L0395,F,0.1622,0.8378,0.7673,0.7306,HIGH,26123.13,23.64
L0396,E,0.078,0.922,0.8842,0.8343,MEDIUM,22691.87,17.63
L0397,C,0.0212,0.9788,0.9542,0.9144,LOW,18497.38,21.19
L0398,D,0.2942,0.7058,0.6756,0.6292,HIGH,30751.2,17.57
L0399,D,0.2902,0.7098,0.6822,0.6108,HIGH,33705.07,17.3
L0400,A,0.1599,0.8401,0.8127,0.7516,HIGH,19971.09,9.29
L0401,E,0.0416,0.9584,0.9073,0.8344,LOW,32946.05,11.97
L0402,C,0.1902,0.8098,0.775,0.7428,HIGH,22499.99,8.97
L0403,E,0.1469,0.8531,0.8116,0.7392,MEDIUM,21151.53,9.89
L0404,B,0.3079,0.6921,0.6127,0.5891,VERY_HIGH,18634.48,29.32
L0405,E,0.2765,0.7235,0.6624,0.5891,HIGH,11278.63,8.83
L0406,C,0.1704,0.8296,0.7527,0.713,HIGH,5111.59,11.73
L0407,A,0.1059,0.8941,0.8655,0.8266,MEDIUM,12245.19,19.76
L0408,E,0.4447,0.5553,0.5124,0.4617,VERY_HIGH,20291.7,20.25
L0409,A,0.2098,0.7902,0.7369,0.6605,HIGH,16398.8,8.85
L0410,B,0.3128,0.6872,0.6626,0.6397,VERY_HIGH,18454.56,24.84
L0411,F,0.0718,0.9282,0.9079,0.8668,MEDIUM,34419.45,24.63
L0412,F,0.2237,0.7763,0.7161,0.6447,HIGH,15508.17,10.93
L0413,C,0.0221,0.9779,0.9194,0.8756,LOW,18565.49,12.22
L0414,D,0.2324,0.7676,0.723,0.6911,HIGH,9005.47,28.45
L0415,C,0.4342,0.5658,0.5164,0.4709,VERY_HIGH,6438.73,25.64
L0416,B,0.1791,0.8209,0.776,0.7329,HIGH,28262.29,22.44
L0417,B,0.0272,0.9728,0.9514,0.8765,LOW,22120.5,7.06
L0418,D,0.0236,0.9764,0.9363,0.8706,LOW,27821.14,15.46
L0419,D,0.1807,0.8193,0.7887,0.7384,HIGH,9495.88,18.98
L0420,D,0.0804,0.9196,0.8937,0.8144,MEDIUM,22154.86,9.69
L0421,D,0.0203,0.9797,0.9023,0.8544,LOW,12609.27,16.21
L0422,A,0.3427,0.6573,0.6013,0.5778,VERY_HIGH,11841.85,20.03
L0423,C,0.2118,0.7882,0.7245,0.6888,HIGH,5345.78,13.18
L0424,A,0.1373,0.8627,0.8238,0.7776,MEDIUM,8910.22,24.52
L0425,C,0.406,0.594,0.5504,0.521,VERY_HIGH,14278.04,26.01
L0426,C,0.0611,0.9389,0.9047,0.8278,MEDIUM,8506.36,13.09
L0427,E,0.4306,0.5694,0.5436,0.4776,VERY_HIGH,34575.75,25.97
L0428,C,0.1481,0.8519,0.8212,0.7851,MEDIUM,14258.98,7.59
L0429,A,0.4009,0.5991,0.5312,0.4758,VERY_HIGH,8909.72,25.94
L0430,A,0.2753,0.7247,0.664,0.6007,HIGH,10972.47,8.82
L0431,D,0.3738,0.6262,0.5734,0.4969,VERY_HIGH,22631.1,7.07
L0432,D,0.443,0.557,0.5085,0.4356,VERY_HIGH,6921.31,21.04
L0433,A,0.1369,0.8631,0.7878,0.7369,MEDIUM,30873.02,16.8
L0434,A,0.4329,0.5671,0.5427,0.4762,VERY_HIGH,33844.99,27.7
L0435,D,0.1814,0.8186,0.7818,0.7281,HIGH,12402.42,14.08
L0436,A,0.1796,0.8204,0.7794,0.7262,HIGH,18502.86,12.18
L0437,E,0.1598,0.8402,0.7733,0.7464,HIGH,5664.03,17.52
L0438,D,0.2482,0.7518,0.6722,0.6446,HIGH,24221.31,16.4
L0439,A,0.0778,0.9222,0.8878,0.836,MEDIUM,17417.78,13.61
L0440,A,0.2536,0.7464,0.6739,0.6378,HIGH,13101.75,22.34
L0441,G,0.2484,0.7516,0.6818,0.6605,HIGH,11205.11,23.99
L0442,C,0.3452,0.6548,0.6213,0.5579,VERY_HIGH,24620.69,26.32
L0443,C,0.3768,0.6232,0.5792,0.5573,VERY_HIGH,17486.51,29.32
L0444,E,0.2038,0.7962,0.7516,0.6959,HIGH,10389.78,11.67
L0445,F,0.143,0.857,0.7783,0.7259,MEDIUM,25673.27,22.9
L0446,G,0.1241,0.8759,0.845,0.7669,MEDIUM,21952.17,14.86
L0447,D,0.0956,0.9044,0.8365,0.7874,MEDIUM,30760.16,21.93
L0448,C,0.0354,0.9646,0.9245,0.9007,LOW,8524.28,16.9
L0449,A,0.1607,0.8393,0.7754,0.7223,HIGH,28570.0,29.84
L0450,D,0.1289,0.8711,0.8259,0.7554,MEDIUM,25205.5,23.22
L0451,C,0.4352,0.5648,0.5101,0.4303,VERY_HIGH,8450.33,28.81
L0452,C,0.2554,0.7446,0.6746,0.6288,HIGH,25844.62,25.87
L0453,E,0.1628,0.8372,0.769,0.7298,HIGH,18246.42,27.57
L0454,A,0.2654,0.7346,0.6626,0.5882,HIGH,33349.54,25.36
L0455,C,0.0712,0.9288,0.9052,0.8737,MEDIUM,9248.34,16.48
L0456,A,0.2054,0.7946,0.7331,0.6762,HIGH,24285.0,11.29
L0457,C,0.2855,0.7145,0.6861,0.6418,HIGH,16459.4,14.26
L0458,A,0.2251,0.7749,0.73,0.7075,HIGH,33704.44,5.51
L0459,A,0.1868,0.8132,0.7603,0.7195,HIGH,14899.25,18.1
L0460,A,0.4473,0.5527,0.5085,0.4726,VERY_HIGH,33865.58,17.63
L0461,D,0.3973,0.6027,0.5515,0.4903,VERY_HIGH,32044.58,18.13
L0462,D,0.2843,0.7157,0.6359,0.559,HIGH,13111.5,29.35
L0463,C,0.2605,0.7395,0.7114,0.6753,HIGH,29106.25,27.79
L0464,F,0.2831,0.7169,0.6564,0.5877,HIGH,34868.13,9.04
L0465,C,0.0986,0.9014,0.8576,0.8343,MEDIUM,12579.89,14.22
L0466,B,0.1839,0.8161,0.7881,0.7358,HIGH,18103.32,15.6
L0467,E,0.0274,0.9726,0.9431,0.9189,LOW,20605.42,14.01
L0468,B,0.2192,0.7808,0.7038,0.6278,HIGH,13847.93,24.96
L0469,F,0.2489,0.7511,0.6783,0.6123,HIGH,5457.95,18.1
L0470,A,0.1102,0.8898,0.8154,0.7559,MEDIUM,11603.88,19.3
L0471,F,0.4342,0.5658,0.4863,0.4169,VERY_HIGH,13458.11,26.33
L0472,A,0.4102,0.5898,0.5573,0.4984,VERY_HIGH,18307.99,25.15
L0473,E,0.3277,0.6723,0.631,0.5529,VERY_HIGH,10133.07,8.31
L0474,C,0.2447,0.7553,0.6951,0.6323,HIGH,31197.63,22.85
L0475,G,0.3928,0.6072,0.5582,0.4827,VERY_HIGH,26147.33,15.89
L0476,A,0.0675,0.9325,0.8874,0.8364,MEDIUM,7556.01,12.37
L0477,C,0.3578,0.6422,0.6007,0.5737,VERY_HIGH,24502.77,6.25
L0478,F,0.0649,0.9351,0.8795,0.8278,MEDIUM,24609.69,17.18
L0479,C,0.3595,0.6405,0.586,0.5584,VERY_HIGH,33686.64,13.89
L0480,D,0.1313,0.8687,0.839,0.7835,MEDIUM,5090.63,11.29
L0481,D,0.3959,0.6041,0.5558,0.5069,VERY_HIGH,12437.97,22.37
L0482,C,0.4254,0.5746,0.5214,0.464,VERY_HIGH,32833.74,24.24
L0483,D,0.0755,0.9245,0.8703,0.8497,MEDIUM,32964.02,11.12
L0484,C,0.2136,0.7864,0.7538,0.7221,HIGH,26617.59,6.24
L0485,E,0.4416,0.5584,0.4939,0.4444,VERY_HIGH,27972.9,26.22
L0486,A,0.2227,0.7773,0.7558,0.6788,HIGH,7744.49,5.25
L0487,B,0.39,0.61,0.5687,0.5257,VERY_HIGH,20416.28,28.43
L0488,F,0.269,0.731,0.6642,0.6187,HIGH,11947.49,20.69
L0489,E,0.1751,0.8249,0.7711,0.7082,HIGH,10436.54,13.05
L0490,C,0.1357,0.8643,0.8286,0.7724,MEDIUM,29309.1,11.16
L0491,D,0.0994,0.9006,0.8389,0.801,MEDIUM,9051.14,5.23
L0492,B,0.3452,0.6548,0.6008,0.5562,VERY_HIGH,19059.55,10.89
L0493,B,0.1801,0.8199,0.7521,0.719,HIGH,33157.35,8.44
L0494,C,0.235,0.765,0.7009,0.6229,HIGH,10574.96,20.3
L0495,C,0.2266,0.7734,0.7168,0.689,HIGH,34339.8,9.16
L0496,C,0.264,0.736,0.6867,0.6444,HIGH,34828.64,18.22
L0497,A,0.3909,0.6091,0.5811,0.5595,VERY_HIGH,21668.51,19.75
L0498,G,0.4415,0.5585,0.5228,0.4895,VERY_HIGH,10104.28,12.45
L0499,G,0.1893,0.8107,0.7656,0.6988,HIGH,14483.15,5.88
L0500,D,0.3741,0.6259,0.5699,0.5378,VERY_HIGH,17734.78,5.93
L0501,C,0.3464,0.6536,0.6028,0.578,VERY_HIGH,14279.73,5.66
L0502,B,0.2624,0.7376,0.7003,0.6518,HIGH,13419.07,23.48
L0503,E,0.4307,0.5693,0.5489,0.5283,VERY_HIGH,34166.89,12.95
L0504,D,0.0982,0.9018,0.852,0.8269,MEDIUM,9600.94,24.91
L0505,B,0.0581,0.9419,0.9048,0.8363,MEDIUM,26999.84,15.79
L0506,E,0.3857,0.6143,0.5502,0.4839,VERY_HIGH,5012.31,16.32
L0507,E,0.2032,0.7968,0.7754,0.7005,HIGH,22885.48,17.82
L0508,F,0.3827,0.6173,0.5622,0.4909,VERY_HIGH,32478.29,22.83
L0509,D,0.403,0.597,0.5205,0.4595,VERY_HIGH,13638.02,11.84
L0510,D,0.0375,0.9625,0.932,0.9089,LOW,10565.78,8.04
L0511,C,0.3987,0.6013,0.553,0.486,VERY_HIGH,24550.39,18.9
L0512,F,0.2073,0.7927,0.7672,0.6965,HIGH,26378.04,13.17
L0513,E,0.2346,0.7654,0.7079,0.64,HIGH,25640.92,16.06
L0514,A,0.2857,0.7143,0.6613,0.6108,HIGH,14579.51,21.17
L0515,A,0.4176,0.5824,0.538,0.504,VERY_HIGH,12566.07,17.35
L0516,C,0.0184,0.9816,0.9303,0.8596,LOW,33677.56,20.51
L0517,E,0.2198,0.7802,0.7064,0.6428,HIGH,32698.99,18.61
L0518,G,0.3126,0.6874,0.6556,0.5768,VERY_HIGH,18719.5,23.49
L0519,B,0.328,0.672,0.6506,0.6213,VERY_HIGH,30385.82,22.65
L0520,C,0.3147,0.6853,0.6136,0.5801,VERY_HIGH,18569.7,18.35
L0521,C,0.0692,0.9308,0.8762,0.8435,MEDIUM,17731.67,21.97
L0522,F,0.1417,0.8583,0.7849,0.7173,MEDIUM,9702.89,26.84
L0523,E,0.1678,0.8322,0.7764,0.7452,HIGH,17792.18,15.81
L0524,E,0.364,0.636,0.5674,0.5434,VERY_HIGH,21122.51,15.32
L0525,C,0.1327,0.8673,0.8215,0.7416,MEDIUM,5675.13,24.11
L0526,C,0.1027,0.8973,0.8323,0.8108,MEDIUM,18323.39,19.56
L0527,B,0.4313,0.5687,0.4939,0.4238,VERY_HIGH,28440.69,6.78
L0528,A,0.0139,0.9861,0.9318,0.8899,LOW,25401.38,27.3
L0529,E,0.449,0.551,0.5202,0.4497,VERY_HIGH,24054.71,5.77
L0530,E,0.3078,0.6922,0.6561,0.6028,VERY_HIGH,32286.66,23.71
L0531,G,0.3745,0.6255,0.5936,0.5195,VERY_HIGH,5540.96,23.97
L0532,G,0.1396,0.8604,0.8256,0.75,MEDIUM,21711.43,28.83
L0533,C,0.0163,0.9837,0.9453,0.9248,LOW,28620.47,6.35
L0534,D,0.3347,0.6653,0.612,0.5875,VERY_HIGH,21240.06,19.92
L0535,F,0.377,0.623,0.5677,0.5327,VERY_HIGH,14716.87,15.7
L0536,E,0.3358,0.6642,0.6186,0.5584,VERY_HIGH,9087.52,13.27
L0537,B,0.0729,0.9271,0.8702,0.7969,MEDIUM,31626.89,7.26
L0538,C,0.3415,0.6585,0.6336,0.586,VERY_HIGH,19122.87,19.07
L0539,A,0.3483,0.6517,0.6264,0.57,VERY_HIGH,31343.46,16.98
L0540,F,0.2998,0.7002,0.6699,0.6386,HIGH,22575.56,7.61
L0541,D,0.3471,0.6529,0.6018,0.5335,VERY_HIGH,25225.76,20.31
L0542,B,0.3822,0.6178,0.585,0.507,VERY_HIGH,29127.83,23.45
L0543,D,0.28,0.72,0.683,0.6469,HIGH,24774.67,24.18
L0544,D,0.049,0.951,0.907,0.8573,LOW,16941.65,27.63
L0545,C,0.2246,0.7754,0.7067,0.6815,HIGH,20409.0,15.24
L0546,A,0.0442,0.9558,0.935,0.8815,LOW,29091.37,28.83
L0547,D,0.1893,0.8107,0.7517,0.7015,HIGH,16209.51,26.64
L0548,C,0.1891,0.8109,0.7508,0.7221,HIGH,16643.64,12.41
L0549,D,0.039,0.961,0.8931,0.8466,LOW,7870.7,8.98
L0550,C,0.1635,0.8365,0.7605,0.7205,HIGH,32437.53,15.88
L0551,E,0.0588,0.9412,0.92,0.8687,MEDIUM,7731.09,15.05
L0552,C,0.3656,0.6344,0.6052,0.5501,VERY_HIGH,24446.28,19.39
L0553,C,0.427,0.573,0.4998,0.4793,VERY_HIGH,17395.83,19.58
L0554,E,0.0418,0.9582,0.9107,0.845,LOW,17168.58,23.75
L0555,C,0.4303,0.5697,0.5158,0.453,VERY_HIGH,25386.56,17.75
L0556,A,0.2399,0.7601,0.7003,0.6583,HIGH,7012.81,7.62
L0557,A,0.1418,0.8582,0.7975,0.7743,MEDIUM,22811.17,26.46
L0558,D,0.0438,0.9562,0.8803,0.815,LOW,28160.95,12.74
L0559,D,0.2303,0.7697,0.6899,0.6126,HIGH,29846.38,29.28
L0560,D,0.3596,0.6404,0.5772,0.5428,VERY_HIGH,10115.91,7.95
L0561,B,0.3211,0.6789,0.6417,0.6023,VERY_HIGH,31922.57,28.96
L0562,A,0.0321,0.9679,0.8951,0.8641,LOW,24684.38,7.28
L0563,A,0.0421,0.9579,0.9349,0.8803,LOW,31455.64,10.78
L0564,C,0.1873,0.8127,0.7788,0.7495,HIGH,19558.42,6.16
L0565,C,0.1399,0.8601,0.7863,0.7449,MEDIUM,21261.0,22.63
L0566,C,0.1122,0.8878,0.8524,0.7906,MEDIUM,32571.15,26.26
L0567,C,0.1336,0.8664,0.8332,0.7796,MEDIUM,31997.29,15.85
L0568,E,0.3635,0.6365,0.6082,0.565,VERY_HIGH,18444.83,28.21
L0569,B,0.4189,0.5811,0.5096,0.4644,VERY_HIGH,13232.38,19.76
L0570,C,0.1882,0.8118,0.7618,0.7081,HIGH,16795.11,20.75
L0571,D,0.4087,0.5913,0.5308,0.5104,VERY_HIGH,16632.93,26.14
L0572,C,0.1515,0.8485,0.8142,0.7895,HIGH,13606.01,12.42
L0573,D,0.2196,0.7804,0.7149,0.642,HIGH,13057.39,13.86
L0574,E,0.1095,0.8905,0.8249,0.8002,MEDIUM,30831.89,27.65
L0575,F,0.2918,0.7082,0.6694,0.607,HIGH,7095.86,27.52
L0576,A,0.4408,0.5592,0.5146,0.4394,VERY_HIGH,25328.34,29.41
L0577,F,0.2755,0.7245,0.6919,0.6557,HIGH,10184.6,27.55
L0578,C,0.1674,0.8326,0.754,0.7118,HIGH,15335.18,8.18
L0579,B,0.295,0.705,0.6463,0.5922,HIGH,6846.29,25.59
L0580,C,0.0641,0.9359,0.8598,0.7869,MEDIUM,13099.21,15.25
L0581,G,0.401,0.599,0.5608,0.4843,VERY_HIGH,28052.63,29.77
L0582,C,0.2314,0.7686,0.7017,0.6373,HIGH,31550.46,16.81
L0583,B,0.2077,0.7923,0.7263,0.7011,HIGH,11645.81,18.85
L0584,D,0.2678,0.7322,0.6707,0.6106,HIGH,18906.44,18.24
L0585,B,0.2849,0.7151,0.6372,0.5926,HIGH,19109.72,13.04
L0586,A,0.0416,0.9584,0.9148,0.8666,LOW,31207.26,6.88
L0587,A,0.3104,0.6896,0.6618,0.6389,VERY_HIGH,27883.97,27.39
L0588,A,0.1164,0.8836,0.8233,0.7918,MEDIUM,20392.32,25.07
L0589,B,0.3241,0.6759,0.6121,0.5447,VERY_HIGH,25122.42,8.49
L0590,A,0.3719,0.6281,0.5736,0.5264,VERY_HIGH,30420.65,24.42
L0591,D,0.3637,0.6363,0.6039,0.5658,VERY_HIGH,5286.17,20.65
L0592,B,0.2531,0.7469,0.6966,0.6536,HIGH,17086.7,15.23
L0593,B,0.2389,0.7611,0.7224,0.6511,HIGH,32217.3,11.35
L0594,E,0.0729,0.9271,0.8815,0.8166,MEDIUM,27209.39,26.49
L0595,C,0.3512,0.6488,0.5901,0.5538,VERY_HIGH,21285.24,22.5
L0596,D,0.1294,0.8706,0.8059,0.7788,MEDIUM,20889.34,18.69
L0597,B,0.2285,0.7715,0.7376,0.7025,HIGH,15433.1,20.24
L0598,B,0.1351,0.8649,0.8206,0.7454,MEDIUM,20615.62,7.28
L0599,A,0.0689,0.9311,0.895,0.8401,MEDIUM,24661.5,16.85
L0600,B,0.287,0.713,0.6811,0.6291,HIGH,17550.89,9.84
L0601,B,0.0339,0.9661,0.8991,0.8433,LOW,26424.59,10.21
L0602,B,0.3394,0.6606,0.586,0.544,VERY_HIGH,30836.97,21.53
L0603,A,0.1497,0.8503,0.8081,0.7397,MEDIUM,9640.55,27.78
L0604,A,0.0101,0.9899,0.9248,0.8734,LOW,18546.41,15.09
L0605,C,0.2349,0.7651,0.6913,0.6643,HIGH,17240.6,10.19
L0606,B,0.0306,0.9694,0.8986,0.8709,LOW,25623.94,21.22
L0607,C,0.1315,0.8685,0.8375,0.7853,MEDIUM,12496.02,26.78
L0608,C,0.3211,0.6789,0.6015,0.5253,VERY_HIGH,24207.53,23.71
L0609,D,0.0376,0.9624,0.9198,0.8813,LOW,31324.68,26.72
L0610,A,0.3793,0.6207,0.5803,0.5081,VERY_HIGH,17543.95,18.41
L0611,D,0.0117,0.9883,0.9646,0.8988,LOW,32330.47,23.8
L0612,D,0.1186,0.8814,0.8322,0.7973,MEDIUM,34794.91,8.5
L0613,A,0.336,0.664,0.6375,0.6153,VERY_HIGH,8182.76,13.71
L0614,E,0.1492,0.8508,0.8159,0.7898,MEDIUM,11991.6,14.74
L0615,F,0.0548,0.9452,0.9062,0.8425,MEDIUM,33511.39,17.78
L0616,A,0.1685,0.8315,0.763,0.731,HIGH,33749.83,28.23
L0617,B,0.129,0.871,0.7985,0.7562,MEDIUM,7931.22,26.86
L0618,E,0.3808,0.6192,0.5811,0.531,VERY_HIGH,5449.96,8.36
L0619,D,0.1479,0.8521,0.7806,0.7171,MEDIUM,9833.0,9.32
L0620,B,0.3571,0.6429,0.5715,0.5447,VERY_HIGH,34880.38,13.94
L0621,B,0.4024,0.5976,0.5317,0.4873,VERY_HIGH,10399.99,12.27
L0622,C,0.2009,0.7991,0.7703,0.7212,HIGH,20076.43,20.37
L0623,C,0.4104,0.5896,0.5282,0.4758,VERY_HIGH,30452.53,27.57
L0624,D,0.176,0.824,0.7473,0.6782,HIGH,5612.05,29.06
L0625,C,0.4342,0.5658,0.5048,0.4745,VERY_HIGH,23134.67,21.34
L0626,C,0.0493,0.9507,0.9108,0.8423,LOW,13310.76,25.95
L0627,D,0.3123,0.6877,0.6377,0.5761,VERY_HIGH,30870.05,18.13
L0628,A,0.2273,0.7727,0.714,0.6606,HIGH,13503.83,10.21
L0629,B,0.1806,0.8194,0.7688,0.7068,HIGH,25602.67,18.12
L0630,D,0.2884,0.7116,0.6844,0.6397,HIGH,25226.59,18.88
L0631,E,0.3197,0.6803,0.6416,0.6133,VERY_HIGH,11644.81,23.56
L0632,C,0.0119,0.9881,0.92,0.8601,LOW,6043.98,10.5
L0633,C,0.0835,0.9165,0.8448,0.7933,MEDIUM,17277.49,14.21
L0634,A,0.3237,0.6763,0.6481,0.5897,VERY_HIGH,13675.79,14.1
L0635,C,0.3032,0.6968,0.6197,0.5794,VERY_HIGH,29269.33,28.99
L0636,C,0.4351,0.5649,0.5252,0.4508,VERY_HIGH,29010.93,16.1
L0637,B,0.3449,0.6551,0.5954,0.5402,VERY_HIGH,18710.72,23.88
L0638,B,0.4283,0.5717,0.5066,0.4815,VERY_HIGH,23195.37,23.77
L0639,C,0.3191,0.6809,0.6122,0.5652,VERY_HIGH,23127.79,11.64
L0640,A,0.1411,0.8589,0.7822,0.7168,MEDIUM,29814.74,19.3
L0641,B,0.0564,0.9436,0.9048,0.8372,MEDIUM,17750.07,27.36
L0642,B,0.354,0.646,0.5745,0.5248,VERY_HIGH,13263.4,16.88
L0643,B,0.2934,0.7066,0.6787,0.605,HIGH,12951.05,28.63
L0644,A,0.0312,0.9688,0.9065,0.8704,LOW,21085.77,10.36
L0645,E,0.1684,0.8316,0.7671,0.7225,HIGH,18474.45,6.85
L0646,C,0.431,0.569,0.5083,0.4344,VERY_HIGH,18203.62,27.29
L0647,D,0.2302,0.7698,0.7347,0.6609,HIGH,7734.12,26.19
L0648,D,0.2004,0.7996,0.7272,0.6661,HIGH,26558.11,29.81
L0649,C,0.2114,0.7886,0.7585,0.687,HIGH,11412.1,21.98
L0650,A,0.1019,0.8981,0.8749,0.8496,MEDIUM,10908.61,28.42
L0651,C,0.1722,0.8278,0.7648,0.6929,HIGH,17382.75,25.67
L0652,C,0.1727,0.8273,0.7788,0.7396,HIGH,11833.35,26.11
L0653,D,0.033,0.967,0.8961,0.8654,LOW,22515.75,19.23
L0654,C,0.3477,0.6523,0.6093,0.5749,VERY_HIGH,16143.9,14.56
L0655,A,0.1933,0.8067,0.7766,0.7315,HIGH,18467.35,28.36
L0656,B,0.3718,0.6282,0.558,0.5229,VERY_HIGH,21115.08,15.8
L0657,C,0.3842,0.6158,0.5629,0.5237,VERY_HIGH,11106.07,18.47
L0658,D,0.1033,0.8967,0.8653,0.8372,MEDIUM,9672.55,16.15
L0659,C,0.2992,0.7008,0.6376,0.5998,HIGH,31412.66,19.12
L0660,C,0.2178,0.7822,0.7315,0.6772,HIGH,18011.71,16.76
L0661,G,0.3973,0.6027,0.5464,0.4999,VERY_HIGH,17362.81,6.2
L0662,D,0.1049,0.8951,0.8474,0.8066,MEDIUM,6068.36,27.05
L0663,B,0.3082,0.6918,0.6221,0.5573,VERY_HIGH,19939.29,16.11
L0664,A,0.2774,0.7226,0.6528,0.5792,HIGH,21625.09,19.72
L0665,B,0.1399,0.8601,0.7975,0.7321,MEDIUM,21765.23,8.48
L0666,B,0.0701,0.9299,0.9036,0.8637,MEDIUM,26210.94,5.08
L0667,B,0.2967,0.7033,0.633,0.5683,HIGH,10324.46,11.13
L0668,B,0.335,0.665,0.6047,0.5756,VERY_HIGH,12566.69,22.61
L0669,B,0.1489,0.8511,0.7893,0.7615,MEDIUM,29321.91,7.48
L0670,B,0.2937,0.7063,0.6645,0.6238,HIGH,33415.12,27.72
L0671,E,0.1839,0.8161,0.7433,0.6748,HIGH,9077.98,10.38
L0672,A,0.3238,0.6762,0.6127,0.5779,VERY_HIGH,19929.49,10.11
L0673,C,0.0977,0.9023,0.8755,0.8517,MEDIUM,11425.29,9.54
L0674,C,0.4017,0.5983,0.5538,0.5259,VERY_HIGH,6802.2,5.35
L0675,G,0.1365,0.8635,0.7903,0.7188,MEDIUM,14765.1,24.3
L0676,A,0.1718,0.8282,0.8054,0.7474,HIGH,9310.63,26.88
L0677,C,0.0356,0.9644,0.8867,0.8515,LOW,26297.99,20.35
L0678,F,0.0591,0.9409,0.8802,0.8269,MEDIUM,21011.76,9.7
L0679,E,0.237,0.763,0.7051,0.6534,HIGH,9315.03,12.13
L0680,E,0.1277,0.8723,0.8361,0.7768,MEDIUM,5277.25,16.9
L0681,B,0.3776,0.6224,0.5875,0.5535,VERY_HIGH,29244.71,28.86
L0682,B,0.0165,0.9835,0.907,0.8351,LOW,10285.83,11.18
L0683,D,0.1768,0.8232,0.7853,0.7467,HIGH,23186.5,23.29
L0684,F,0.1584,0.8416,0.7751,0.7135,HIGH,15107.66,15.99
L0685,C,0.0185,0.9815,0.9379,0.9169,LOW,22564.58,12.45
L0686,C,0.0647,0.9353,0.9069,0.8645,MEDIUM,14469.61,16.4
L0687,B,0.192,0.808,0.7874,0.7463,HIGH,7608.19,6.78
L0688,D,0.2269,0.7731,0.7204,0.6678,HIGH,11688.5,24.97
L0689,B,0.1879,0.8121,0.7336,0.7092,HIGH,10641.76,11.08
L0690,B,0.2436,0.7564,0.7143,0.6469,HIGH,17840.58,23.14
L0691,C,0.2719,0.7281,0.6867,0.6536,HIGH,24748.51,6.71
L0692,C,0.0144,0.9856,0.945,0.8844,LOW,12914.18,28.88
L0693,B,0.2142,0.7858,0.7346,0.6664,HIGH,5362.1,9.83
L0694,A,0.4339,0.5661,0.5197,0.466,VERY_HIGH,20568.12,27.07
L0695,D,0.2384,0.7616,0.6888,0.6243,HIGH,23172.78,25.24
L0696,B,0.3081,0.6919,0.6416,0.5819,VERY_HIGH,33886.11,29.2
L0697,C,0.1472,0.8528,0.8023,0.761,MEDIUM,22684.12,16.95
L0698,B,0.3506,0.6494,0.6211,0.5526,VERY_HIGH,19135.18,23.18
L0699,C,0.3501,0.6499,0.5709,0.5332,VERY_HIGH,22202.05,14.27
L0700,C,0.2394,0.7606,0.7256,0.6713,HIGH,32837.02,9.61
L0701,A,0.4394,0.5606,0.5362,0.4715,VERY_HIGH,29851.34,16.08
L0702,B,0.0652,0.9348,0.875,0.8323,MEDIUM,14689.36,9.14
L0703,A,0.0175,0.9825,0.9268,0.8886,LOW,12117.63,29.55
L0704,A,0.3489,0.6511,0.6062,0.5586,VERY_HIGH,12879.01,7.41
L0705,G,0.3651,0.6349,0.5896,0.5205,VERY_HIGH,20132.63,19.73
L0706,B,0.0629,0.9371,0.87,0.7942,MEDIUM,27321.48,20.66
L0707,E,0.1269,0.8731,0.8414,0.7887,MEDIUM,20096.58,18.45
L0708,B,0.0177,0.9823,0.9131,0.8534,LOW,7033.89,21.55
L0709,D,0.1391,0.8609,0.802,0.7278,MEDIUM,26707.42,7.9
L0710,D,0.3502,0.6498,0.6047,0.5788,VERY_HIGH,29179.1,18.88
L0711,C,0.2379,0.7621,0.7146,0.6807,HIGH,13684.94,12.18
L0712,C,0.1632,0.8368,0.8014,0.7389,HIGH,24923.77,28.5
L0713,C,0.1736,0.8264,0.7613,0.6919,HIGH,17797.76,24.05
L0714,B,0.0106,0.9894,0.9386,0.8672,LOW,31673.58,29.31
L0715,F,0.1419,0.8581,0.8188,0.7739,MEDIUM,30356.77,5.94
L0716,E,0.2944,0.7056,0.6498,0.6244,HIGH,20762.96,12.13
L0717,F,0.4386,0.5614,0.4817,0.4354,VERY_HIGH,25745.17,9.89
L0718,A,0.3827,0.6173,0.5712,0.5374,VERY_HIGH,31500.49,5.28
L0719,D,0.0204,0.9796,0.9044,0.8669,LOW,19871.51,11.06
L0720,F,0.4054,0.5946,0.5539,0.4876,VERY_HIGH,14397.52,21.97
L0721,B,0.3546,0.6454,0.6221,0.5976,VERY_HIGH,27609.98,10.78
L0722,A,0.3534,0.6466,0.6143,0.5446,VERY_HIGH,11601.99,17.73
L0723,D,0.2115,0.7885,0.7434,0.6977,HIGH,16655.93,27.2
L0724,C,0.1851,0.8149,0.7817,0.7259,HIGH,30971.82,22.34
L0725,E,0.1433,0.8567,0.8367,0.8113,MEDIUM,26732.67,14.87
L0726,A,0.0389,0.9611,0.8862,0.846,LOW,17114.33,14.31
L0727,D,0.1104,0.8896,0.819,0.7936,MEDIUM,11442.34,16.39
L0728,B,0.1185,0.8815,0.817,0.7393,MEDIUM,15679.05,9.43
L0729,B,0.223,0.777,0.7469,0.6785,HIGH,13523.12,20.85
L0730,B,0.3389,0.6611,0.6339,0.5863,VERY_HIGH,10282.68,14.1
L0731,E,0.2185,0.7815,0.7574,0.724,HIGH,27299.99,26.31
L0732,D,0.0355,0.9645,0.9011,0.8251,LOW,12562.1,23.91
L0733,C,0.4314,0.5686,0.4929,0.4522,VERY_HIGH,18625.02,20.26
L0734,C,0.4248,0.5752,0.5294,0.4997,VERY_HIGH,16575.78,14.11
L0735,E,0.3555,0.6445,0.6174,0.5636,VERY_HIGH,34462.32,10.25
L0736,C,0.4462,0.5538,0.5031,0.4265,VERY_HIGH,16732.77,24.4
L0737,E,0.2496,0.7504,0.7095,0.6893,HIGH,7399.47,17.16
L0738,C,0.4336,0.5664,0.5239,0.4896,VERY_HIGH,7694.77,10.62
L0739,C,0.0433,0.9567,0.8994,0.8231,LOW,22722.61,9.88
L0740,C,0.1709,0.8291,0.766,0.7357,HIGH,22980.91,9.14
L0741,B,0.1092,0.8908,0.8642,0.8374,MEDIUM,17562.77,24.43
L0742,D,0.0962,0.9038,0.8817,0.8275,MEDIUM,17955.31,10.72
L0743,C,0.072,0.928,0.8483,0.7766,MEDIUM,6617.98,18.17
L0744,B,0.2839,0.7161,0.6821,0.6335,HIGH,20496.4,16.29
L0745,E,0.3538,0.6462,0.623,0.5433,VERY_HIGH,20142.18,19.49
L0746,C,0.2645,0.7355,0.7041,0.6433,HIGH,9486.48,26.93
L0747,C,0.0747,0.9253,0.903,0.8786,MEDIUM,8115.18,26.69
L0748,E,0.3669,0.6331,0.5896,0.51,VERY_HIGH,8707.17,16.28
L0749,D,0.2898,0.7102,0.6421,0.5976,HIGH,8030.85,5.38
L0750,A,0.1808,0.8192,0.7787,0.7415,HIGH,23291.25,15.66
L0751,F,0.3066,0.6934,0.6467,0.5932,VERY_HIGH,10894.48,20.15
L0752,D,0.1244,0.8756,0.8151,0.7768,MEDIUM,12542.9,18.94
L0753,B,0.1619,0.8381,0.7876,0.7624,HIGH,10207.16,21.28
L0754,A,0.4137,0.5863,0.5146,0.4945,VERY_HIGH,33735.06,8.85
L0755,D,0.1378,0.8622,0.7902,0.7432,MEDIUM,30638.52,21.16
L0756,D,0.2168,0.7832,0.7626,0.6924,HIGH,11914.85,9.57
L0757,C,0.4017,0.5983,0.5316,0.4773,VERY_HIGH,14826.99,23.76
L0758,E,0.3214,0.6786,0.631,0.551,VERY_HIGH,11296.79,13.48
L0759,D,0.0374,0.9626,0.8833,0.8461,LOW,19756.28,22.75
L0760,B,0.0748,0.9252,0.8762,0.8394,MEDIUM,5588.32,6.2
L0761,B,0.0135,0.9865,0.9073,0.8777,LOW,25141.04,15.2
L0762,B,0.2876,0.7124,0.6471,0.6173,HIGH,20694.74,22.63
L0763,D,0.207,0.793,0.7581,0.721,HIGH,31959.17,10.67
L0764,A,0.0691,0.9309,0.8786,0.811,MEDIUM,9931.78,24.88
L0765,C,0.4315,0.5685,0.489,0.4147,VERY_HIGH,29123.28,20.77
L0766,D,0.2431,0.7569,0.6854,0.6069,HIGH,28758.83,19.69
L0767,E,0.1164,0.8836,0.8578,0.8239,MEDIUM,8815.44,13.84
L0768,B,0.2303,0.7697,0.7073,0.6344,HIGH,16956.78,17.06
L0769,E,0.309,0.691,0.6503,0.6106,VERY_HIGH,10104.58,19.93
L0770,A,0.0435,0.9565,0.9361,0.9093,LOW,12641.62,16.81
L0771,E,0.1309,0.8691,0.8249,0.7527,MEDIUM,12897.39,22.46
L0772,A,0.3651,0.6349,0.6008,0.5426,VERY_HIGH,21687.09,15.84
L0773,C,0.2123,0.7877,0.7186,0.6887,HIGH,17342.33,10.06
L0774,D,0.2505,0.7495,0.7093,0.6635,HIGH,33431.98,10.35
L0775,A,0.2004,0.7996,0.7299,0.6927,HIGH,8791.1,5.15
L0776,B,0.0293,0.9707,0.9507,0.8865,LOW,34210.76,12.52
L0777,D,0.0829,0.9171,0.8786,0.8314,MEDIUM,11919.16,23.72
L0778,D,0.206,0.794,0.7595,0.6801,HIGH,28186.22,24.85
L0779,D,0.102,0.898,0.864,0.8407,MEDIUM,15169.1,10.06
L0780,D,0.032,0.968,0.9439,0.9026,LOW,9292.44,28.98
L0781,C,0.3812,0.6188,0.5876,0.5387,VERY_HIGH,30736.68,17.56
L0782,B,0.4417,0.5583,0.505,0.4548,VERY_HIGH,14265.83,27.92
L0783,B,0.359,0.641,0.6035,0.5645,VERY_HIGH,24765.66,22.67
L0784,B,0.3857,0.6143,0.5693,0.5055,VERY_HIGH,21993.31,23.06
L0785,E,0.1165,0.8835,0.8409,0.7684,MEDIUM,19152.69,7.13
L0786,C,0.4327,0.5673,0.4947,0.4184,VERY_HIGH,19874.58,10.5
L0787,C,0.0966,0.9034,0.8291,0.7608,MEDIUM,26967.14,5.22
L0788,C,0.4286,0.5714,0.5218,0.4508,VERY_HIGH,7633.19,22.9
L0789,F,0.4477,0.5523,0.5125,0.4595,VERY_HIGH,25045.42,13.61
L0790,B,0.3232,0.6768,0.6504,0.5808,VERY_HIGH,31874.36,24.67
L0791,C,0.4417,0.5583,0.4811,0.4429,VERY_HIGH,6733.65,13.47
L0792,C,0.2606,0.7394,0.7158,0.6719,HIGH,9219.6,25.48
L0793,D,0.1242,0.8758,0.8379,0.7989,MEDIUM,26498.96,8.27
L0794,A,0.2023,0.7977,0.7598,0.7118,HIGH,18118.45,9.33
L0795,E,0.2712,0.7288,0.6896,0.6525,HIGH,17106.46,13.52
L0796,F,0.0422,0.9578,0.9279,0.8502,LOW,9109.0,15.21
L0797,C,0.2838,0.7162,0.6492,0.6104,HIGH,20203.1,13.72
L0798,D,0.4417,0.5583,0.531,0.5051,VERY_HIGH,8796.36,24.09
L0799,F,0.0936,0.9064,0.8483,0.7967,MEDIUM,19298.61,7.42
L0800,D,0.3587,0.6413,0.6139,0.5905,VERY_HIGH,27908.46,13.78
L0801,B,0.4095,0.5905,0.5663,0.5397,VERY_HIGH,12747.93,25.93
L0802,C,0.4252,0.5748,0.5002,0.467,VERY_HIGH,19423.59,6.67
L0803,D,0.4325,0.5675,0.5361,0.4882,VERY_HIGH,34760.48,28.56
L0804,C,0.2394,0.7606,0.6913,0.6453,HIGH,25599.51,29.66
L0805,D,0.44,0.56,0.5073,0.4393,VERY_HIGH,30240.7,7.21
L0806,F,0.3432,0.6568,0.6321,0.5677,VERY_HIGH,17445.43,12.28
L0807,F,0.0811,0.9189,0.8416,0.796,MEDIUM,28035.83,14.31
L0808,C,0.2198,0.7802,0.7454,0.7054,HIGH,6215.28,24.41
L0809,A,0.3261,0.6739,0.6023,0.5633,VERY_HIGH,8687.34,19.9
L0810,G,0.1188,0.8812,0.8511,0.7847,MEDIUM,11092.12,21.11
L0811,E,0.2919,0.7081,0.6369,0.6138,HIGH,17058.56,23.94
L0812,A,0.3033,0.6967,0.6759,0.6551,VERY_HIGH,30372.35,7.95
L0813,F,0.0816,0.9184,0.8677,0.8,MEDIUM,15387.98,25.83
L0814,E,0.2586,0.7414,0.6752,0.6266,HIGH,24638.64,22.64
L0815,C,0.3495,0.6505,0.5744,0.5465,VERY_HIGH,26279.43,19.43
L0816,C,0.2295,0.7705,0.6959,0.6618,HIGH,22585.47,27.24
L0817,C,0.0153,0.9847,0.9155,0.8395,LOW,15717.26,22.51
L0818,A,0.014,0.986,0.9127,0.8411,LOW,22311.6,10.04
L0819,B,0.1671,0.8329,0.8009,0.7383,HIGH,15267.97,15.74
L0820,E,0.4175,0.5825,0.5454,0.4965,VERY_HIGH,7516.21,17.35
L0821,A,0.1106,0.8894,0.8521,0.8009,MEDIUM,34784.12,6.38
L0822,B,0.2891,0.7109,0.6683,0.5898,HIGH,8815.47,28.87
L0823,C,0.1077,0.8923,0.8487,0.7708,MEDIUM,7170.45,8.21
L0824,C,0.1515,0.8485,0.7958,0.7629,HIGH,31355.92,22.44
L0825,E,0.3831,0.6169,0.5873,0.5186,VERY_HIGH,14055.04,17.66
L0826,B,0.3307,0.6693,0.6078,0.576,VERY_HIGH,24508.91,5.64
L0827,B,0.052,0.948,0.9179,0.8851,MEDIUM,14870.17,28.12
L0828,D,0.1986,0.8014,0.7628,0.7022,HIGH,16743.63,26.3
L0829,C,0.0228,0.9772,0.927,0.8827,LOW,12863.39,18.11
L0830,B,0.2216,0.7784,0.7106,0.6347,HIGH,15291.32,10.72
L0831,C,0.3015,0.6985,0.6341,0.6088,VERY_HIGH,17321.01,8.04
L0832,A,0.0621,0.9379,0.8792,0.8285,MEDIUM,26612.48,14.08
L0833,B,0.1371,0.8629,0.8336,0.7585,MEDIUM,20346.09,11.39
L0834,C,0.185,0.815,0.7622,0.688,HIGH,33306.96,17.67
L0835,C,0.4146,0.5854,0.5602,0.5308,VERY_HIGH,6256.41,29.16
L0836,E,0.447,0.553,0.5104,0.4684,VERY_HIGH,20092.05,19.37
L0837,C,0.0298,0.9702,0.9254,0.8683,LOW,22526.74,27.25
L0838,C,0.3448,0.6552,0.6328,0.6032,VERY_HIGH,32605.91,21.27
L0839,D,0.1736,0.8264,0.79,0.7119,HIGH,6474.76,16.88
L0840,A,0.1827,0.8173,0.74,0.6651,HIGH,22204.99,26.37
L0841,D,0.3419,0.6581,0.5809,0.5509,VERY_HIGH,30608.9,16.78
L0842,B,0.4141,0.5859,0.5448,0.5175,VERY_HIGH,12257.83,26.72
L0843,F,0.4284,0.5716,0.549,0.5239,VERY_HIGH,31288.77,12.29
L0844,A,0.2639,0.7361,0.7054,0.6308,HIGH,5571.3,8.22
L0845,C,0.1671,0.8329,0.7894,0.7578,HIGH,26973.64,26.38
L0846,A,0.3565,0.6435,0.5666,0.5216,VERY_HIGH,32993.4,19.69
L0847,G,0.1204,0.8796,0.8511,0.8042,MEDIUM,24715.93,27.23
L0848,C,0.2582,0.7418,0.676,0.6201,HIGH,18170.88,28.45
L0849,C,0.1678,0.8322,0.8057,0.7814,HIGH,6346.43,6.34
L0850,A,0.2989,0.7011,0.6222,0.5886,HIGH,32603.41,17.52
L0851,D,0.1158,0.8842,0.8413,0.7654,MEDIUM,19108.89,14.37
L0852,B,0.0943,0.9057,0.8392,0.7647,MEDIUM,5869.9,20.65
L0853,E,0.414,0.586,0.5454,0.4785,VERY_HIGH,25694.63,24.84
L0854,B,0.0548,0.9452,0.8875,0.8663,MEDIUM,19455.12,12.01
L0855,B,0.2326,0.7674,0.7359,0.6963,HIGH,8730.36,18.92
L0856,A,0.1072,0.8928,0.864,0.8063,MEDIUM,11428.15,22.72
L0857,C,0.0271,0.9729,0.8966,0.8601,LOW,6934.72,8.36
L0858,C,0.0258,0.9742,0.8991,0.8245,LOW,22228.81,25.35
L0859,A,0.0871,0.9129,0.8397,0.7817,MEDIUM,23660.88,20.15
L0860,D,0.3914,0.6086,0.5511,0.5268,VERY_HIGH,20172.27,28.74
L0861,C,0.1343,0.8657,0.7972,0.7227,MEDIUM,29513.06,13.49
L0862,C,0.4282,0.5718,0.5477,0.4702,VERY_HIGH,30830.26,7.7
L0863,C,0.2659,0.7341,0.694,0.6693,HIGH,23468.73,17.66
L0864,C,0.2021,0.7979,0.7591,0.7072,HIGH,5382.69,7.15
L0865,C,0.2652,0.7348,0.6767,0.6385,HIGH,25856.89,29.24
L0866,B,0.2373,0.7627,0.7213,0.6777,HIGH,17539.98,5.97
L0867,B,0.3439,0.6561,0.6272,0.5964,VERY_HIGH,21966.72,23.84
L0868,E,0.1343,0.8657,0.8099,0.7552,MEDIUM,24472.42,18.13
L0869,F,0.1653,0.8347,0.7658,0.6883,HIGH,15507.1,14.22
L0870,C,0.4034,0.5966,0.5537,0.5035,VERY_HIGH,32512.96,6.65
L0871,B,0.4264,0.5736,0.5457,0.5207,VERY_HIGH,9019.25,20.55
L0872,D,0.4027,0.5973,0.5655,0.5083,VERY_HIGH,25145.35,19.63
L0873,C,0.1946,0.8054,0.7712,0.7308,HIGH,5130.79,12.02
L0874,A,0.3534,0.6466,0.6086,0.5372,VERY_HIGH,32739.53,27.76
L0875,B,0.2196,0.7804,0.7218,0.6757,HIGH,8375.12,12.6
L0876,D,0.2289,0.7711,0.715,0.6834,HIGH,7846.53,16.24
L0877,D,0.1001,0.8999,0.8381,0.8066,MEDIUM,14990.23,18.59
L0878,A,0.2701,0.7299,0.6881,0.622,HIGH,16206.99,7.51
L0879,B,0.0919,0.9081,0.8387,0.8028,MEDIUM,11429.0,28.3
L0880,B,0.1559,0.8441,0.8119,0.7459,HIGH,22553.65,14.36
L0881,D,0.3862,0.6138,0.5657,0.5333,VERY_HIGH,18287.42,7.02
L0882,A,0.1011,0.8989,0.8308,0.7915,MEDIUM,6025.27,14.68
L0883,A,0.0413,0.9587,0.9279,0.88,LOW,14589.56,20.01
L0884,D,0.0404,0.9596,0.933,0.8564,LOW,29312.99,17.84
L0885,B,0.4239,0.5761,0.5031,0.4272,VERY_HIGH,25691.05,22.36
L0886,D,0.233,0.767,0.7264,0.694,HIGH,26746.13,6.39
L0887,B,0.1901,0.8099,0.7489,0.7074,HIGH,25943.51,12.11
L0888,A,0.3668,0.6332,0.6117,0.5827,VERY_HIGH,14329.19,25.48
L0889,B,0.3778,0.6222,0.5608,0.5102,VERY_HIGH,7989.92,7.0
L0890,D,0.1562,0.8438,0.8048,0.7572,HIGH,13174.02,26.39
L0891,E,0.3152,0.6848,0.6615,0.5875,VERY_HIGH,29953.56,7.3
L0892,E,0.3493,0.6507,0.5941,0.5183,VERY_HIGH,34414.12,25.86
L0893,C,0.298,0.702,0.6676,0.6246,HIGH,19815.41,14.02
L0894,D,0.0767,0.9233,0.8801,0.8306,MEDIUM,5291.01,20.31
L0895,B,0.3954,0.6046,0.5798,0.506,VERY_HIGH,9201.34,8.82
L0896,B,0.2472,0.7528,0.724,0.6556,HIGH,14662.42,6.65
L0897,E,0.1343,0.8657,0.8278,0.8076,MEDIUM,22357.56,10.4
L0898,A,0.1971,0.8029,0.7775,0.7383,HIGH,7252.81,8.2
L0899,A,0.0265,0.9735,0.8989,0.8536,LOW,33300.72,12.81
L0900,B,0.0663,0.9337,0.9133,0.8795,MEDIUM,15952.51,17.86
L0901,A,0.3468,0.6532,0.6042,0.5722,VERY_HIGH,32377.53,19.72
L0902,B,0.01,0.99,0.9626,0.9403,LOW,28415.65,24.75
L0903,C,0.1933,0.8067,0.7682,0.7096,HIGH,27663.12,21.41
L0904,C,0.2399,0.7601,0.6845,0.6487,HIGH,23201.59,20.22
L0905,E,0.034,0.966,0.9363,0.9132,LOW,23803.51,15.29
L0906,E,0.4382,0.5618,0.4839,0.45,VERY_HIGH,24140.1,16.85
L0907,B,0.1095,0.8905,0.8582,0.7901,MEDIUM,23861.64,15.36
L0908,B,0.1438,0.8562,0.7917,0.7206,MEDIUM,21611.85,26.05
L0909,C,0.1437,0.8563,0.8035,0.7545,MEDIUM,34592.42,10.75
L0910,C,0.1114,0.8886,0.8155,0.7705,MEDIUM,26968.72,5.14
L0911,B,0.0106,0.9894,0.9362,0.8575,LOW,28308.39,21.28
L0912,D,0.3309,0.6691,0.617,0.585,VERY_HIGH,31173.88,10.06
L0913,C,0.4354,0.5646,0.5329,0.5,VERY_HIGH,11469.19,27.25
L0914,C,0.1087,0.8913,0.8613,0.8238,MEDIUM,7514.12,26.48
L0915,C,0.3017,0.6983,0.6233,0.5929,VERY_HIGH,19486.83,6.92
L0916,B,0.3364,0.6636,0.6239,0.5811,VERY_HIGH,20422.42,7.66
L0917,F,0.3833,0.6167,0.5744,0.4997,VERY_HIGH,29875.45,17.38
L0918,D,0.196,0.804,0.7384,0.6815,HIGH,18313.51,20.23
L0919,A,0.1433,0.8567,0.8164,0.7717,MEDIUM,22125.59,11.87
L0920,E,0.1531,0.8469,0.7698,0.6937,HIGH,20812.13,22.92
L0921,C,0.3236,0.6764,0.6121,0.5892,VERY_HIGH,6146.08,19.87
L0922,E,0.3694,0.6306,0.5748,0.5422,VERY_HIGH,23456.45,13.12
L0923,D,0.0899,0.9101,0.8372,0.7832,MEDIUM,29841.3,5.63
L0924,C,0.1732,0.8268,0.8038,0.7469,HIGH,9725.02,23.75
L0925,A,0.4069,0.5931,0.5577,0.5353,VERY_HIGH,22829.95,10.37
L0926,B,0.3649,0.6351,0.5872,0.543,VERY_HIGH,22808.32,25.86
L0927,C,0.4433,0.5567,0.5231,0.4642,VERY_HIGH,9925.55,15.51
L0928,D,0.3419,0.6581,0.5935,0.5316,VERY_HIGH,8703.91,19.43
L0929,B,0.183,0.817,0.7418,0.6835,HIGH,34401.56,26.82
L0930,A,0.2699,0.7301,0.6847,0.6455,HIGH,16811.58,26.59
L0931,E,0.3008,0.6992,0.6587,0.6331,VERY_HIGH,11822.65,14.29
L0932,G,0.0445,0.9555,0.8778,0.8322,LOW,10139.74,10.22
L0933,C,0.2496,0.7504,0.7037,0.676,HIGH,25028.05,24.38
L0934,B,0.3221,0.6779,0.6286,0.5517,VERY_HIGH,23283.36,15.83
L0935,B,0.0836,0.9164,0.8753,0.8268,MEDIUM,24306.56,9.8
L0936,A,0.3535,0.6465,0.5719,0.5329,VERY_HIGH,7640.18,27.61
L0937,E,0.2669,0.7331,0.679,0.613,HIGH,31806.04,9.95
L0938,A,0.429,0.571,0.5053,0.4554,VERY_HIGH,16677.99,5.65
L0939,C,0.0287,0.9713,0.9026,0.864,LOW,14401.08,5.51
L0940,B,0.1267,0.8733,0.8328,0.7641,MEDIUM,18870.84,20.56
L0941,C,0.2747,0.7253,0.6793,0.6073,HIGH,16701.98,21.54
L0942,D,0.1405,0.8595,0.7886,0.7282,MEDIUM,30907.31,12.78
L0943,E,0.3243,0.6757,0.6339,0.6111,VERY_HIGH,32877.83,13.0
L0944,B,0.344,0.656,0.5884,0.5344,VERY_HIGH,14103.6,13.49
L0945,A,0.0551,0.9449,0.8684,0.8026,MEDIUM,30918.07,22.0
L0946,A,0.2361,0.7639,0.7065,0.6783,HIGH,28445.69,6.45
L0947,E,0.2339,0.7661,0.7016,0.6679,HIGH,32924.23,28.23
L0948,E,0.1725,0.8275,0.7592,0.6863,HIGH,12372.51,10.56
L0949,C,0.4205,0.5795,0.5088,0.4876,VERY_HIGH,22308.77,29.99
L0950,D,0.3741,0.6259,0.5822,0.517,VERY_HIGH,13236.34,9.29
L0951,D,0.3168,0.6832,0.6601,0.6117,VERY_HIGH,29722.83,24.29
L0952,B,0.3243,0.6757,0.6316,0.5848,VERY_HIGH,5159.73,10.59
L0953,E,0.2132,0.7868,0.7264,0.706,HIGH,21944.57,7.02
L0954,C,0.4152,0.5848,0.5378,0.4686,VERY_HIGH,15176.1,26.87
L0955,C,0.3156,0.6844,0.6195,0.5779,VERY_HIGH,14680.51,26.47
L0956,C,0.3308,0.6692,0.6278,0.5754,VERY_HIGH,24347.19,15.09
L0957,A,0.3891,0.6109,0.5528,0.4922,VERY_HIGH,30544.53,22.56
L0958,B,0.1306,0.8694,0.8382,0.776,MEDIUM,23275.86,18.93
L0959,D,0.3651,0.6349,0.5699,0.4925,VERY_HIGH,30595.19,26.32
L0960,A,0.0959,0.9041,0.8514,0.7995,MEDIUM,12937.91,12.88
L0961,D,0.162,0.838,0.8058,0.7618,HIGH,20585.06,18.09
L0962,B,0.1577,0.8423,0.8048,0.7276,HIGH,18516.1,17.13
L0963,C,0.4406,0.5594,0.4945,0.436,VERY_HIGH,5349.35,13.85
L0964,B,0.3869,0.6131,0.5641,0.5262,VERY_HIGH,21704.36,27.29
L0965,C,0.3185,0.6815,0.6485,0.6209,VERY_HIGH,24845.73,9.15
L0966,D,0.3299,0.6701,0.5921,0.5215,VERY_HIGH,22757.43,8.74
L0967,B,0.2573,0.7427,0.6798,0.6381,HIGH,27088.4,19.42
L0968,C,0.4267,0.5733,0.4959,0.4363,VERY_HIGH,22140.19,21.44
L0969,C,0.2284,0.7716,0.726,0.6778,HIGH,7002.51,9.87
L0970,D,0.1774,0.8226,0.7741,0.7422,HIGH,8493.37,14.77
L0971,F,0.0817,0.9183,0.8444,0.7883,MEDIUM,22894.24,28.66
L0972,D,0.3559,0.6441,0.5926,0.569,VERY_HIGH,13249.38,11.17
L0973,B,0.3332,0.6668,0.6044,0.5596,VERY_HIGH,7389.35,21.71
L0974,A,0.1791,0.8209,0.7858,0.733,HIGH,17888.08,23.5
L0975,B,0.0211,0.9789,0.9321,0.8859,LOW,21629.68,16.2
L0976,C,0.3792,0.6208,0.5934,0.5285,VERY_HIGH,14862.38,28.44
L0977,A,0.015,0.985,0.9526,0.8829,LOW,26613.01,23.42
L0978,C,0.3196,0.6804,0.6603,0.594,VERY_HIGH,24313.12,16.45
L0979,C,0.4369,0.5631,0.5407,0.5184,VERY_HIGH,14984.55,19.23
L0980,B,0.2026,0.7974,0.7188,0.6872,HIGH,27646.18,22.32
L0981,D,0.1134,0.8866,0.8521,0.7999,MEDIUM,24460.85,19.8
L0982,A,0.3201,0.6799,0.6201,0.544,VERY_HIGH,24123.36,26.97
L0983,A,0.3695,0.6305,0.5602,0.4901,VERY_HIGH,21602.83,13.92
L0984,D,0.2504,0.7496,0.6966,0.626,HIGH,5341.69,12.5
L0985,C,0.4355,0.5645,0.5353,0.4971,VERY_HIGH,25895.22,10.35
L0986,D,0.0327,0.9673,0.9036,0.8578,LOW,16281.25,5.94
L0987,C,0.2321,0.7679,0.7119,0.6637,HIGH,33278.29,6.08
L0988,B,0.3261,0.6739,0.61,0.5806,VERY_HIGH,29539.54,26.75
L0989,E,0.3896,0.6104,0.5442,0.5223,VERY_HIGH,22630.83,21.96
L0990,D,0.0889,0.9111,0.8326,0.7558,MEDIUM,12565.46,21.51
L0991,D,0.362,0.638,0.5836,0.5492,VERY_HIGH,11111.52,20.37
L0992,B,0.2532,0.7468,0.7063,0.6719,HIGH,15211.55,26.23
L0993,C,0.1845,0.8155,0.7566,0.7316,HIGH,19297.04,17.01
L0994,C,0.068,0.932,0.9079,0.8322,MEDIUM,13881.97,26.76
L0995,A,0.3907,0.6093,0.5355,0.4807,VERY_HIGH,20447.88,13.99
L0996,E,0.0792,0.9208,0.8936,0.8336,MEDIUM,9961.11,28.17
L0997,A,0.1463,0.8537,0.814,0.7393,MEDIUM,34331.38,22.47
L0998,F,0.1376,0.8624,0.7935,0.7528,MEDIUM,8237.74,11.43
L0999,C,0.3934,0.6066,0.5508,0.4935,VERY_HIGH,32958.32,19.1
L1000,B,0.306,0.694,0.6504,0.6281,VERY_HIGH,32407.34,18.33
L1001,C,0.3605,0.6395,0.5911,0.5599,VERY_HIGH,20760.81,8.45
L1002,E,0.1202,0.8798,0.8085,0.7386,MEDIUM,26747.31,19.78
L1003,D,0.2849,0.7151,0.6747,0.6087,HIGH,18081.45,12.87
L1004,E,0.2616,0.7384,0.6662,0.6252,HIGH,23901.04,6.31
L1005,D,0.3764,0.6236,0.5983,0.5557,VERY_HIGH,15217.28,28.72
L1006,D,0.4087,0.5913,0.5247,0.4727,VERY_HIGH,14034.77,21.04
L1007,E,0.0153,0.9847,0.9138,0.8938,LOW,22346.89,26.92
L1008,B,0.3066,0.6934,0.6625,0.628,VERY_HIGH,19943.89,21.9
L1009,C,0.0328,0.9672,0.9214,0.8889,LOW,22386.09,13.92
L1010,B,0.2515,0.7485,0.7186,0.6836,HIGH,13599.82,17.82
L1011,G,0.1366,0.8634,0.801,0.7326,MEDIUM,16008.73,21.89
L1012,F,0.145,0.855,0.8029,0.7661,MEDIUM,7516.94,29.01
L1013,A,0.1653,0.8347,0.7766,0.7451,HIGH,6568.29,11.34
L1014,D,0.2834,0.7166,0.6848,0.6345,HIGH,12603.71,26.87
L1015,F,0.157,0.843,0.8103,0.7384,HIGH,7227.41,28.1
L1016,B,0.3324,0.6676,0.6451,0.6106,VERY_HIGH,8113.24,21.76
L1017,C,0.188,0.812,0.7727,0.748,HIGH,29387.85,28.28
L1018,E,0.0401,0.9599,0.9063,0.8649,LOW,6166.21,14.95
L1019,A,0.3549,0.6451,0.5736,0.5087,VERY_HIGH,24768.28,28.83
L1020,D,0.1357,0.8643,0.8043,0.7513,MEDIUM,13176.73,22.57
L1021,B,0.2004,0.7996,0.7535,0.6845,HIGH,31146.37,6.05
L1022,F,0.3116,0.6884,0.6112,0.5336,VERY_HIGH,19549.77,27.67
L1023,G,0.1563,0.8437,0.7805,0.7129,HIGH,14167.29,17.11
L1024,F,0.0349,0.9651,0.8893,0.8331,LOW,20529.17,16.51
L1025,C,0.1745,0.8255,0.7738,0.7242,HIGH,16458.74,19.16
L1026,E,0.4256,0.5744,0.5389,0.5165,VERY_HIGH,21929.03,8.73
L1027,E,0.2924,0.7076,0.6844,0.6053,HIGH,8435.99,16.73
L1028,B,0.3055,0.6945,0.6309,0.5879,VERY_HIGH,34909.72,25.78
L1029,E,0.2882,0.7118,0.6845,0.6554,HIGH,17766.68,5.39
L1030,A,0.0976,0.9024,0.8642,0.8042,MEDIUM,15446.92,11.82
L1031,C,0.1941,0.8059,0.754,0.7169,HIGH,26306.3,5.06
L1032,B,0.3404,0.6596,0.6057,0.5506,VERY_HIGH,15916.98,15.39
L1033,A,0.0546,0.9454,0.8894,0.8342,MEDIUM,29998.23,23.21
L1034,A,0.1323,0.8677,0.8377,0.791,MEDIUM,18628.12,24.97
L1035,D,0.1316,0.8684,0.8256,0.7554,MEDIUM,26586.75,28.63
L1036,B,0.2001,0.7999,0.7429,0.707,HIGH,8223.6,20.21
L1037,D,0.4414,0.5586,0.4804,0.4335,VERY_HIGH,30383.58,11.37
L1038,A,0.0397,0.9603,0.8966,0.8443,LOW,27071.54,28.1
L1039,B,0.2382,0.7618,0.6864,0.6266,HIGH,11351.5,24.38
L1040,C,0.0889,0.9111,0.8454,0.7784,MEDIUM,9358.58,19.36
L1041,D,0.4371,0.5629,0.5074,0.4637,VERY_HIGH,14488.77,22.39
L1042,B,0.0599,0.9401,0.9086,0.8498,MEDIUM,34282.12,28.11
L1043,D,0.1876,0.8124,0.7524,0.7234,HIGH,12704.95,22.81
L1044,E,0.3347,0.6653,0.6079,0.5319,VERY_HIGH,18683.82,14.21
L1045,D,0.32,0.68,0.6239,0.5809,VERY_HIGH,5900.61,22.83
L1046,B,0.196,0.804,0.7546,0.6908,HIGH,16916.83,6.01
L1047,A,0.1625,0.8375,0.7858,0.7646,HIGH,22139.6,14.66
L1048,E,0.1849,0.8151,0.775,0.7427,HIGH,33593.74,15.16
L1049,A,0.1263,0.8737,0.8225,0.7733,MEDIUM,20502.08,9.17
L1050,E,0.1003,0.8997,0.8678,0.7951,MEDIUM,29573.22,5.58
L1051,C,0.2225,0.7775,0.7092,0.6576,HIGH,21413.83,8.33
L1052,F,0.1282,0.8718,0.8407,0.7649,MEDIUM,6223.55,21.37
L1053,D,0.1365,0.8635,0.8384,0.7894,MEDIUM,14450.25,25.06
L1054,G,0.299,0.701,0.6548,0.6054,HIGH,22266.49,29.71
L1055,C,0.4362,0.5638,0.5043,0.4771,VERY_HIGH,33517.82,13.66
L1056,D,0.2756,0.7244,0.6781,0.6099,HIGH,30773.91,19.98
L1057,C,0.0439,0.9561,0.9195,0.8847,LOW,11850.67,28.43
L1058,C,0.0433,0.9567,0.9032,0.8292,LOW,11603.29,9.18
L1059,D,0.4286,0.5714,0.5306,0.456,VERY_HIGH,11035.19,22.94
L1060,E,0.1408,0.8592,0.7832,0.7066,MEDIUM,32674.97,23.87
L1061,G,0.0505,0.9495,0.8741,0.8229,MEDIUM,30579.98,7.22
L1062,D,0.2736,0.7264,0.6763,0.6157,HIGH,28246.5,26.53
L1063,C,0.2844,0.7156,0.6759,0.6092,HIGH,16782.05,25.33
L1064,C,0.2953,0.7047,0.6405,0.6126,HIGH,20131.42,5.84
L1065,D,0.1277,0.8723,0.8501,0.794,MEDIUM,18929.95,7.28
L1066,B,0.0166,0.9834,0.9349,0.9128,LOW,12601.94,6.23
L1067,A,0.4346,0.5654,0.5252,0.4753,VERY_HIGH,20150.84,13.37
L1068,C,0.1204,0.8796,0.8044,0.7751,MEDIUM,5914.9,17.73
L1069,B,0.3075,0.6925,0.6718,0.6408,VERY_HIGH,8954.31,18.31
L1070,B,0.3209,0.6791,0.6259,0.584,VERY_HIGH,31597.69,11.69
L1071,B,0.2784,0.7216,0.6572,0.6113,HIGH,27550.39,27.79
L1072,A,0.1477,0.8523,0.8032,0.7458,MEDIUM,17686.05,14.21
L1073,A,0.1293,0.8707,0.8456,0.8211,MEDIUM,20514.51,6.14
L1074,G,0.273,0.727,0.6487,0.5985,HIGH,16099.97,12.51
L1075,C,0.3911,0.6089,0.5578,0.5268,VERY_HIGH,27223.4,18.28
L1076,C,0.4266,0.5734,0.5165,0.4621,VERY_HIGH,28525.62,15.21
L1077,D,0.0566,0.9434,0.9092,0.851,MEDIUM,27898.56,11.85
L1078,B,0.0781,0.9219,0.8729,0.8195,MEDIUM,26678.35,8.28
L1079,F,0.4257,0.5743,0.5286,0.4643,VERY_HIGH,11135.13,25.48
L1080,D,0.3341,0.6659,0.6414,0.6013,VERY_HIGH,15139.1,29.9
L1081,A,0.3985,0.6015,0.5751,0.5092,VERY_HIGH,19095.36,13.24
L1082,C,0.0992,0.9008,0.8306,0.7846,MEDIUM,14923.79,14.54
L1083,E,0.2685,0.7315,0.6971,0.648,HIGH,27648.21,20.45
L1084,F,0.3185,0.6815,0.6498,0.5909,VERY_HIGH,14880.61,22.96
L1085,C,0.3092,0.6908,0.6405,0.6194,VERY_HIGH,9146.96,14.8
L1086,D,0.1896,0.8104,0.7443,0.6851,HIGH,16971.21,27.62
L1087,B,0.0168,0.9832,0.9595,0.9024,LOW,34397.43,19.0
L1088,G,0.2665,0.7335,0.6789,0.6403,HIGH,11776.44,16.26
L1089,B,0.1214,0.8786,0.8514,0.8263,MEDIUM,23364.76,21.17
L1090,F,0.2081,0.7919,0.7697,0.7442,HIGH,17989.19,28.82
L1091,D,0.4313,0.5687,0.5455,0.4701,VERY_HIGH,7130.74,24.86
L1092,D,0.1856,0.8144,0.7444,0.683,HIGH,19636.3,6.0
L1093,C,0.3795,0.6205,0.5934,0.5658,VERY_HIGH,26064.93,13.31
L1094,B,0.093,0.907,0.8843,0.8429,MEDIUM,20396.6,16.76
L1095,B,0.3059,0.6941,0.6478,0.5923,VERY_HIGH,31163.18,12.86
L1096,B,0.4399,0.5601,0.4895,0.4194,VERY_HIGH,13668.11,22.5
L1097,B,0.0548,0.9452,0.9095,0.8869,MEDIUM,7587.48,25.66
L1098,D,0.0137,0.9863,0.941,0.9068,LOW,33096.97,23.28
L1099,C,0.2008,0.7992,0.7768,0.7034,HIGH,16345.89,29.73
L1100,A,0.0508,0.9492,0.9023,0.8818,MEDIUM,22292.17,11.81
L1101,F,0.3393,0.6607,0.606,0.5739,VERY_HIGH,28760.09,26.87
L1102,E,0.4124,0.5876,0.5333,0.4558,VERY_HIGH,14729.41,24.17
L1103,F,0.201,0.799,0.7591,0.7023,HIGH,26484.94,14.05
L1104,G,0.1238,0.8762,0.8373,0.8016,MEDIUM,9062.57,23.35
L1105,B,0.2011,0.7989,0.7725,0.7485,HIGH,13738.81,7.6
L1106,C,0.3283,0.6717,0.6297,0.608,VERY_HIGH,9341.32,24.73
L1107,D,0.014,0.986,0.96,0.9253,LOW,29336.92,18.31
L1108,D,0.2694,0.7306,0.6646,0.5917,HIGH,11679.48,12.31
L1109,B,0.2798,0.7202,0.6422,0.5972,HIGH,26522.11,21.39
L1110,E,0.2906,0.7094,0.6312,0.568,HIGH,33298.95,21.04
L1111,B,0.1165,0.8835,0.8116,0.7365,MEDIUM,20833.17,10.24
L1112,B,0.3242,0.6758,0.6198,0.5753,VERY_HIGH,21200.88,5.76
L1113,C,0.0502,0.9498,0.8877,0.8562,MEDIUM,18831.01,15.84
L1114,C,0.0977,0.9023,0.8652,0.8142,MEDIUM,14776.7,19.24
L1115,C,0.3961,0.6039,0.5461,0.4716,VERY_HIGH,19269.65,26.92
L1116,A,0.335,0.665,0.6177,0.5494,VERY_HIGH,23084.23,28.21
L1117,E,0.016,0.984,0.9351,0.9112,LOW,34579.75,18.22
L1118,B,0.1193,0.8807,0.8152,0.7536,MEDIUM,33132.94,23.85
L1119,A,0.1043,0.8957,0.8588,0.8045,MEDIUM,30864.59,15.98
L1120,E,0.1292,0.8708,0.8317,0.7573,MEDIUM,31673.92,23.65
L1121,F,0.1189,0.8811,0.8056,0.7783,MEDIUM,19035.48,10.12
L1122,E,0.0375,0.9625,0.9391,0.8871,LOW,24723.33,14.28
L1123,E,0.2119,0.7881,0.739,0.6662,HIGH,31852.0,20.86
L1124,D,0.3324,0.6676,0.5928,0.5482,VERY_HIGH,16788.52,5.45
L1125,C,0.277,0.723,0.6664,0.6175,HIGH,33852.87,23.06
L1126,A,0.3061,0.6939,0.6411,0.6169,VERY_HIGH,17473.58,25.89
L1127,C,0.0457,0.9543,0.9193,0.8826,LOW,23032.48,14.98
L1128,C,0.4287,0.5713,0.5307,0.4912,VERY_HIGH,26294.14,16.2
L1129,B,0.3789,0.6211,0.55,0.4733,VERY_HIGH,33517.76,26.28
L1130,D,0.3642,0.6358,0.5822,0.5452,VERY_HIGH,12338.49,24.39
L1131,C,0.3721,0.6279,0.577,0.5293,VERY_HIGH,27383.93,12.2
L1132,A,0.4204,0.5796,0.5536,0.4933,VERY_HIGH,20624.47,13.1
L1133,B,0.2495,0.7505,0.7295,0.6998,HIGH,13056.71,21.97
L1134,D,0.0981,0.9019,0.8241,0.7749,MEDIUM,28298.21,19.08
L1135,A,0.2814,0.7186,0.676,0.6117,HIGH,21566.67,9.06
L1136,E,0.3369,0.6631,0.6069,0.5349,VERY_HIGH,24829.21,12.75
L1137,C,0.3347,0.6653,0.6405,0.5829,VERY_HIGH,14687.03,27.5
L1138,C,0.2394,0.7606,0.6996,0.6395,HIGH,19438.22,22.2
L1139,C,0.0401,0.9599,0.8839,0.8563,LOW,23520.63,29.65
L1140,E,0.1733,0.8267,0.7722,0.6955,HIGH,17147.32,24.18
L1141,B,0.4151,0.5849,0.5573,0.5293,VERY_HIGH,10951.18,28.55
L1142,D,0.2672,0.7328,0.6779,0.6114,HIGH,33849.21,10.4
L1143,C,0.2469,0.7531,0.6871,0.6512,HIGH,20344.03,24.29
L1144,B,0.1283,0.8717,0.8273,0.7513,MEDIUM,27017.61,5.51
L1145,E,0.1721,0.8279,0.7551,0.6919,HIGH,17331.42,21.77
L1146,D,0.404,0.596,0.5371,0.4719,VERY_HIGH,15653.95,16.73
L1147,D,0.3032,0.6968,0.6228,0.5897,VERY_HIGH,17214.93,13.67
L1148,E,0.3565,0.6435,0.5861,0.5395,VERY_HIGH,17275.9,26.56
L1149,E,0.2099,0.7901,0.7622,0.7051,HIGH,21325.4,26.36
L1150,D,0.2873,0.7127,0.6741,0.6079,HIGH,21304.1,5.56
L1151,E,0.1193,0.8807,0.8486,0.8224,MEDIUM,19914.61,20.24
L1152,D,0.3204,0.6796,0.6051,0.5274,VERY_HIGH,9043.57,14.2
L1153,D,0.1981,0.8019,0.7363,0.6629,HIGH,19882.26,15.39
L1154,D,0.2047,0.7953,0.7347,0.6985,HIGH,10073.12,25.8
L1155,D,0.2957,0.7043,0.6662,0.5968,HIGH,8784.07,12.75
L1156,B,0.422,0.578,0.547,0.4959,VERY_HIGH,32979.37,28.58
L1157,E,0.0382,0.9618,0.8964,0.8487,LOW,23148.5,9.49
L1158,E,0.3729,0.6271,0.5787,0.5398,VERY_HIGH,24784.7,21.57
L1159,A,0.1386,0.8614,0.8279,0.773,MEDIUM,17053.81,21.8
L1160,E,0.2053,0.7947,0.7377,0.6739,HIGH,32269.43,11.3
L1161,A,0.0196,0.9804,0.958,0.9133,LOW,24137.91,13.12
L1162,B,0.1425,0.8575,0.8179,0.7601,MEDIUM,28075.1,25.87
L1163,D,0.2312,0.7688,0.7207,0.6587,HIGH,16056.87,24.05
L1164,B,0.0347,0.9653,0.9364,0.8737,LOW,33800.36,13.23
L1165,E,0.2261,0.7739,0.6948,0.6717,HIGH,29613.84,18.35
L1166,E,0.4179,0.5821,0.5496,0.478,VERY_HIGH,30618.45,6.54
L1167,C,0.0564,0.9436,0.9158,0.8683,MEDIUM,10165.83,10.22
L1168,A,0.3464,0.6536,0.6214,0.5857,VERY_HIGH,13128.9,17.15
L1169,B,0.1903,0.8097,0.7436,0.7091,HIGH,13568.8,7.15
L1170,D,0.2983,0.7017,0.6562,0.6072,HIGH,13127.28,26.08
L1171,G,0.1245,0.8755,0.8216,0.7484,MEDIUM,30662.24,22.95
L1172,D,0.0802,0.9198,0.8985,0.8558,MEDIUM,5956.54,28.59
L1173,B,0.0806,0.9194,0.8973,0.8323,MEDIUM,7283.0,22.34
L1174,D,0.041,0.959,0.9123,0.8865,LOW,13217.45,28.51
L1175,C,0.0917,0.9083,0.8393,0.7907,MEDIUM,10996.19,18.86
L1176,D,0.3023,0.6977,0.6246,0.5451,VERY_HIGH,11955.79,20.01
L1177,A,0.3979,0.6021,0.5769,0.5107,VERY_HIGH,28938.3,29.42
L1178,D,0.3682,0.6318,0.5795,0.5469,VERY_HIGH,21893.8,21.05
L1179,C,0.3115,0.6885,0.6137,0.5636,VERY_HIGH,5173.12,5.77
L1180,F,0.0586,0.9414,0.8981,0.8641,MEDIUM,17879.68,23.1
L1181,B,0.1372,0.8628,0.793,0.7484,MEDIUM,17236.55,27.64
L1182,D,0.1463,0.8537,0.8257,0.7589,MEDIUM,8418.36,24.89
L1183,F,0.12,0.88,0.8039,0.7376,MEDIUM,25284.25,19.6
L1184,A,0.2366,0.7634,0.6983,0.6646,HIGH,26062.92,21.78
L1185,F,0.2456,0.7544,0.6779,0.6026,HIGH,26626.8,29.75
L1186,D,0.167,0.833,0.7724,0.7168,HIGH,26854.13,7.27
L1187,A,0.1657,0.8343,0.7925,0.7497,HIGH,5001.58,21.68
L1188,B,0.3746,0.6254,0.5491,0.499,VERY_HIGH,33617.62,12.08
L1189,D,0.3573,0.6427,0.6062,0.5499,VERY_HIGH,29426.26,21.0
L1190,A,0.1454,0.8546,0.8147,0.7611,MEDIUM,32119.45,20.19
L1191,C,0.4121,0.5879,0.5259,0.4767,VERY_HIGH,5469.3,8.84
L1192,B,0.4292,0.5708,0.5049,0.4546,VERY_HIGH,33015.76,10.17
L1193,D,0.1538,0.8462,0.7704,0.7398,HIGH,29293.66,20.54
L1194,A,0.1659,0.8341,0.8018,0.733,HIGH,30116.57,8.21
L1195,E,0.2325,0.7675,0.6996,0.6471,HIGH,7798.62,11.63
L1196,G,0.4241,0.5759,0.5116,0.4837,VERY_HIGH,27163.34,25.88
L1197,F,0.3956,0.6044,0.5806,0.5146,VERY_HIGH,33797.5,13.18
L1198,D,0.0551,0.9449,0.9017,0.8258,MEDIUM,25356.42,17.2
L1199,A,0.1828,0.8172,0.7802,0.7034,HIGH,22116.84,28.53
L1200,D,0.2535,0.7465,0.7082,0.6661,HIGH,33368.89,10.68
L1201,A,0.2314,0.7686,0.6896,0.6615,HIGH,18288.11,14.74
L1202,A,0.0953,0.9047,0.8461,0.795,MEDIUM,22978.81,20.16
L1203,B,0.3879,0.6121,0.549,0.5222,VERY_HIGH,19290.15,23.88
L1204,C,0.3079,0.6921,0.6135,0.5375,VERY_HIGH,32985.39,27.54
L1205,D,0.3787,0.6213,0.5787,0.5477,VERY_HIGH,7282.54,27.89
L1206,D,0.3879,0.6121,0.544,0.5088,VERY_HIGH,20033.59,24.42
L1207,C,0.3393,0.6607,0.6146,0.5702,VERY_HIGH,25608.57,10.71
L1208,B,0.2033,0.7967,0.7245,0.6815,HIGH,28757.2,5.62
L1209,G,0.2786,0.7214,0.6906,0.6229,HIGH,22490.56,14.59
L1210,C,0.0806,0.9194,0.8425,0.7951,MEDIUM,32267.53,8.54
L1211,C,0.3064,0.6936,0.6605,0.6303,VERY_HIGH,33259.74,22.76
L1212,B,0.0889,0.9111,0.8715,0.8355,MEDIUM,6929.58,21.53
L1213,D,0.3153,0.6847,0.6193,0.5688,VERY_HIGH,17071.12,6.1
L1214,D,0.111,0.889,0.8454,0.8166,MEDIUM,5703.77,25.91
L1215,B,0.0617,0.9383,0.8818,0.8251,MEDIUM,14882.5,11.22
L1216,A,0.0827,0.9173,0.8706,0.8167,MEDIUM,21106.05,15.81
L1217,D,0.0109,0.9891,0.9246,0.8617,LOW,32323.85,21.7
L1218,D,0.3262,0.6738,0.6401,0.5638,VERY_HIGH,30396.63,15.74
L1219,B,0.3323,0.6677,0.6442,0.5695,VERY_HIGH,8824.99,16.03
L1220,F,0.2366,0.7634,0.7254,0.6486,HIGH,7790.91,6.64
L1221,B,0.081,0.919,0.8705,0.8358,MEDIUM,22678.02,15.04
L1222,C,0.0468,0.9532,0.9231,0.8952,LOW,20963.54,24.12
L1223,F,0.0184,0.9816,0.9403,0.9022,LOW,12991.33,27.88
L1224,C,0.0829,0.9171,0.8731,0.7994,MEDIUM,31983.59,15.34
L1225,D,0.402,0.598,0.5746,0.4963,VERY_HIGH,32820.99,15.59
L1226,C,0.1163,0.8837,0.8287,0.7571,MEDIUM,17078.34,22.57
L1227,B,0.1659,0.8341,0.761,0.7344,HIGH,31709.08,28.57
L1228,G,0.0564,0.9436,0.9145,0.8377,MEDIUM,16518.47,11.68
L1229,C,0.1078,0.8922,0.8363,0.7909,MEDIUM,27104.5,16.0
L1230,E,0.2385,0.7615,0.7016,0.681,HIGH,19278.27,24.9
L1231,B,0.2774,0.7226,0.6774,0.6309,HIGH,8677.49,20.24
L1232,B,0.118,0.882,0.8199,0.7971,MEDIUM,32838.03,7.76
L1233,A,0.0354,0.9646,0.92,0.8674,LOW,18622.9,20.69
L1234,D,0.1821,0.8179,0.7676,0.7273,HIGH,27034.61,9.67
L1235,C,0.113,0.887,0.8666,0.8182,MEDIUM,16015.21,17.76
L1236,E,0.1066,0.8934,0.8319,0.7751,MEDIUM,5566.43,18.23
L1237,C,0.4323,0.5677,0.508,0.4359,VERY_HIGH,8015.91,26.91
L1238,F,0.2812,0.7188,0.6965,0.6368,HIGH,19886.58,16.56
L1239,B,0.255,0.745,0.7029,0.6569,HIGH,25698.93,11.99
L1240,E,0.1929,0.8071,0.7284,0.6592,HIGH,15042.06,10.77
L1241,D,0.1987,0.8013,0.7561,0.6818,HIGH,25864.65,26.86
L1242,D,0.248,0.752,0.7019,0.6747,HIGH,25959.07,9.28
L1243,E,0.3164,0.6836,0.609,0.5571,VERY_HIGH,26118.08,15.65
L1244,D,0.3189,0.6811,0.6181,0.581,VERY_HIGH,19775.66,9.68
L1245,D,0.0855,0.9145,0.8596,0.8368,MEDIUM,32446.58,24.33
L1246,A,0.23,0.77,0.7021,0.642,HIGH,19675.9,16.86
L1247,A,0.1913,0.8087,0.7368,0.665,HIGH,18507.96,13.78
L1248,F,0.393,0.607,0.5596,0.5298,VERY_HIGH,10981.42,14.03
L1249,D,0.2878,0.7122,0.6637,0.595,HIGH,14229.65,26.31
L1250,D,0.2443,0.7557,0.7125,0.6413,HIGH,6270.03,18.84
L1251,C,0.0608,0.9392,0.8612,0.7863,MEDIUM,24006.06,22.95
L1252,A,0.2765,0.7235,0.6617,0.6258,HIGH,12456.07,27.43
L1253,A,0.0616,0.9384,0.9134,0.8392,MEDIUM,14124.66,27.54
L1254,D,0.1584,0.8416,0.7698,0.7306,HIGH,28124.44,13.21
L1255,C,0.0729,0.9271,0.8783,0.8252,MEDIUM,14816.64,28.81
L1256,B,0.3145,0.6855,0.6614,0.6384,VERY_HIGH,12265.88,5.62
L1257,C,0.1008,0.8992,0.8462,0.8236,MEDIUM,10071.73,14.42
L1258,A,0.1824,0.8176,0.7726,0.7094,HIGH,28245.75,27.39
L1259,C,0.4041,0.5959,0.5232,0.4765,VERY_HIGH,8891.19,11.87
L1260,B,0.0999,0.9001,0.8679,0.8325,MEDIUM,18612.61,11.83
L1261,D,0.2334,0.7666,0.697,0.6656,HIGH,20207.9,12.57
L1262,B,0.1945,0.8055,0.752,0.6918,HIGH,25621.7,20.31
L1263,C,0.018,0.982,0.9587,0.9387,LOW,23998.5,15.96
L1264,A,0.3588,0.6412,0.5629,0.4945,VERY_HIGH,29321.62,23.17
L1265,A,0.0404,0.9596,0.9088,0.884,LOW,6342.54,27.37
L1266,C,0.2187,0.7813,0.7438,0.7123,HIGH,13893.22,21.85
L1267,C,0.2567,0.7433,0.6951,0.6519,HIGH,13404.02,10.11
L1268,D,0.2865,0.7135,0.642,0.5929,HIGH,9380.51,28.32
L1269,B,0.313,0.687,0.6487,0.6074,VERY_HIGH,13675.35,11.61
L1270,D,0.1214,0.8786,0.847,0.8078,MEDIUM,14292.96,8.75
L1271,E,0.0144,0.9856,0.9579,0.8801,LOW,20656.53,7.25
L1272,D,0.3283,0.6717,0.6338,0.5753,VERY_HIGH,24911.13,19.08
L1273,A,0.2457,0.7543,0.6875,0.6661,HIGH,16433.02,7.84
L1274,C,0.3779,0.6221,0.5738,0.528,VERY_HIGH,26584.11,8.47
L1275,A,0.3714,0.6286,0.595,0.5225,VERY_HIGH,15084.96,12.5
L1276,B,0.3811,0.6189,0.5889,0.5508,VERY_HIGH,13708.51,12.04
L1277,G,0.2234,0.7766,0.7366,0.7109,HIGH,21235.64,20.11
L1278,A,0.1568,0.8432,0.7668,0.7013,HIGH,5711.49,25.42
L1279,C,0.3583,0.6417,0.6011,0.5447,VERY_HIGH,7393.67,24.03
L1280,D,0.2086,0.7914,0.7121,0.6579,HIGH,17539.09,11.56
L1281,D,0.0907,0.9093,0.8602,0.837,MEDIUM,33287.38,11.13
L1282,C,0.3862,0.6138,0.5831,0.5547,VERY_HIGH,26645.35,29.14
L1283,A,0.3983,0.6017,0.5282,0.4708,VERY_HIGH,7643.8,5.21
L1284,B,0.2152,0.7848,0.7372,0.7047,HIGH,30389.54,26.99
L1285,C,0.0433,0.9567,0.8941,0.8439,LOW,26969.02,9.99
L1286,A,0.1806,0.8194,0.7404,0.6877,HIGH,23328.4,28.68
L1287,C,0.3636,0.6364,0.6134,0.5764,VERY_HIGH,29608.79,13.56
L1288,A,0.4068,0.5932,0.5674,0.4905,VERY_HIGH,17123.3,16.01
L1289,A,0.0995,0.9005,0.8373,0.7668,MEDIUM,11645.03,22.68
L1290,C,0.0395,0.9605,0.9236,0.8603,LOW,20360.7,19.69
L1291,A,0.396,0.604,0.5729,0.5482,VERY_HIGH,21465.25,12.95
L1292,C,0.1813,0.8187,0.7963,0.7699,HIGH,21149.79,18.85
L1293,D,0.2484,0.7516,0.7303,0.6807,HIGH,21952.21,23.27
L1294,E,0.4359,0.5641,0.4976,0.468,VERY_HIGH,33461.15,6.06
L1295,B,0.0393,0.9607,0.9326,0.8539,LOW,32067.37,5.28
L1296,B,0.2953,0.7047,0.6566,0.6271,HIGH,31271.51,16.45
L1297,A,0.0426,0.9574,0.901,0.8518,LOW,29042.5,8.3
L1298,D,0.1752,0.8248,0.7791,0.7373,HIGH,33302.84,21.61
L1299,D,0.3637,0.6363,0.6147,0.5563,VERY_HIGH,7954.84,10.35
L1300,A,0.2007,0.7993,0.7323,0.7046,HIGH,12953.7,15.82
L1301,F,0.4488,0.5512,0.5306,0.4848,VERY_HIGH,19851.68,9.94
L1302,A,0.256,0.744,0.6783,0.6418,HIGH,30396.03,18.71
L1303,C,0.1513,0.8487,0.7751,0.7018,HIGH,20154.97,7.9
L1304,D,0.1068,0.8932,0.8472,0.8248,MEDIUM,27441.04,5.58
L1305,E,0.1642,0.8358,0.7837,0.7089,HIGH,9168.8,6.28
L1306,D,0.1739,0.8261,0.7775,0.7075,HIGH,12572.41,28.86
L1307,E,0.0402,0.9598,0.9164,0.8785,LOW,26953.28,8.56
L1308,B,0.1726,0.8274,0.7542,0.6868,HIGH,9942.02,22.71
L1309,E,0.2143,0.7857,0.7121,0.6902,HIGH,15540.68,6.7
L1310,A,0.328,0.672,0.6319,0.5539,VERY_HIGH,12945.99,7.7
L1311,E,0.299,0.701,0.6441,0.5925,HIGH,15495.85,17.72
L1312,C,0.3219,0.6781,0.6025,0.5643,VERY_HIGH,26249.72,16.62
L1313,E,0.0137,0.9863,0.9086,0.8668,LOW,16035.42,28.79
L1314,C,0.1058,0.8942,0.8437,0.8197,MEDIUM,21657.9,28.62
L1315,D,0.3011,0.6989,0.6517,0.5723,VERY_HIGH,7997.96,24.49
L1316,C,0.223,0.777,0.7403,0.7179,HIGH,29150.53,20.05
L1317,D,0.0123,0.9877,0.9102,0.8509,LOW,16096.66,16.37
L1318,A,0.364,0.636,0.6074,0.5608,VERY_HIGH,24456.02,13.9
L1319,A,0.35,0.65,0.5952,0.5183,VERY_HIGH,26761.69,28.68
L1320,B,0.2513,0.7487,0.7117,0.6769,HIGH,11289.83,20.07
L1321,B,0.0392,0.9608,0.9241,0.8722,LOW,31540.25,19.48
L1322,E,0.3473,0.6527,0.6084,0.5595,VERY_HIGH,23486.73,10.8
L1323,B,0.2668,0.7332,0.6533,0.5911,HIGH,17861.75,6.17
L1324,G,0.3541,0.6459,0.6226,0.5985,VERY_HIGH,10470.06,28.63
L1325,B,0.3408,0.6592,0.6045,0.5729,VERY_HIGH,33269.03,12.84
L1326,B,0.3633,0.6367,0.6117,0.5788,VERY_HIGH,27652.05,16.06
L1327,D,0.2379,0.7621,0.7328,0.6685,HIGH,11240.74,7.87
L1328,D,0.0717,0.9283,0.8819,0.8506,MEDIUM,15131.32,25.92
L1329,C,0.3053,0.6947,0.6441,0.5897,VERY_HIGH,29290.23,5.69
L1330,C,0.283,0.717,0.6815,0.6486,HIGH,25870.33,25.85
L1331,D,0.3366,0.6634,0.6244,0.5527,VERY_HIGH,27973.53,8.51
L1332,B,0.0847,0.9153,0.8901,0.8136,MEDIUM,18236.03,27.16
L1333,G,0.0958,0.9042,0.866,0.8149,MEDIUM,26494.29,23.24
L1334,G,0.4018,0.5982,0.5202,0.4791,VERY_HIGH,16594.81,9.12
L1335,D,0.34,0.66,0.5833,0.5493,VERY_HIGH,11337.89,19.15
L1336,B,0.4096,0.5904,0.5503,0.5273,VERY_HIGH,23980.31,12.82
L1337,D,0.3438,0.6562,0.6019,0.5658,VERY_HIGH,34280.42,9.46
L1338,A,0.2727,0.7273,0.6527,0.5934,HIGH,14318.03,26.48
L1339,A,0.2978,0.7022,0.6818,0.6298,HIGH,18829.09,15.09
L1340,B,0.4012,0.5988,0.5302,0.4536,VERY_HIGH,25220.04,14.96
L1341,C,0.2647,0.7353,0.6584,0.6146,HIGH,21245.19,9.25
L1342,E,0.2883,0.7117,0.6862,0.6246,HIGH,30302.83,14.58
L1343,D,0.0788,0.9212,0.8915,0.8421,MEDIUM,27852.28,26.79
L1344,D,0.2185,0.7815,0.7039,0.6531,HIGH,6748.92,14.08
L1345,C,0.3252,0.6748,0.6225,0.5864,VERY_HIGH,34952.64,28.79
L1346,B,0.1292,0.8708,0.8499,0.8026,MEDIUM,27572.07,28.66
L1347,C,0.099,0.901,0.8655,0.8173,MEDIUM,30917.1,8.62
L1348,G,0.1481,0.8519,0.8049,0.7425,MEDIUM,24535.93,9.43
L1349,A,0.1163,0.8837,0.8221,0.7457,MEDIUM,30688.55,26.57
L1350,E,0.1046,0.8954,0.8314,0.7916,MEDIUM,8371.49,14.82
L1351,C,0.1969,0.8031,0.7234,0.7009,HIGH,15432.14,5.11
L1352,C,0.4094,0.5906,0.5533,0.5035,VERY_HIGH,31292.63,11.85
L1353,D,0.2331,0.7669,0.7146,0.6619,HIGH,11049.66,19.94
L1354,C,0.0927,0.9073,0.8553,0.8252,MEDIUM,7347.26,24.98
L1355,E,0.0439,0.9561,0.9118,0.8462,LOW,28643.57,8.33
L1356,E,0.3163,0.6837,0.6536,0.5745,VERY_HIGH,30064.58,7.76
L1357,C,0.1784,0.8216,0.743,0.6663,HIGH,9879.57,28.05
L1358,B,0.3716,0.6284,0.5572,0.5254,VERY_HIGH,30630.38,23.78
L1359,C,0.3002,0.6998,0.6499,0.5774,VERY_HIGH,25603.03,19.74
L1360,E,0.3603,0.6397,0.5835,0.5212,VERY_HIGH,20602.48,24.23
L1361,B,0.1297,0.8703,0.8367,0.7895,MEDIUM,29907.51,15.72
L1362,D,0.3146,0.6854,0.6328,0.5804,VERY_HIGH,17577.48,23.96
L1363,D,0.1262,0.8738,0.8121,0.7411,MEDIUM,10819.82,14.3
L1364,D,0.4232,0.5768,0.5259,0.4771,VERY_HIGH,13545.58,11.1
L1365,A,0.29,0.71,0.6306,0.5882,HIGH,20154.92,23.23
L1366,D,0.1528,0.8472,0.7905,0.7409,HIGH,20939.92,15.49
L1367,E,0.1286,0.8714,0.8291,0.7744,MEDIUM,29167.42,29.53
L1368,B,0.094,0.906,0.8397,0.8084,MEDIUM,28740.58,13.74
L1369,B,0.3156,0.6844,0.6542,0.5801,VERY_HIGH,22441.0,28.04
L1370,G,0.1062,0.8938,0.8507,0.7902,MEDIUM,28423.56,28.32
L1371,B,0.2719,0.7281,0.6873,0.6293,HIGH,10753.2,11.05
L1372,E,0.1264,0.8736,0.8277,0.8017,MEDIUM,6501.94,24.96
L1373,C,0.3013,0.6987,0.6318,0.5755,VERY_HIGH,31209.01,15.83
L1374,B,0.3686,0.6314,0.5823,0.555,VERY_HIGH,7266.63,27.94
L1375,E,0.3523,0.6477,0.5801,0.5554,VERY_HIGH,12400.65,16.25
L1376,C,0.3448,0.6552,0.6006,0.549,VERY_HIGH,25859.57,23.61
L1377,C,0.0926,0.9074,0.8669,0.8227,MEDIUM,17283.44,16.67
L1378,C,0.0489,0.9511,0.8825,0.8272,LOW,31289.42,10.7
L1379,C,0.3175,0.6825,0.6482,0.6228,VERY_HIGH,13939.39,9.98
L1380,B,0.1721,0.8279,0.7944,0.7485,HIGH,5356.14,15.64
L1381,C,0.2002,0.7998,0.7495,0.719,HIGH,14019.67,23.89
L1382,F,0.0237,0.9763,0.9406,0.8614,LOW,22342.25,20.13
L1383,B,0.1242,0.8758,0.8553,0.8016,MEDIUM,16278.15,22.22
L1384,D,0.0248,0.9752,0.9163,0.8551,LOW,21046.18,12.06
L1385,B,0.3968,0.6032,0.5525,0.513,VERY_HIGH,31297.94,17.04
L1386,D,0.1171,0.8829,0.8362,0.8105,MEDIUM,32374.55,6.11
L1387,A,0.2552,0.7448,0.6668,0.5882,HIGH,12979.22,25.44
L1388,F,0.0272,0.9728,0.9185,0.8813,LOW,18864.21,29.75
L1389,C,0.3034,0.6966,0.6248,0.5794,VERY_HIGH,21474.32,15.17
L1390,B,0.1521,0.8479,0.8195,0.7605,HIGH,33473.37,5.27
L1391,A,0.4051,0.5949,0.5407,0.5192,VERY_HIGH,34958.52,9.24
L1392,B,0.4008,0.5992,0.5271,0.4585,VERY_HIGH,12062.22,21.31
L1393,C,0.1531,0.8469,0.7919,0.7397,HIGH,26809.4,20.3
L1394,B,0.4064,0.5936,0.5305,0.4938,VERY_HIGH,16340.93,24.7
L1395,E,0.4483,0.5517,0.5094,0.4857,VERY_HIGH,5243.25,11.35
L1396,C,0.3732,0.6268,0.6013,0.5716,VERY_HIGH,5277.58,24.09
L1397,B,0.3817,0.6183,0.5708,0.4971,VERY_HIGH,18816.98,22.2
L1398,D,0.1196,0.8804,0.8367,0.7755,MEDIUM,19650.05,13.07
L1399,D,0.2637,0.7363,0.6643,0.6293,HIGH,5677.09,18.64
L1400,B,0.0396,0.9604,0.9258,0.9019,LOW,25607.82,8.68
L1401,B,0.0518,0.9482,0.8702,0.8088,MEDIUM,13820.1,16.31
L1402,A,0.4495,0.5505,0.473,0.4187,VERY_HIGH,21796.79,27.03
L1403,D,0.1537,0.8463,0.8114,0.7671,HIGH,14027.57,15.53
L1404,D,0.3392,0.6608,0.6199,0.5781,VERY_HIGH,10014.03,25.99
L1405,C,0.3649,0.6351,0.5614,0.5284,VERY_HIGH,17215.21,19.76
L1406,E,0.3875,0.6125,0.5345,0.4743,VERY_HIGH,11968.2,9.8
L1407,E,0.449,0.551,0.5044,0.4262,VERY_HIGH,21044.03,19.53
L1408,C,0.1163,0.8837,0.8444,0.8139,MEDIUM,10964.86,17.65
L1409,E,0.0278,0.9722,0.9206,0.8648,LOW,20252.18,14.97
L1410,B,0.1909,0.8091,0.7478,0.7023,HIGH,9721.36,7.99
L1411,A,0.0672,0.9328,0.8964,0.8496,MEDIUM,25129.24,15.42
L1412,B,0.0199,0.9801,0.9159,0.8807,LOW,27618.13,6.82
L1413,A,0.1686,0.8314,0.8083,0.7388,HIGH,8311.83,7.47
L1414,C,0.3548,0.6452,0.6222,0.5731,VERY_HIGH,19034.07,15.4
L1415,F,0.2591,0.7409,0.6977,0.6451,HIGH,7126.15,12.63
L1416,A,0.1476,0.8524,0.8112,0.7729,MEDIUM,22945.47,28.14
L1417,A,0.2979,0.7021,0.6632,0.6323,HIGH,12932.13,14.39
L1418,C,0.1121,0.8879,0.8384,0.8132,MEDIUM,20828.73,23.95
L1419,F,0.0163,0.9837,0.9445,0.8817,LOW,20523.83,18.26
L1420,B,0.3463,0.6537,0.6222,0.5904,VERY_HIGH,32730.63,22.6
L1421,C,0.2844,0.7156,0.677,0.6156,HIGH,21472.5,11.5
L1422,A,0.3454,0.6546,0.5761,0.5327,VERY_HIGH,22489.95,28.55
L1423,A,0.0271,0.9729,0.9282,0.8833,LOW,17049.59,18.25
L1424,G,0.3783,0.6217,0.575,0.5268,VERY_HIGH,33472.39,25.78
L1425,F,0.2826,0.7174,0.6628,0.6207,HIGH,28315.58,14.13
L1426,A,0.2579,0.7421,0.6631,0.6371,HIGH,13562.16,7.51
L1427,F,0.2848,0.7152,0.6807,0.6421,HIGH,30326.29,21.84
L1428,D,0.3904,0.6096,0.5487,0.4889,VERY_HIGH,17971.89,5.19
L1429,E,0.2683,0.7317,0.6687,0.6088,HIGH,29860.01,16.88
L1430,C,0.2656,0.7344,0.678,0.6408,HIGH,29686.64,9.82
L1431,C,0.4459,0.5541,0.5288,0.4812,VERY_HIGH,10666.11,20.68
L1432,C,0.343,0.657,0.5964,0.5648,VERY_HIGH,26034.23,29.49
L1433,D,0.2046,0.7954,0.7716,0.739,HIGH,13719.29,16.61
L1434,A,0.3213,0.6787,0.6229,0.6015,VERY_HIGH,13924.78,25.44
L1435,A,0.1813,0.8187,0.7543,0.6805,HIGH,13890.44,17.69
L1436,B,0.1107,0.8893,0.8566,0.824,MEDIUM,26767.05,17.4
L1437,D,0.2726,0.7274,0.6569,0.6232,HIGH,11894.78,28.26
L1438,B,0.4184,0.5816,0.5598,0.523,VERY_HIGH,5027.18,27.25
L1439,D,0.4188,0.5812,0.5106,0.483,VERY_HIGH,26457.11,24.65
L1440,F,0.1604,0.8396,0.792,0.7336,HIGH,10135.54,12.41
L1441,A,0.2422,0.7578,0.7247,0.7002,HIGH,8134.47,18.63
L1442,D,0.1031,0.8969,0.8689,0.8408,MEDIUM,12125.48,10.6
L1443,C,0.4481,0.5519,0.4747,0.416,VERY_HIGH,16397.02,16.1
L1444,E,0.4417,0.5583,0.5339,0.4935,VERY_HIGH,19277.19,17.11
L1445,B,0.2958,0.7042,0.6723,0.6098,HIGH,6337.1,25.79
L1446,D,0.3639,0.6361,0.5952,0.5418,VERY_HIGH,34117.2,27.4
L1447,E,0.3246,0.6754,0.6182,0.5828,VERY_HIGH,26481.89,15.37
L1448,F,0.271,0.729,0.6763,0.6173,HIGH,14695.82,5.44
L1449,D,0.0335,0.9665,0.939,0.912,LOW,14560.92,26.54
L1450,C,0.2101,0.7899,0.7525,0.7003,HIGH,18456.28,9.36
L1451,D,0.3069,0.6931,0.6588,0.6126,VERY_HIGH,23787.34,20.55
L1452,E,0.3081,0.6919,0.6591,0.623,VERY_HIGH,9391.19,5.62
L1453,C,0.1742,0.8258,0.7811,0.7249,HIGH,10667.89,14.99
L1454,A,0.4243,0.5757,0.5135,0.4412,VERY_HIGH,30783.04,29.65
L1455,F,0.0836,0.9164,0.8834,0.8035,MEDIUM,12687.65,7.52
L1456,D,0.2302,0.7698,0.7278,0.6713,HIGH,16405.85,15.59
L1457,D,0.314,0.686,0.6425,0.5982,VERY_HIGH,31138.16,12.68
L1458,B,0.3167,0.6833,0.6047,0.5712,VERY_HIGH,24894.43,27.63
L1459,D,0.2954,0.7046,0.6273,0.5919,HIGH,15251.36,26.73
L1460,C,0.1311,0.8689,0.8009,0.7521,MEDIUM,25510.99,10.94
L1461,D,0.0787,0.9213,0.8868,0.8448,MEDIUM,5590.5,7.03
L1462,A,0.2898,0.7102,0.6861,0.6113,HIGH,27069.28,20.68
L1463,D,0.2737,0.7263,0.6873,0.6452,HIGH,19610.48,13.41
L1464,G,0.0889,0.9111,0.8751,0.8327,MEDIUM,29395.46,21.8
L1465,A,0.3203,0.6797,0.6293,0.5863,VERY_HIGH,33639.13,5.8
L1466,G,0.2103,0.7897,0.723,0.6528,HIGH,32773.66,8.33
L1467,C,0.3038,0.6962,0.6247,0.5657,VERY_HIGH,32277.95,22.16
L1468,E,0.3784,0.6216,0.5509,0.494,VERY_HIGH,20365.1,10.31
L1469,D,0.0847,0.9153,0.8737,0.8337,MEDIUM,15804.26,26.44
L1470,C,0.0184,0.9816,0.9204,0.8513,LOW,18951.06,6.46
L1471,D,0.3528,0.6472,0.6084,0.5861,VERY_HIGH,25696.88,10.39
L1472,E,0.2783,0.7217,0.698,0.6258,HIGH,31519.93,29.96
L1473,C,0.3178,0.6822,0.6201,0.5693,VERY_HIGH,11209.59,15.83
L1474,B,0.3788,0.6212,0.6006,0.5567,VERY_HIGH,32545.79,22.57
L1475,D,0.3632,0.6368,0.5922,0.5424,VERY_HIGH,29455.41,9.57
L1476,E,0.4328,0.5672,0.5274,0.4674,VERY_HIGH,34365.68,20.25
L1477,D,0.2458,0.7542,0.6926,0.6718,HIGH,31407.55,23.15
L1478,D,0.2249,0.7751,0.7091,0.6368,HIGH,13398.12,12.86
L1479,C,0.1868,0.8132,0.775,0.7282,HIGH,8178.68,25.72
L1480,E,0.0776,0.9224,0.8537,0.8131,MEDIUM,8367.23,20.09
L1481,A,0.2619,0.7381,0.7005,0.6722,HIGH,13736.7,14.73
L1482,C,0.1319,0.8681,0.8213,0.7749,MEDIUM,23425.51,18.94
L1483,A,0.4154,0.5846,0.521,0.4712,VERY_HIGH,29129.61,19.42
L1484,B,0.2666,0.7334,0.6718,0.6276,HIGH,31977.51,9.14
L1485,C,0.2708,0.7292,0.65,0.5893,HIGH,23712.6,15.07
L1486,C,0.1662,0.8338,0.8003,0.755,HIGH,5168.94,13.59
L1487,D,0.0329,0.9671,0.9074,0.8297,LOW,10589.5,15.02
L1488,C,0.024,0.976,0.9194,0.8634,LOW,7991.79,24.03
L1489,C,0.1963,0.8037,0.7288,0.6604,HIGH,15899.73,17.06
L1490,B,0.0472,0.9528,0.9234,0.8968,LOW,20040.53,28.51
L1491,C,0.277,0.723,0.6579,0.6141,HIGH,6301.92,12.34
L1492,B,0.3976,0.6024,0.5483,0.5081,VERY_HIGH,15454.34,15.39
L1493,A,0.3985,0.6015,0.565,0.5108,VERY_HIGH,10375.39,24.67
L1494,D,0.3,0.7,0.6515,0.5798,VERY_HIGH,24412.1,18.65
L1495,D,0.1029,0.8971,0.8571,0.8324,MEDIUM,18928.17,18.68
L1496,D,0.3897,0.6103,0.5555,0.5311,VERY_HIGH,19859.53,6.33
L1497,C,0.3999,0.6001,0.5268,0.4558,VERY_HIGH,17830.75,14.96
L1498,C,0.0965,0.9035,0.8493,0.8165,MEDIUM,33680.59,11.77
L1499,E,0.3345,0.6655,0.6076,0.5475,VERY_HIGH,11442.05,29.98
L1500,C,0.1361,0.8639,0.8128,0.7602,MEDIUM,20499.93,12.71
L1501,C,0.3632,0.6368,0.6137,0.5437,VERY_HIGH,27080.52,27.11
L1502,A,0.4488,0.5512,0.5172,0.4897,VERY_HIGH,21705.33,21.91
L1503,B,0.0232,0.9768,0.9273,0.8995,LOW,32870.63,13.52
L1504,C,0.4048,0.5952,0.5566,0.5032,VERY_HIGH,16339.05,18.59
L1505,C,0.284,0.716,0.6851,0.6083,HIGH,18910.27,26.01
L1506,C,0.4383,0.5617,0.5115,0.4666,VERY_HIGH,7655.67,27.08
L1507,C,0.2146,0.7854,0.746,0.7064,HIGH,23269.97,9.01
L1508,D,0.3829,0.6171,0.5816,0.5252,VERY_HIGH,13646.36,13.49
L1509,D,0.0375,0.9625,0.9147,0.8389,LOW,9809.27,13.38
L1510,E,0.1575,0.8425,0.8145,0.7443,HIGH,21335.94,6.05
L1511,D,0.0395,0.9605,0.8848,0.8051,LOW,20969.31,19.96
L1512,F,0.4392,0.5608,0.4887,0.4673,VERY_HIGH,7276.15,26.37
L1513,A,0.3695,0.6305,0.568,0.5412,VERY_HIGH,25946.46,14.54
L1514,B,0.3851,0.6149,0.5885,0.5319,VERY_HIGH,23713.17,23.5
L1515,A,0.4227,0.5773,0.5107,0.4415,VERY_HIGH,10670.52,20.69
L1516,D,0.0474,0.9526,0.8841,0.847,LOW,19083.05,14.39
L1517,E,0.1797,0.8203,0.7542,0.7198,HIGH,26609.69,8.53
L1518,B,0.0413,0.9587,0.9319,0.8647,LOW,20883.07,22.73
L1519,F,0.1027,0.8973,0.8387,0.8153,MEDIUM,16864.67,26.36
L1520,A,0.1109,0.8891,0.819,0.7768,MEDIUM,14670.15,22.15
L1521,F,0.2164,0.7836,0.729,0.6787,HIGH,23311.82,5.45
L1522,C,0.1282,0.8718,0.813,0.7594,MEDIUM,33173.26,10.41
L1523,A,0.0544,0.9456,0.8981,0.8344,MEDIUM,25152.35,6.74
L1524,C,0.0837,0.9163,0.8646,0.8233,MEDIUM,7242.38,19.26
L1525,B,0.0748,0.9252,0.9031,0.8463,MEDIUM,18820.55,23.91
L1526,B,0.4382,0.5618,0.5035,0.4484,VERY_HIGH,31724.72,7.76
L1527,B,0.3441,0.6559,0.631,0.5781,VERY_HIGH,7833.87,25.96
L1528,E,0.4358,0.5642,0.5181,0.4597,VERY_HIGH,34666.27,18.89
L1529,C,0.2035,0.7965,0.7589,0.7233,HIGH,33472.08,22.25
L1530,B,0.1325,0.8675,0.8148,0.7897,MEDIUM,7348.23,29.29
L1531,D,0.3612,0.6388,0.6108,0.5836,VERY_HIGH,33002.4,7.09
L1532,D,0.1536,0.8464,0.7849,0.7514,HIGH,15893.98,27.53
L1533,B,0.1417,0.8583,0.7906,0.7406,MEDIUM,30341.28,8.15
L1534,C,0.1123,0.8877,0.8579,0.7875,MEDIUM,17551.5,14.82
L1535,A,0.0671,0.9329,0.9066,0.8445,MEDIUM,18225.65,26.29
L1536,B,0.1228,0.8772,0.8485,0.7812,MEDIUM,24027.29,27.66
L1537,D,0.1663,0.8337,0.7611,0.72,HIGH,28234.32,17.66
L1538,B,0.3066,0.6934,0.6417,0.5974,VERY_HIGH,6013.67,19.85
L1539,C,0.0375,0.9625,0.9145,0.8709,LOW,22794.68,22.7
L1540,D,0.1026,0.8974,0.871,0.8395,MEDIUM,10601.99,25.82
L1541,A,0.366,0.634,0.575,0.5513,VERY_HIGH,15378.49,8.04
L1542,C,0.0746,0.9254,0.8533,0.7978,MEDIUM,15439.06,25.25
L1543,B,0.1608,0.8392,0.7695,0.6901,HIGH,19071.81,17.03
L1544,F,0.3904,0.6096,0.552,0.522,VERY_HIGH,15024.09,16.27
L1545,C,0.0782,0.9218,0.8973,0.8745,MEDIUM,8220.83,15.6
L1546,E,0.0464,0.9536,0.9269,0.8601,LOW,9368.86,17.73
L1547,C,0.2232,0.7768,0.7538,0.7186,HIGH,6003.14,28.63
L1548,A,0.1431,0.8569,0.8215,0.7517,MEDIUM,19107.47,18.71
L1549,D,0.2579,0.7421,0.714,0.6518,HIGH,33633.43,28.83
L1550,F,0.3637,0.6363,0.6007,0.524,VERY_HIGH,8470.26,9.51
L1551,D,0.0703,0.9297,0.8866,0.8421,MEDIUM,33387.93,23.1
L1552,E,0.2655,0.7345,0.6579,0.5982,HIGH,27000.85,25.31
L1553,E,0.2324,0.7676,0.711,0.6631,HIGH,24124.96,21.98
L1554,B,0.0734,0.9266,0.8565,0.7987,MEDIUM,24358.33,20.17
L1555,B,0.2846,0.7154,0.6528,0.6058,HIGH,29801.83,19.12
L1556,D,0.1304,0.8696,0.8428,0.8115,MEDIUM,8207.6,26.52
L1557,C,0.2246,0.7754,0.7112,0.6607,HIGH,20142.63,25.54
L1558,E,0.0462,0.9538,0.9173,0.8656,LOW,25912.73,8.06
L1559,E,0.2122,0.7878,0.7295,0.6609,HIGH,22604.61,26.21
L1560,C,0.1448,0.8552,0.8147,0.7506,MEDIUM,29983.37,15.35
L1561,B,0.3718,0.6282,0.5483,0.4885,VERY_HIGH,7168.15,11.34
L1562,D,0.0351,0.9649,0.9291,0.9023,LOW,25721.03,26.74
L1563,B,0.1942,0.8058,0.7691,0.7059,HIGH,21020.83,15.8
L1564,E,0.2117,0.7883,0.7125,0.6625,HIGH,16374.83,25.21
L1565,C,0.329,0.671,0.6495,0.5759,VERY_HIGH,15208.25,11.59
L1566,D,0.2627,0.7373,0.6755,0.6003,HIGH,23624.98,5.1
L1567,A,0.3036,0.6964,0.6329,0.6096,VERY_HIGH,31729.86,17.39
L1568,D,0.3519,0.6481,0.5779,0.5087,VERY_HIGH,19885.28,7.51
L1569,C,0.3894,0.6106,0.5321,0.5098,VERY_HIGH,29741.69,23.86
L1570,C,0.1481,0.8519,0.7734,0.7314,MEDIUM,17064.69,11.9
L1571,B,0.2467,0.7533,0.7294,0.6769,HIGH,8071.83,16.09
L1572,D,0.3796,0.6204,0.5511,0.5222,VERY_HIGH,6845.17,7.18
L1573,E,0.4454,0.5546,0.4958,0.431,VERY_HIGH,6540.03,12.17
L1574,B,0.4014,0.5986,0.5398,0.5193,VERY_HIGH,16404.5,24.54
L1575,A,0.1734,0.8266,0.7989,0.7688,HIGH,15117.13,8.79
L1576,A,0.0959,0.9041,0.8451,0.7903,MEDIUM,26538.11,21.18
L1577,D,0.2253,0.7747,0.6958,0.6329,HIGH,27284.65,27.94
L1578,D,0.3363,0.6637,0.589,0.514,VERY_HIGH,6525.62,22.0
L1579,C,0.2267,0.7733,0.727,0.6647,HIGH,11633.7,25.28
L1580,B,0.2226,0.7774,0.755,0.6947,HIGH,13227.86,7.72
L1581,C,0.3788,0.6212,0.5795,0.5358,VERY_HIGH,21428.36,11.27
L1582,C,0.169,0.831,0.7614,0.7413,HIGH,9335.46,27.36
L1583,C,0.3883,0.6117,0.5496,0.5224,VERY_HIGH,9018.24,22.88
L1584,G,0.189,0.811,0.7634,0.7113,HIGH,33313.67,20.99
L1585,A,0.1544,0.8456,0.8223,0.7618,HIGH,29126.09,21.59
L1586,D,0.2098,0.7902,0.7446,0.6996,HIGH,10419.65,15.36
L1587,C,0.3455,0.6545,0.6064,0.5426,VERY_HIGH,17197.03,6.11
L1588,C,0.0654,0.9346,0.8589,0.8076,MEDIUM,15668.66,24.61
L1589,D,0.0964,0.9036,0.8451,0.8206,MEDIUM,28730.12,21.97
L1590,D,0.4286,0.5714,0.5327,0.5012,VERY_HIGH,20306.39,16.82
L1591,G,0.0872,0.9128,0.8613,0.7909,MEDIUM,8835.49,27.49
L1592,A,0.2598,0.7402,0.7162,0.6527,HIGH,27169.76,13.4
L1593,A,0.2649,0.7351,0.6567,0.583,HIGH,16906.64,12.36
L1594,D,0.2254,0.7746,0.733,0.7059,HIGH,12887.73,26.82
L1595,C,0.2937,0.7063,0.6576,0.5782,HIGH,16264.96,24.92
L1596,B,0.1111,0.8889,0.8476,0.815,MEDIUM,19932.7,17.87
L1597,A,0.2532,0.7468,0.6858,0.6651,HIGH,15293.47,8.27
L1598,A,0.1738,0.8262,0.7665,0.6867,HIGH,12257.17,10.38
L1599,E,0.3011,0.6989,0.636,0.5991,VERY_HIGH,16955.06,21.41
L1600,B,0.0721,0.9279,0.8918,0.8317,MEDIUM,5575.19,14.63
L1601,B,0.2612,0.7388,0.6999,0.6693,HIGH,28174.94,25.91
L1602,B,0.0915,0.9085,0.881,0.8262,MEDIUM,10128.35,28.75
L1603,C,0.1326,0.8674,0.8081,0.7339,MEDIUM,6317.14,25.14
L1604,A,0.1062,0.8938,0.8714,0.8322,MEDIUM,24610.96,14.44
L1605,C,0.0904,0.9096,0.8537,0.7935,MEDIUM,28218.08,24.72
L1606,A,0.3733,0.6267,0.5545,0.5232,VERY_HIGH,29414.87,13.79
L1607,E,0.1357,0.8643,0.7909,0.7334,MEDIUM,19805.28,9.18
L1608,B,0.4179,0.5821,0.5352,0.495,VERY_HIGH,11161.05,5.83
L1609,C,0.4368,0.5632,0.5156,0.4829,VERY_HIGH,27116.83,14.64
L1610,E,0.2614,0.7386,0.714,0.6752,HIGH,25991.39,27.59
L1611,D,0.0729,0.9271,0.8669,0.8362,MEDIUM,12388.12,10.97
L1612,C,0.1748,0.8252,0.7559,0.6818,HIGH,32102.23,10.16
L1613,B,0.361,0.639,0.6043,0.5605,VERY_HIGH,8131.14,29.25
L1614,B,0.1717,0.8283,0.783,0.7483,HIGH,34480.65,5.63
L1615,D,0.0483,0.9517,0.8814,0.8345,LOW,30807.43,24.64
L1616,G,0.255,0.745,0.6724,0.6332,HIGH,25636.96,13.03
L1617,D,0.3819,0.6181,0.5835,0.5188,VERY_HIGH,33162.5,5.94
L1618,C,0.3602,0.6398,0.5868,0.5085,VERY_HIGH,26669.34,27.95
L1619,D,0.0871,0.9129,0.8814,0.8351,MEDIUM,10713.71,8.49
L1620,C,0.306,0.694,0.6679,0.5962,VERY_HIGH,18264.68,18.79
L1621,A,0.107,0.893,0.8183,0.7643,MEDIUM,7145.09,11.85
L1622,C,0.106,0.894,0.8248,0.7954,MEDIUM,16689.72,6.63
L1623,F,0.3946,0.6054,0.5398,0.4784,VERY_HIGH,27248.09,6.25
L1624,B,0.1199,0.8801,0.8572,0.8064,MEDIUM,16593.3,7.89
L1625,D,0.1258,0.8742,0.8036,0.7446,MEDIUM,14908.83,6.78
L1626,B,0.0103,0.9897,0.9434,0.87,LOW,22860.67,24.01
L1627,C,0.3931,0.6069,0.5664,0.52,VERY_HIGH,31166.14,17.14
L1628,A,0.3587,0.6413,0.5885,0.5144,VERY_HIGH,6427.5,13.57
L1629,C,0.286,0.714,0.6885,0.6235,HIGH,16564.11,15.46
L1630,D,0.3401,0.6599,0.5945,0.5452,VERY_HIGH,9747.22,28.22
L1631,B,0.0769,0.9231,0.8682,0.812,MEDIUM,25860.63,27.77
L1632,D,0.2117,0.7883,0.7571,0.7176,HIGH,8171.74,22.89
L1633,D,0.1645,0.8355,0.8042,0.7252,HIGH,24944.23,27.12
L1634,F,0.0513,0.9487,0.9176,0.8576,MEDIUM,13585.43,12.99
L1635,B,0.2239,0.7761,0.7527,0.7301,HIGH,10967.5,14.53
L1636,C,0.4151,0.5849,0.5296,0.49,VERY_HIGH,33090.58,20.34
L1637,B,0.0276,0.9724,0.902,0.8446,LOW,5555.74,20.59
L1638,G,0.1382,0.8618,0.8408,0.8174,MEDIUM,18133.32,17.04
L1639,F,0.1013,0.8987,0.8758,0.8544,MEDIUM,5648.81,15.02
L1640,C,0.1148,0.8852,0.8308,0.7838,MEDIUM,19507.79,29.65
L1641,E,0.4097,0.5903,0.5211,0.4811,VERY_HIGH,20031.42,25.53
L1642,C,0.216,0.784,0.7444,0.6981,HIGH,14649.87,15.87
L1643,D,0.2152,0.7848,0.7438,0.708,HIGH,8964.85,23.18
L1644,A,0.3447,0.6553,0.5995,0.5696,VERY_HIGH,16291.63,11.74
L1645,D,0.078,0.922,0.8855,0.8242,MEDIUM,25167.89,7.5
L1646,A,0.2244,0.7756,0.754,0.7031,HIGH,28471.87,13.81
L1647,E,0.1992,0.8008,0.7367,0.7047,HIGH,20922.52,15.07
L1648,D,0.2726,0.7274,0.6699,0.6307,HIGH,22695.03,5.41
L1649,D,0.4498,0.5502,0.4954,0.4399,VERY_HIGH,11018.49,25.37
L1650,A,0.3486,0.6514,0.5869,0.5626,VERY_HIGH,13619.91,13.98
L1651,B,0.1851,0.8149,0.7544,0.7256,HIGH,9856.87,19.51
L1652,B,0.3741,0.6259,0.5935,0.5691,VERY_HIGH,12478.86,6.85
L1653,C,0.0851,0.9149,0.8738,0.8051,MEDIUM,11746.6,9.37
L1654,A,0.0234,0.9766,0.949,0.8839,LOW,20583.46,27.24
L1655,F,0.1,0.9,0.8722,0.807,MEDIUM,21880.66,20.22
L1656,C,0.1598,0.8402,0.7796,0.7166,HIGH,33348.42,28.76
L1657,B,0.2347,0.7653,0.6938,0.6336,HIGH,10867.12,29.97
L1658,C,0.2807,0.7193,0.6415,0.5929,HIGH,24250.27,14.3
L1659,C,0.4107,0.5893,0.5316,0.4731,VERY_HIGH,29517.78,12.47
L1660,D,0.2343,0.7657,0.7347,0.7124,HIGH,21807.24,26.46
L1661,C,0.2306,0.7694,0.7431,0.6858,HIGH,12650.11,29.97
L1662,E,0.0321,0.9679,0.8991,0.8324,LOW,12876.51,20.74
L1663,C,0.0254,0.9746,0.9199,0.8699,LOW,6177.59,24.88
L1664,G,0.2525,0.7475,0.6904,0.6489,HIGH,14163.33,24.54
L1665,E,0.2028,0.7972,0.7303,0.6937,HIGH,27338.11,13.88
L1666,B,0.3792,0.6208,0.5586,0.5,VERY_HIGH,6425.53,19.36
L1667,F,0.0807,0.9193,0.8492,0.7876,MEDIUM,11578.86,25.83
L1668,A,0.021,0.979,0.9556,0.8833,LOW,26186.97,22.2
L1669,E,0.2076,0.7924,0.7275,0.687,HIGH,28479.55,5.53
L1670,C,0.1145,0.8855,0.8144,0.7482,MEDIUM,18659.55,13.42
L1671,E,0.0318,0.9682,0.931,0.8773,LOW,25942.23,8.61
L1672,E,0.3288,0.6712,0.6128,0.5398,VERY_HIGH,16638.57,10.82
L1673,E,0.0591,0.9409,0.9021,0.8504,MEDIUM,9797.4,27.64
L1674,D,0.2777,0.7223,0.6448,0.5937,HIGH,16944.48,5.92
L1675,B,0.1337,0.8663,0.8443,0.7896,MEDIUM,22399.03,10.5
L1676,A,0.0863,0.9137,0.8589,0.7939,MEDIUM,33441.6,12.74
L1677,C,0.1771,0.8229,0.7929,0.715,HIGH,7062.53,20.42
L1678,B,0.3626,0.6374,0.5747,0.5503,VERY_HIGH,20221.82,18.35
L1679,D,0.1825,0.8175,0.7869,0.7637,HIGH,14867.59,10.46
L1680,B,0.3403,0.6597,0.6256,0.5493,VERY_HIGH,20249.35,9.11
L1681,G,0.0652,0.9348,0.8851,0.8333,MEDIUM,5719.26,10.92
L1682,D,0.35,0.65,0.5751,0.5182,VERY_HIGH,14390.76,17.56
L1683,E,0.1143,0.8857,0.853,0.8041,MEDIUM,29596.04,11.78
L1684,A,0.3081,0.6919,0.6632,0.6376,VERY_HIGH,21618.25,28.69
L1685,E,0.2589,0.7411,0.6756,0.6095,HIGH,18517.47,16.6
L1686,F,0.4188,0.5812,0.5312,0.4664,VERY_HIGH,13565.75,6.47
L1687,C,0.1804,0.8196,0.7449,0.7062,HIGH,13941.28,23.23
L1688,D,0.0391,0.9609,0.9321,0.8937,LOW,16493.04,13.22
L1689,D,0.0184,0.9816,0.9228,0.8525,LOW,30067.12,21.34
L1690,B,0.3738,0.6262,0.5922,0.5679,VERY_HIGH,34016.4,11.99
L1691,C,0.2409,0.7591,0.7297,0.6568,HIGH,18159.66,19.27
L1692,C,0.3511,0.6489,0.5879,0.5525,VERY_HIGH,16800.59,24.3
L1693,A,0.1131,0.8869,0.8313,0.7757,MEDIUM,30396.52,28.2
L1694,C,0.1618,0.8382,0.7729,0.6967,HIGH,17807.16,11.53
L1695,A,0.0232,0.9768,0.9382,0.8775,LOW,21560.55,13.37
L1696,A,0.4331,0.5669,0.52,0.4751,VERY_HIGH,11928.25,16.61
L1697,A,0.3039,0.6961,0.6518,0.5904,VERY_HIGH,27305.08,28.18
L1698,F,0.4206,0.5794,0.5004,0.4598,VERY_HIGH,20959.65,27.53
L1699,C,0.1268,0.8732,0.8357,0.7991,MEDIUM,29271.04,7.25
L1700,F,0.279,0.721,0.6833,0.6035,HIGH,28421.98,8.3
L1701,C,0.3085,0.6915,0.6502,0.5852,VERY_HIGH,11450.14,17.39
L1702,B,0.1497,0.8503,0.7964,0.7377,MEDIUM,26469.07,7.67
L1703,C,0.3832,0.6168,0.5817,0.5404,VERY_HIGH,29001.63,13.64
L1704,C,0.4268,0.5732,0.4983,0.4754,VERY_HIGH,15383.22,8.71
L1705,A,0.3993,0.6007,0.5648,0.5429,VERY_HIGH,10178.27,20.9
L1706,D,0.3352,0.6648,0.5911,0.5378,VERY_HIGH,5078.96,28.74
L1707,B,0.1321,0.8679,0.8417,0.776,MEDIUM,18527.11,29.92
L1708,D,0.1339,0.8661,0.8067,0.7545,MEDIUM,15572.98,14.38
L1709,D,0.4339,0.5661,0.4917,0.4213,VERY_HIGH,21647.3,19.98
L1710,B,0.0145,0.9855,0.9554,0.9334,LOW,10641.23,26.41
L1711,A,0.3251,0.6749,0.5968,0.5548,VERY_HIGH,30789.97,7.94
L1712,D,0.3207,0.6793,0.6321,0.5979,VERY_HIGH,12732.66,22.24
L1713,C,0.284,0.716,0.6393,0.5925,HIGH,11792.89,15.22
L1714,A,0.4456,0.5544,0.4938,0.4695,VERY_HIGH,19421.42,10.15
L1715,G,0.1472,0.8528,0.8147,0.7375,MEDIUM,19965.53,15.07
L1716,A,0.1596,0.8404,0.8091,0.7757,HIGH,11452.56,6.9
L1717,D,0.0447,0.9553,0.9171,0.8418,LOW,13155.82,22.39
L1718,G,0.2048,0.7952,0.7696,0.724,HIGH,10091.16,11.32
L1719,B,0.1249,0.8751,0.8465,0.7674,MEDIUM,26553.81,12.79
L1720,A,0.1611,0.8389,0.8126,0.7594,HIGH,28102.67,8.03
L1721,A,0.3772,0.6228,0.5774,0.5016,VERY_HIGH,18869.85,26.62
L1722,B,0.4216,0.5784,0.5107,0.4904,VERY_HIGH,26422.61,17.34
L1723,A,0.0917,0.9083,0.8798,0.8149,MEDIUM,27078.06,19.3
L1724,D,0.1739,0.8261,0.7983,0.7241,HIGH,9148.27,19.24
L1725,A,0.4186,0.5814,0.5228,0.4944,VERY_HIGH,33985.34,15.26
L1726,C,0.0372,0.9628,0.931,0.9052,LOW,29630.96,9.81
L1727,G,0.0506,0.9494,0.9235,0.878,MEDIUM,11134.5,23.63
L1728,E,0.0816,0.9184,0.8884,0.8124,MEDIUM,10584.95,8.18
L1729,D,0.2719,0.7281,0.6527,0.6002,HIGH,8769.83,7.6
L1730,B,0.0762,0.9238,0.8545,0.8029,MEDIUM,9151.36,22.75
L1731,D,0.436,0.564,0.5228,0.4943,VERY_HIGH,27444.85,10.22
L1732,C,0.2066,0.7934,0.7341,0.7141,HIGH,19089.63,12.67
L1733,C,0.2307,0.7693,0.7171,0.6485,HIGH,28488.03,16.88
L1734,A,0.1185,0.8815,0.8209,0.7956,MEDIUM,27387.65,16.23
L1735,E,0.2172,0.7828,0.7218,0.6638,HIGH,23138.38,22.71
L1736,C,0.3012,0.6988,0.6411,0.5662,VERY_HIGH,25591.0,20.59
L1737,B,0.3405,0.6595,0.6235,0.591,VERY_HIGH,5550.67,21.11
L1738,C,0.3417,0.6583,0.636,0.5761,VERY_HIGH,14353.33,22.85
L1739,C,0.2643,0.7357,0.6884,0.6637,HIGH,24134.67,12.32
L1740,E,0.4079,0.5921,0.5186,0.4624,VERY_HIGH,5280.35,13.06
L1741,D,0.3697,0.6303,0.5761,0.5463,VERY_HIGH,5989.31,15.95
L1742,D,0.3431,0.6569,0.587,0.5228,VERY_HIGH,30556.64,12.69
L1743,A,0.0345,0.9655,0.886,0.8479,LOW,25520.75,29.62
L1744,C,0.013,0.987,0.9572,0.9094,LOW,12961.09,25.35
L1745,C,0.1035,0.8965,0.835,0.779,MEDIUM,25638.89,9.12
L1746,A,0.302,0.698,0.6375,0.6072,VERY_HIGH,28773.7,5.14
L1747,B,0.1909,0.8091,0.7303,0.6658,HIGH,14203.83,6.07
L1748,D,0.1871,0.8129,0.7338,0.6956,HIGH,6081.12,11.1
L1749,A,0.3992,0.6008,0.5396,0.4799,VERY_HIGH,32983.37,7.86
L1750,C,0.404,0.596,0.5614,0.5319,VERY_HIGH,15355.4,18.33
L1751,B,0.41,0.59,0.5221,0.4608,VERY_HIGH,8194.45,26.45
L1752,A,0.1481,0.8519,0.8255,0.7978,MEDIUM,19755.71,23.42
L1753,B,0.3141,0.6859,0.6191,0.5736,VERY_HIGH,28054.03,10.39
L1754,G,0.1295,0.8705,0.7959,0.7611,MEDIUM,11649.42,14.98
L1755,E,0.0939,0.9061,0.8631,0.7982,MEDIUM,13084.7,17.7
L1756,F,0.0912,0.9088,0.851,0.8153,MEDIUM,12281.45,25.26
L1757,C,0.1605,0.8395,0.7937,0.7208,HIGH,34750.19,25.98
L1758,A,0.1992,0.8008,0.7545,0.681,HIGH,10922.11,27.74
L1759,C,0.3756,0.6244,0.5858,0.554,VERY_HIGH,22265.61,17.73
L1760,C,0.0628,0.9372,0.8715,0.8147,MEDIUM,32757.94,22.36
L1761,E,0.3334,0.6666,0.5904,0.5651,VERY_HIGH,9406.9,7.8
L1762,A,0.2438,0.7562,0.6798,0.6363,HIGH,34125.63,19.13
L1763,C,0.1367,0.8633,0.8328,0.77,MEDIUM,33424.32,11.22
L1764,B,0.2268,0.7732,0.7007,0.6411,HIGH,31537.16,15.79
L1765,B,0.142,0.858,0.7938,0.7363,MEDIUM,11436.7,20.85
L1766,D,0.2723,0.7277,0.6925,0.6555,HIGH,24021.65,11.42
L1767,C,0.2009,0.7991,0.7751,0.7324,HIGH,27826.74,6.3
L1768,C,0.0823,0.9177,0.8816,0.8554,MEDIUM,34580.84,5.26
L1769,C,0.0613,0.9387,0.864,0.8009,MEDIUM,10412.71,5.55
L1770,C,0.2505,0.7495,0.6915,0.6413,HIGH,27980.78,5.21
L1771,D,0.4071,0.5929,0.5296,0.4671,VERY_HIGH,15164.04,7.76
L1772,E,0.1613,0.8387,0.8033,0.7684,HIGH,10268.79,10.99
L1773,F,0.3325,0.6675,0.6043,0.5648,VERY_HIGH,17641.31,10.53
L1774,D,0.2998,0.7002,0.6785,0.6384,HIGH,28815.08,29.67
L1775,B,0.4199,0.5801,0.5376,0.5161,VERY_HIGH,18945.49,12.65
L1776,D,0.3712,0.6288,0.5712,0.5307,VERY_HIGH,21125.69,8.19
L1777,C,0.2593,0.7407,0.7119,0.6437,HIGH,34854.78,18.64
L1778,B,0.2991,0.7009,0.6315,0.5577,HIGH,16973.28,26.45
L1779,E,0.4053,0.5947,0.5606,0.5095,VERY_HIGH,23462.02,21.95
L1780,A,0.1858,0.8142,0.7551,0.7078,HIGH,15957.33,12.4
L1781,E,0.1538,0.8462,0.8019,0.7801,HIGH,16783.57,19.04
L1782,C,0.0148,0.9852,0.9294,0.8566,LOW,25869.22,22.87
L1783,D,0.3737,0.6263,0.5999,0.5791,VERY_HIGH,33136.61,23.2
L1784,D,0.3624,0.6376,0.6166,0.5399,VERY_HIGH,21270.77,21.66
L1785,E,0.056,0.944,0.8694,0.82,MEDIUM,28052.0,26.77
L1786,D,0.2638,0.7362,0.7,0.6595,HIGH,7676.2,26.75
L1787,D,0.2142,0.7858,0.7166,0.6411,HIGH,11334.74,19.47
L1788,A,0.0622,0.9378,0.8578,0.8363,MEDIUM,20063.95,15.75
L1789,C,0.4415,0.5585,0.5258,0.4709,VERY_HIGH,5600.35,21.04
L1790,B,0.1045,0.8955,0.8596,0.8067,MEDIUM,12585.65,25.46
L1791,D,0.0396,0.9604,0.9006,0.8674,LOW,20522.04,5.14
L1792,C,0.2717,0.7283,0.6504,0.6047,HIGH,5448.84,29.8
L1793,D,0.3351,0.6649,0.59,0.5309,VERY_HIGH,12936.39,9.57
L1794,A,0.0243,0.9757,0.9255,0.8619,LOW,20420.92,16.76
L1795,A,0.2998,0.7002,0.6325,0.6125,HIGH,22194.48,26.8
L1796,D,0.2442,0.7558,0.7277,0.6515,HIGH,32772.55,10.63
L1797,A,0.0554,0.9446,0.866,0.8361,MEDIUM,24360.37,16.92
L1798,A,0.0859,0.9141,0.8362,0.8022,MEDIUM,17442.07,8.31
L1799,A,0.2599,0.7401,0.7103,0.6745,HIGH,32910.54,14.88
L1800,F,0.1404,0.8596,0.8216,0.7993,MEDIUM,28546.49,9.43
L1801,D,0.4229,0.5771,0.5511,0.5237,VERY_HIGH,11000.27,14.09
L1802,C,0.3702,0.6298,0.5935,0.5143,VERY_HIGH,8925.27,14.34
L1803,B,0.4428,0.5572,0.4882,0.4493,VERY_HIGH,25274.35,29.83
L1804,B,0.1243,0.8757,0.833,0.8061,MEDIUM,21796.49,29.87
L1805,D,0.4367,0.5633,0.538,0.5116,VERY_HIGH,28690.21,7.87
L1806,D,0.1997,0.8003,0.7598,0.6966,HIGH,27164.15,23.15
L1807,B,0.1629,0.8371,0.7582,0.6869,HIGH,23756.35,6.29
L1808,B,0.0322,0.9678,0.91,0.8746,LOW,34591.47,5.75
L1809,A,0.0332,0.9668,0.9218,0.9005,LOW,21007.69,7.63
L1810,D,0.3145,0.6855,0.6555,0.6221,VERY_HIGH,8393.17,29.14
L1811,D,0.2115,0.7885,0.7093,0.6859,HIGH,29848.21,28.52
L1812,B,0.1097,0.8903,0.821,0.7948,MEDIUM,12555.6,9.85
L1813,A,0.2801,0.7199,0.683,0.6371,HIGH,28319.06,9.04
L1814,A,0.1213,0.8787,0.8545,0.8207,MEDIUM,33713.21,11.01
L1815,F,0.2642,0.7358,0.7124,0.6614,HIGH,25903.87,17.89
L1816,B,0.1681,0.8319,0.8047,0.7695,HIGH,22880.9,19.24
L1817,D,0.3724,0.6276,0.5728,0.4964,VERY_HIGH,18811.59,10.54
L1818,D,0.3711,0.6289,0.5532,0.4788,VERY_HIGH,15932.3,23.92
L1819,C,0.22,0.78,0.7302,0.6762,HIGH,15590.14,12.74
L1820,B,0.1644,0.8356,0.765,0.7237,HIGH,24091.18,28.05
L1821,A,0.1695,0.8305,0.7837,0.7408,HIGH,27538.19,21.42
L1822,D,0.3645,0.6355,0.573,0.5283,VERY_HIGH,25355.51,15.91
L1823,D,0.1544,0.8456,0.7817,0.718,HIGH,10952.3,24.75
L1824,D,0.102,0.898,0.8676,0.8205,MEDIUM,19819.62,25.45
L1825,C,0.0473,0.9527,0.911,0.8396,LOW,28749.2,12.26
L1826,A,0.2153,0.7847,0.7265,0.6499,HIGH,19271.12,13.49
L1827,F,0.2221,0.7779,0.7537,0.7135,HIGH,21098.7,28.4
L1828,D,0.38,0.62,0.5783,0.5247,VERY_HIGH,28134.08,9.12
L1829,B,0.1073,0.8927,0.8406,0.8149,MEDIUM,24837.96,6.05
L1830,G,0.1776,0.8224,0.7426,0.7106,HIGH,17280.35,16.35
L1831,D,0.3657,0.6343,0.5858,0.541,VERY_HIGH,31862.38,25.03
L1832,C,0.3724,0.6276,0.5586,0.5262,VERY_HIGH,9877.01,24.29
L1833,D,0.1792,0.8208,0.7749,0.7023,HIGH,34865.49,27.99
L1834,E,0.212,0.788,0.7202,0.6907,HIGH,8565.58,18.33
L1835,D,0.1434,0.8566,0.8009,0.7536,MEDIUM,5448.5,7.5
L1836,A,0.4203,0.5797,0.5065,0.4502,VERY_HIGH,31700.57,19.72
L1837,B,0.0622,0.9378,0.8931,0.8316,MEDIUM,12348.61,24.46
L1838,F,0.4208,0.5792,0.5229,0.4799,VERY_HIGH,26890.99,7.33
L1839,B,0.3109,0.6891,0.6313,0.5592,VERY_HIGH,29330.46,9.32
L1840,C,0.2439,0.7561,0.7111,0.657,HIGH,30769.59,5.31
L1841,C,0.0244,0.9756,0.9469,0.9005,LOW,34747.83,19.84
L1842,C,0.2193,0.7807,0.7551,0.7311,HIGH,13821.19,27.17
L1843,D,0.1894,0.8106,0.7896,0.7417,HIGH,26307.3,21.77
L1844,F,0.0809,0.9191,0.8467,0.7775,MEDIUM,8462.0,29.55
L1845,B,0.2988,0.7012,0.667,0.6101,HIGH,17204.28,6.58
L1846,A,0.4373,0.5627,0.53,0.4601,VERY_HIGH,30439.15,27.58
L1847,B,0.2574,0.7426,0.6784,0.6288,HIGH,16029.74,25.35
L1848,E,0.3245,0.6755,0.6363,0.6092,VERY_HIGH,22732.86,12.86
L1849,D,0.0401,0.9599,0.9095,0.8887,LOW,20113.2,29.34
L1850,B,0.1938,0.8062,0.7764,0.7382,HIGH,24378.55,12.2
L1851,E,0.0612,0.9388,0.8612,0.7993,MEDIUM,34186.83,27.23
L1852,E,0.2796,0.7204,0.6493,0.5819,HIGH,6672.07,27.02
L1853,E,0.4229,0.5771,0.5053,0.4676,VERY_HIGH,22218.85,23.94
L1854,E,0.3012,0.6988,0.6544,0.6047,VERY_HIGH,30890.86,19.09
L1855,B,0.0438,0.9562,0.8905,0.8452,LOW,19441.48,8.0
L1856,D,0.1661,0.8339,0.8053,0.7607,HIGH,7355.82,18.3
L1857,C,0.2523,0.7477,0.7272,0.6933,HIGH,21816.18,13.92
L1858,E,0.1874,0.8126,0.7914,0.7632,HIGH,14962.22,24.81
L1859,D,0.3768,0.6232,0.568,0.5362,VERY_HIGH,9648.25,23.95
L1860,D,0.3685,0.6315,0.5842,0.5609,VERY_HIGH,30471.04,27.77
L1861,D,0.2792,0.7208,0.6697,0.6378,HIGH,20647.99,5.37
L1862,B,0.1743,0.8257,0.8053,0.7847,HIGH,32998.29,25.23
L1863,C,0.1223,0.8777,0.8323,0.7747,MEDIUM,29180.5,28.46
L1864,G,0.0566,0.9434,0.8803,0.8413,MEDIUM,25789.15,24.73
L1865,F,0.1662,0.8338,0.7872,0.7088,HIGH,5150.77,8.25
L1866,A,0.1918,0.8082,0.7443,0.7127,HIGH,17834.7,7.03
L1867,B,0.3074,0.6926,0.6586,0.6179,VERY_HIGH,10924.59,5.52
L1868,A,0.2996,0.7004,0.6316,0.5901,HIGH,32323.94,20.72
L1869,D,0.0408,0.9592,0.9039,0.8834,LOW,10237.52,20.74
L1870,E,0.1839,0.8161,0.7835,0.7131,HIGH,13581.8,29.67
L1871,B,0.09,0.91,0.8758,0.8539,MEDIUM,20505.1,14.95
L1872,C,0.079,0.921,0.8633,0.7869,MEDIUM,12900.91,13.3
L1873,E,0.374,0.626,0.5562,0.4827,VERY_HIGH,11295.94,20.61
L1874,D,0.0284,0.9716,0.9267,0.8746,LOW,22972.98,25.64
L1875,C,0.1944,0.8056,0.7701,0.7175,HIGH,7667.89,28.42
L1876,C,0.084,0.916,0.844,0.7848,MEDIUM,6745.03,25.08
L1877,C,0.3969,0.6031,0.5429,0.4997,VERY_HIGH,16167.36,15.67
L1878,B,0.2551,0.7449,0.698,0.6392,HIGH,26619.93,20.87
L1879,C,0.1118,0.8882,0.8389,0.8162,MEDIUM,21644.2,26.41
L1880,D,0.2311,0.7689,0.7366,0.7134,HIGH,17686.29,17.27
L1881,E,0.3319,0.6681,0.6105,0.5631,VERY_HIGH,21972.55,10.42
L1882,D,0.4316,0.5684,0.5269,0.4739,VERY_HIGH,15963.54,9.24
L1883,D,0.107,0.893,0.8133,0.74,MEDIUM,33084.39,5.0
L1884,B,0.3999,0.6001,0.5513,0.525,VERY_HIGH,6647.15,22.96
L1885,C,0.4211,0.5789,0.5297,0.4603,VERY_HIGH,25201.74,7.78
L1886,A,0.4132,0.5868,0.5328,0.5002,VERY_HIGH,31738.48,11.1
L1887,B,0.2896,0.7104,0.6354,0.5918,HIGH,29116.54,12.45
L1888,D,0.2871,0.7129,0.6449,0.6059,HIGH,10521.23,19.01
L1889,G,0.1874,0.8126,0.7655,0.7215,HIGH,13877.79,14.95
L1890,A,0.3411,0.6589,0.5958,0.5668,VERY_HIGH,26511.44,21.87
L1891,C,0.2438,0.7562,0.701,0.6508,HIGH,7528.12,6.39
L1892,E,0.3081,0.6919,0.6424,0.5743,VERY_HIGH,29355.85,8.1
L1893,B,0.1985,0.8015,0.77,0.7235,HIGH,26567.21,17.48
L1894,C,0.3319,0.6681,0.6203,0.5709,VERY_HIGH,26888.2,13.42
L1895,D,0.3728,0.6272,0.5925,0.5216,VERY_HIGH,8007.24,12.4
L1896,D,0.0744,0.9256,0.8507,0.7883,MEDIUM,26532.82,6.68
L1897,B,0.3765,0.6235,0.5834,0.534,VERY_HIGH,25394.54,27.39
L1898,C,0.2477,0.7523,0.6752,0.6397,HIGH,29927.67,22.3
L1899,D,0.3817,0.6183,0.5663,0.4932,VERY_HIGH,6247.88,8.04
L1900,C,0.1998,0.8002,0.7423,0.6877,HIGH,5693.32,6.63
L1901,A,0.1768,0.8232,0.7706,0.7373,HIGH,16190.21,29.37
L1902,D,0.4126,0.5874,0.5596,0.5235,VERY_HIGH,9463.65,22.03
L1903,A,0.1205,0.8795,0.837,0.7688,MEDIUM,21751.53,15.44
L1904,D,0.3815,0.6185,0.5926,0.57,VERY_HIGH,32520.47,22.54
L1905,B,0.223,0.777,0.7196,0.6401,HIGH,16744.39,23.91
L1906,F,0.2362,0.7638,0.717,0.6892,HIGH,30348.51,24.5
L1907,C,0.1457,0.8543,0.7876,0.7198,MEDIUM,5007.23,16.95
L1908,B,0.2621,0.7379,0.7047,0.661,HIGH,10055.44,15.75
L1909,A,0.1531,0.8469,0.817,0.7675,HIGH,5912.71,5.28
L1910,B,0.0273,0.9727,0.9283,0.8555,LOW,14844.42,28.16
L1911,E,0.1297,0.8703,0.7947,0.7499,MEDIUM,32245.69,20.08
L1912,G,0.0128,0.9872,0.9246,0.8724,LOW,7908.56,10.08
L1913,C,0.4405,0.5595,0.5144,0.4914,VERY_HIGH,23192.29,27.99
L1914,C,0.4349,0.5651,0.5141,0.494,VERY_HIGH,18544.88,27.87
L1915,D,0.1839,0.8161,0.791,0.7563,HIGH,33154.05,29.73
L1916,E,0.3305,0.6695,0.5904,0.5296,VERY_HIGH,8675.57,26.85
L1917,C,0.1622,0.8378,0.7778,0.7505,HIGH,11360.84,29.94
L1918,C,0.3053,0.6947,0.6576,0.6308,VERY_HIGH,5886.26,11.12
L1919,C,0.3644,0.6356,0.5805,0.5358,VERY_HIGH,18018.06,26.06
L1920,D,0.4266,0.5734,0.5468,0.4879,VERY_HIGH,13334.99,25.58
L1921,A,0.1861,0.8139,0.7359,0.6732,HIGH,31097.18,10.77
L1922,D,0.3547,0.6453,0.6148,0.5841,VERY_HIGH,23148.22,7.46
L1923,C,0.127,0.873,0.8141,0.7893,MEDIUM,23422.72,29.49
L1924,D,0.4457,0.5543,0.5196,0.4432,VERY_HIGH,20957.32,12.4
L1925,A,0.0213,0.9787,0.9156,0.88,LOW,7755.51,26.77
L1926,C,0.2756,0.7244,0.6578,0.5866,HIGH,18350.56,5.1
L1927,C,0.3002,0.6998,0.6394,0.5676,VERY_HIGH,34985.16,5.53
L1928,D,0.3127,0.6873,0.6304,0.564,VERY_HIGH,30056.88,16.65
L1929,A,0.063,0.937,0.8635,0.8334,MEDIUM,31803.77,10.97
L1930,C,0.423,0.577,0.5523,0.483,VERY_HIGH,29696.79,22.25
L1931,C,0.0897,0.9103,0.8704,0.8042,MEDIUM,8091.25,19.14
L1932,C,0.284,0.716,0.6811,0.6253,HIGH,11823.45,6.94
L1933,D,0.108,0.892,0.8127,0.7725,MEDIUM,5093.65,9.07
L1934,D,0.1452,0.8548,0.8114,0.7756,MEDIUM,14105.3,14.7
L1935,E,0.2504,0.7496,0.6856,0.6583,HIGH,8258.22,9.64
L1936,B,0.1936,0.8064,0.7453,0.6947,HIGH,19183.8,24.81
L1937,E,0.0805,0.9195,0.8868,0.8317,MEDIUM,25313.82,15.4
L1938,C,0.0852,0.9148,0.8805,0.8389,MEDIUM,31235.16,7.34
L1939,A,0.194,0.806,0.7691,0.7206,HIGH,27476.51,17.11
L1940,A,0.3432,0.6568,0.6121,0.5703,VERY_HIGH,33157.57,7.27
L1941,B,0.4051,0.5949,0.5608,0.5023,VERY_HIGH,6616.95,8.22
L1942,D,0.047,0.953,0.9318,0.8577,LOW,5365.4,10.99
L1943,D,0.183,0.817,0.7442,0.7144,HIGH,24840.14,26.49
L1944,D,0.0541,0.9459,0.868,0.8251,MEDIUM,13680.57,28.12
L1945,C,0.0173,0.9827,0.9422,0.9137,LOW,12605.03,25.66
L1946,C,0.3012,0.6988,0.6585,0.601,VERY_HIGH,14926.61,13.35
L1947,A,0.2751,0.7249,0.7045,0.6408,HIGH,13093.88,11.81
L1948,B,0.0817,0.9183,0.8575,0.7816,MEDIUM,20343.09,18.73
L1949,C,0.1129,0.8871,0.8176,0.7809,MEDIUM,18204.45,23.05
L1950,A,0.0204,0.9796,0.9508,0.8738,LOW,20372.86,29.83
L1951,B,0.3774,0.6226,0.593,0.5692,VERY_HIGH,25181.41,8.29
L1952,C,0.4389,0.5611,0.4937,0.4375,VERY_HIGH,16613.92,6.23
L1953,D,0.0696,0.9304,0.8734,0.85,MEDIUM,12539.23,22.36
L1954,G,0.1118,0.8882,0.8655,0.7919,MEDIUM,9986.02,25.81
L1955,F,0.3921,0.6079,0.5505,0.4987,VERY_HIGH,15484.22,26.16
L1956,D,0.4176,0.5824,0.5439,0.4837,VERY_HIGH,27254.19,21.96
L1957,C,0.1946,0.8054,0.7633,0.6934,HIGH,27701.15,28.85
L1958,D,0.0323,0.9677,0.9015,0.8725,LOW,25007.16,17.78
L1959,D,0.0273,0.9727,0.904,0.8817,LOW,12020.85,27.85
L1960,A,0.2625,0.7375,0.6935,0.6208,HIGH,22642.59,29.2
L1961,C,0.1829,0.8171,0.7403,0.7014,HIGH,22120.69,26.18
L1962,E,0.0226,0.9774,0.933,0.9053,LOW,19527.99,12.74
L1963,C,0.2666,0.7334,0.6671,0.619,HIGH,21499.37,9.91
L1964,C,0.015,0.985,0.936,0.8801,LOW,19753.72,18.7
L1965,C,0.3564,0.6436,0.5697,0.5478,VERY_HIGH,21963.69,16.33
L1966,B,0.1448,0.8552,0.7807,0.7442,MEDIUM,26465.18,26.94
L1967,C,0.0277,0.9723,0.9471,0.9251,LOW,8288.85,7.5
L1968,B,0.2689,0.7311,0.6549,0.6097,HIGH,27488.77,11.44
L1969,A,0.185,0.815,0.7455,0.6718,HIGH,9076.58,23.79
L1970,A,0.4385,0.5615,0.494,0.415,VERY_HIGH,6998.84,7.37
L1971,E,0.2494,0.7506,0.7185,0.6603,HIGH,34282.39,13.02
L1972,B,0.1311,0.8689,0.8006,0.7709,MEDIUM,33709.75,14.68
L1973,C,0.3222,0.6778,0.6068,0.5324,VERY_HIGH,6813.1,20.56
L1974,B,0.1295,0.8705,0.8332,0.7822,MEDIUM,18297.6,8.95
L1975,F,0.4079,0.5921,0.515,0.4858,VERY_HIGH,10587.35,26.52
L1976,B,0.1749,0.8251,0.8021,0.7268,HIGH,19560.35,16.19
L1977,C,0.2519,0.7481,0.7191,0.6537,HIGH,29905.32,27.93
L1978,E,0.0323,0.9677,0.9154,0.8515,LOW,33518.35,16.7
L1979,E,0.1975,0.8025,0.748,0.6854,HIGH,24027.58,11.88
L1980,B,0.3762,0.6238,0.5651,0.5331,VERY_HIGH,15617.17,8.55
L1981,E,0.3645,0.6355,0.6145,0.5818,VERY_HIGH,23099.77,5.09
L1982,C,0.1087,0.8913,0.8137,0.7524,MEDIUM,14360.04,18.3
L1983,C,0.1095,0.8905,0.8678,0.8346,MEDIUM,32294.71,7.68
L1984,A,0.3696,0.6304,0.6018,0.5555,VERY_HIGH,31112.01,14.79
L1985,A,0.4194,0.5806,0.5598,0.4929,VERY_HIGH,21746.95,19.73
L1986,D,0.052,0.948,0.894,0.827,MEDIUM,14743.97,11.89
L1987,C,0.208,0.792,0.7161,0.6689,HIGH,13801.69,9.38
L1988,C,0.1585,0.8415,0.7815,0.714,HIGH,6002.54,24.37
L1989,D,0.3931,0.6069,0.5375,0.4672,VERY_HIGH,29474.63,28.67
L1990,D,0.0468,0.9532,0.9324,0.8731,LOW,18511.5,7.51
L1991,B,0.1029,0.8971,0.8446,0.8109,MEDIUM,14753.99,8.89
L1992,D,0.3411,0.6589,0.6113,0.5749,VERY_HIGH,19133.31,29.0
L1993,A,0.0326,0.9674,0.9175,0.8786,LOW,29562.14,5.94
L1994,D,0.2267,0.7733,0.749,0.722,HIGH,8738.43,29.44
L1995,D,0.2045,0.7955,0.7344,0.698,HIGH,30729.68,5.12
L1996,F,0.1571,0.8429,0.7927,0.7601,HIGH,31925.27,26.84
L1997,A,0.1836,0.8164,0.7505,0.7032,HIGH,33401.24,12.68
L1998,A,0.2432,0.7568,0.7077,0.6332,HIGH,16924.64,28.46
L1999,B,0.081,0.919,0.89,0.8637,MEDIUM,11514.21,12.92
